#
# A fatal error has been detected by the Java Runtime Environment:
#
#  EXCEPTION_ACCESS_VIOLATION (0xc0000005) at pc=0x00007ffefd20358f, pid=2012, tid=30412
#
# JRE version: OpenJDK Runtime Environment JBR-21.0.4+13-509.26-jcef (21.0.4+13) (build 21.0.4+13-b509.26)
# Java VM: OpenJDK 64-Bit Server VM JBR-21.0.4+13-509.26-jcef (21.0.4+13-b509.26, mixed mode, tiered, compressed oops, compressed class ptrs, g1 gc, windows-amd64)
# Problematic frame:
# V  [jvm.dll+0x25358f]
#
# No core dump will be written. Minidumps are not enabled by default on client versions of Windows
#
# If you would like to submit a bug report, please visit:
#   https://youtrack.jetbrains.com/issues/JBR
#

---------------  S U M M A R Y ------------

Command Line: abort vfprintf -XX:ErrorFile=C:\Users\HLC_2021\java_error_in_rider_%p.log -XX:HeapDumpPath=C:\Users\HLC_2021\java_error_in_rider.hprof -Xms128m -Xmx2048m -XX:+HeapDumpOnOutOfMemoryError -XX:-OmitStackTraceInFastThrow -XX:+IgnoreUnrecognizedVMOptions -ea -Dsun.io.useCanonCaches=false -Dsun.java2d.metal=true -Djbr.catch.SIGABRT=true -Djdk.http.auth.tunneling.disabledSchemes="" -Djdk.attach.allowAttachSelf=true -Djdk.module.illegalAccess.silent=true -Dkotlinx.coroutines.debug=off -XX:CICompilerCount=2 -XX:ReservedCodeCacheSize=512m -XX:+UnlockDiagnosticVMOptions -XX:TieredOldPercentage=100000 -Xms128m -Xmx4075m -XX:ReservedCodeCacheSize=512m -XX:+IgnoreUnrecognizedVMOptions -XX:+UseG1GC -XX:SoftRefLRUPolicyMSPerMB=50 -XX:CICompilerCount=2 -XX:+HeapDumpOnOutOfMemoryError -XX:-OmitStackTraceInFastThrow -ea -Dsun.io.useCanonCaches=false -Djdk.http.auth.tunneling.disabledSchemes="" -Djdk.attach.allowAttachSelf=true -Djdk.module.illegalAccess.silent=true -Dkotlinx.coroutines.debug=off -XX:ErrorFile=$USER_HOME/java_error_in_idea_%p.log -XX:HeapDumpPath=$USER_HOME/java_error_in_idea.hprof --add-opens=java.base/jdk.internal.org.objectweb.asm=ALL-UNNAMED --add-opens=java.base/jdk.internal.org.objectweb.asm.tree=ALL-UNNAMED -javaagent:C:\Users\HLC_2021\Downloads\jetbra-ded4f9dc4fcb60294b21669dafa90330f2713ce4 (1)\jetbra\ja-netfilter.jar=jetbrains -Djb.vmOptionsFile=C:\Users\HLC_2021\Downloads\jetbra-ded4f9dc4fcb60294b21669dafa90330f2713ce4 (1)\jetbra\vmoptions\rider.vmoptions -Djava.system.class.loader=com.intellij.util.lang.PathClassLoader -Didea.vendor.name=JetBrains -Didea.paths.selector=Rider2024.2 -Djna.boot.library.path=C:\Program Files\JetBrains\JetBrains Rider 2024.2.7/lib/jna/amd64 -Dpty4j.preferred.native.folder=C:\Program Files\JetBrains\JetBrains Rider 2024.2.7/lib/pty4j -Djna.nosys=true -Djna.noclasspath=true -Dintellij.platform.runtime.repository.path=C:\Program Files\JetBrains\JetBrains Rider 2024.2.7/modules/module-descriptors.jar -Didea.platform.prefix=Rider -Dide.native.launcher=true -Didea.class.before.app=com.jetbrains.rider.protocol.EarlyBackendStarter -Didea.show.customize.ide.wizard=true -DFilePageCache.THROW_ERROR_ON_DUPLICATE_STORAGE_REGISTRATION=false -Dsplash=true -Daether.connector.resumeDownloads=false --add-opens=java.base/java.io=ALL-UNNAMED --add-opens=java.base/java.lang=ALL-UNNAMED --add-opens=java.base/java.lang.ref=ALL-UNNAMED --add-opens=java.base/java.lang.reflect=ALL-UNNAMED --add-opens=java.base/java.net=ALL-UNNAMED --add-opens=java.base/java.nio=ALL-UNNAMED --add-opens=java.base/java.nio.charset=ALL-UNNAMED --add-opens=java.base/java.text=ALL-UNNAMED --add-opens=java.base/java.time=ALL-UNNAMED --add-opens=java.base/java.util=ALL-UNNAMED --add-opens=java.base/java.util.concurrent=ALL-UNNAMED --add-opens=java.base/java.util.concurrent.atomic=ALL-UNNAMED --add-opens=java.base/java.util.concurrent.locks=ALL-UNNAMED --add-opens=java.base/jdk.internal.vm=ALL-UNNAMED --add-opens=java.base/sun.net.dns=ALL-UNNAMED --add-opens=java.base/sun.nio.ch=ALL-UNNAMED --add-opens=java.base/sun.nio.fs=ALL-UNNAMED --add-opens=java.base/sun.security.ssl=ALL-UNNAMED --add-opens=java.base/sun.security.util=ALL-UNNAMED --add-opens=java.desktop/com.sun.java.swing=ALL-UNNAMED --add-opens=java.desktop/java.awt=ALL-UNNAMED --add-opens=java.desktop/java.awt.dnd.peer=ALL-UNNAMED --add-opens=java.desktop/java.awt.event=ALL-UNNAMED --add-opens=java.desktop/java.awt.font=ALL-UNNAMED --add-opens=java.desktop/java.awt.image=ALL-UNNAMED --add-opens=java.desktop/java.awt.peer=ALL-UNNAMED --add-opens=java.desktop/javax.swing=ALL-UNNAMED --add-opens=java.desktop/javax.swing.plaf.basic=ALL-UNNAMED --add-opens=java.desktop/javax.swing.text=ALL-UNNAMED --add-opens=java.desktop/javax.swing.text.html=ALL-UNNAMED --add-opens=java.desktop/sun.awt=ALL-UNNAMED --add-opens=java.desktop/sun.awt.datatransfer=ALL-UNNAMED --add-opens=java.desktop/sun.awt.image=ALL-UNNAMED --add-opens=java.desktop/sun.awt.windows=ALL-UNNAMED --add-opens=java.desktop/sun.font=ALL-UNNAMED --add-opens=java.desktop/sun.java2d=ALL-UNNAMED --add-opens=java.desktop/sun.swing=ALL-UNNAMED --add-opens=java.management/sun.management=ALL-UNNAMED --add-opens=jdk.attach/sun.tools.attach=ALL-UNNAMED --add-opens=jdk.compiler/com.sun.tools.javac.api=ALL-UNNAMED --add-opens=jdk.internal.jvmstat/sun.jvmstat.monitor=ALL-UNNAMED --add-opens=jdk.jdi/com.sun.tools.jdi=ALL-UNNAMED -Dide.native.launcher=true -Djcef.sandbox.ptr=0000023062552090 -Djcef.sandbox.cefVersion=122.1.9+gd14e051+chromium-122.0.6261.94 com.intellij.idea.Main E:\Project\SD Playable Ads\SD Playable Ads.sln --line -1 --column -1 E:\Project\SD Playable Ads\Assets\Script\Bot\Bot.cs

Host: 11th Gen Intel(R) Core(TM) i7-11700 @ 2.50GHz, 16 cores, 31G,  Windows 11 , 64 bit Build 22621 (10.0.22621.3672)
Time: Sat Nov  2 09:44:02 2024 SE Asia Standard Time elapsed time: 3494.288380 seconds (0d 0h 58m 14s)

---------------  T H R E A D  ---------------

Current thread (0x00000230715da620):  JavaThread "C2 CompilerThread0" daemon [_thread_in_native, id=30412, stack(0x000000320d300000,0x000000320d400000) (1024K)]


Current CompileTask:
C2:3494288 69198       4       com.jetbrains.rider.plugins.fsharp.projectView.FSharpSolutionExplorerCustomization::ignoreFoldersOnTop (11 bytes)

Stack: [0x000000320d300000,0x000000320d400000],  sp=0x000000320d3fd9e0,  free space=1014k
Native frames: (J=compiled Java code, j=interpreted, Vv=VM code, C=native code)
V  [jvm.dll+0x25358f]
V  [jvm.dll+0x708dfc]
V  [jvm.dll+0x24ee77]
V  [jvm.dll+0x1cd074]
V  [jvm.dll+0x25e88c]
V  [jvm.dll+0x25cdd6]
V  [jvm.dll+0x3fe076]
V  [jvm.dll+0x8688c8]
V  [jvm.dll+0x6e1f3d]
C  [ucrtbase.dll+0x29333]
C  [KERNEL32.DLL+0x1257d]
C  [ntdll.dll+0x5af28]


siginfo: EXCEPTION_ACCESS_VIOLATION (0xc0000005), reading address 0x0000000000000028


Registers:
RAX=0x0000000000000000, RBX=0x000000320d3fe6e0, RCX=0x000000000000001e, RDX=0x0000000000000094
RSP=0x000000320d3fd9e0, RBP=0x0000000000000000, RSI=0x000002314195add8, RDI=0x000000320d3fe590
R8 =0x0000000000000002, R9 =0x0000000000000109, R10=0x000002314335ec48, R11=0x000002314335ec58
R12=0x000000000000013e, R13=0x00000230e5882770, R14=0x000000320d3fe580, R15=0x0000000000000000
RIP=0x00007ffefd20358f, EFLAGS=0x0000000000010297


Register to memory mapping:

RAX=0x0 is null
RBX=0x000000320d3fe6e0 is pointing into the stack for thread: 0x00000230715da620
RCX=0x000000000000001e is an unknown value
RDX=0x0000000000000094 is an unknown value
RSP=0x000000320d3fd9e0 is pointing into the stack for thread: 0x00000230715da620
RBP=0x0 is null
RSI=0x000002314195add8 points into unknown readable memory: 0x00007ffefd9d5738 | 38 57 9d fd fe 7f 00 00
RDI=0x000000320d3fe590 is pointing into the stack for thread: 0x00000230715da620
R8 =0x0000000000000002 is an unknown value
R9 =0x0000000000000109 is an unknown value
R10=0x000002314335ec48 points into unknown readable memory: 0x00000231486ac158 | 58 c1 6a 48 31 02 00 00
R11=0x000002314335ec58 points into unknown readable memory: 0x0000000000000000 | 00 00 00 00 00 00 00 00
R12=0x000000000000013e is an unknown value
R13=0x00000230e5882770 points into unknown readable memory: 0x000000320d3fe810 | 10 e8 3f 0d 32 00 00 00
R14=0x000000320d3fe580 is pointing into the stack for thread: 0x00000230715da620
R15=0x0 is null

Top of Stack: (sp=0x000000320d3fd9e0)
0x000000320d3fd9e0:   000000320d3fe6e0 0000023143364368
0x000000320d3fd9f0:   000000320d3fe6e0 00000000000012f7
0x000000320d3fda00:   0000000000000000 000000320d3fe580
0x000000320d3fda10:   0000023062530a70 000000320d3fdc20
0x000000320d3fda20:   000000320d3fe6e0 00007ffefd6b8dfc
0x000000320d3fda30:   00000230e58827e0 00000230e5886840
0x000000320d3fda40:   00000230e5882770 000000320d3fe6e0
0x000000320d3fda50:   0000000000000002 00007ffefd1fee77
0x000000320d3fda60:   00000230e5886840 000000320d3fdb60
0x000000320d3fda70:   000000320d3fe6e0 0000000000000001
0x000000320d3fda80:   0000023071626600 0000023071626790
0x000000320d3fda90:   000000320d3fe6e0 0000023071626730
0x000000320d3fdaa0:   000002307161b090 0000023071626c70
0x000000320d3fdab0:   0000023071620000 0000000000000000
0x000000320d3fdac0:   0000023071626d90 0000023071626d00
0x000000320d3fdad0:   0000023071626e50 00007ffefd9b776c
0x000000320d3fdae0:   0000000000000000 0000000000000000
0x000000320d3fdaf0:   0000000000000000 00007ffefd9b776c
0x000000320d3fdb00:   0000023071626800 00000230716269d0
0x000000320d3fdb10:   00000230715ce1f0 000002314297fad0
0x000000320d3fdb20:   0000023142987a70 0000023142987ab8
0x000000320d3fdb30:   0000000000018360 00007ffefd3a0000
0x000000320d3fdb40:   0000000000000000 0000023071627030
0x000000320d3fdb50:   0000023071627000 0000023071627390
0x000000320d3fdb60:   0000000000000000 0000000000000000
0x000000320d3fdb70:   0000000000000000 0000000000000000
0x000000320d3fdb80:   0000023071626a90 0000023071626c00
0x000000320d3fdb90:   0000023071626b50 00007ffefd9d6278
0x000000320d3fdba0:   0000000000000000 00000230716270f0
0x000000320d3fdbb0:   0000023071627150 00000230716271b0
0x000000320d3fdbc0:   00007ffefd9f9898 0000023000000001
0x000000320d3fdbd0:   000000320d3fe6e0 000000320d3ff4a0 

Instructions: (pc=0x00007ffefd20358f)
0x00007ffefd20348f:   75 7b 48 83 b9 10 03 00 00 00 74 71 41 8b 50 28
0x00007ffefd20349f:   e8 5c e5 f7 ff 48 8b f0 48 85 c0 74 60 48 83 38
0x00007ffefd2034af:   00 74 5a 8b 53 28 48 8b cf e8 43 e5 f7 ff 48 85
0x00007ffefd2034bf:   c0 74 2d 48 8b 00 48 85 c0 74 25 8b 53 28 4c 8d
0x00007ffefd2034cf:   44 24 40 48 8b cf 48 89 44 24 40 e8 61 74 00 00
0x00007ffefd2034df:   48 8b 5c 24 30 48 8b 74 24 38 48 83 c4 20 5f c3
0x00007ffefd2034ef:   8b 53 28 4c 8b c6 48 8b cf 48 8b 5c 24 30 48 8b
0x00007ffefd2034ff:   74 24 38 48 83 c4 20 5f e9 34 74 00 00 48 8b 5c
0x00007ffefd20350f:   24 30 32 c0 48 8b 74 24 38 48 83 c4 20 5f c3 cc
0x00007ffefd20351f:   cc 48 89 5c 24 10 48 89 6c 24 18 56 57 41 55 41
0x00007ffefd20352f:   56 41 57 48 83 ec 20 33 ed 4c 89 64 24 50 4d 8b
0x00007ffefd20353f:   e8 48 8b fa 48 8b d9 44 8b e5 39 6a 18 0f 86 04
0x00007ffefd20354f:   01 00 00 48 8b 47 10 41 8b cc 41 ff c4 48 8b 34
0x00007ffefd20355f:   c8 8b 46 2c 83 e0 03 3c 03 75 09 48 8d 4e 48 e8
0x00007ffefd20356f:   4d 36 4e 00 44 8b 4e 20 44 8b c5 45 85 c9 7e 4d
0x00007ffefd20357f:   90 4c 8b 56 10 41 8b c0 4d 8d 1c c2 49 8b 04 c2
0x00007ffefd20358f:   8b 48 28 8b c1 c1 e8 05 3b 47 20 73 11 8b d0 83
0x00007ffefd20359f:   e1 1f 48 8b 47 28 8b 04 90 0f a3 c8 72 13 ff 4e
0x00007ffefd2035af:   20 41 ff c8 8b 46 20 41 ff c9 49 8b 04 c2 49 89
0x00007ffefd2035bf:   03 41 ff c0 45 3b c1 7c b8 44 8b 4e 20 41 83 f9
0x00007ffefd2035cf:   01 75 7a 48 8b ce e8 16 b3 46 00 84 c0 74 6e 48
0x00007ffefd2035df:   8b 46 10 4c 8b 38 45 8b 77 28 41 8b f6 c1 ee 05
0x00007ffefd2035ef:   41 3b 75 20 72 0b 8b d6 49 8d 4d 20 e8 a0 41 65
0x00007ffefd2035ff:   00 49 8b 45 28 41 83 e6 1f 48 8d 14 b0 41 0f b6
0x00007ffefd20360f:   ce 41 b8 01 00 00 00 41 d3 e0 8b 0a 8b c1 41 0b
0x00007ffefd20361f:   c0 89 02 41 85 c8 75 23 41 8b 75 18 8d 46 01 41
0x00007ffefd20362f:   89 45 18 41 3b 75 08 72 0a 8b d6 49 8b cd e8 be
0x00007ffefd20363f:   b0 46 00 49 8b 45 10 4c 89 3c f0 33 ed 44 3b 67
0x00007ffefd20364f:   18 0f 82 fc fe ff ff 44 8b 83 a0 01 00 00 41 83
0x00007ffefd20365f:   e8 01 4d 63 c8 78 5a 66 66 0f 1f 84 00 00 00 00
0x00007ffefd20366f:   00 4c 8b 93 a8 01 00 00 4b 8b 04 ca 8b 48 28 8b
0x00007ffefd20367f:   c1 c1 e8 05 3b 47 20 73 11 8b d0 83 e1 1f 48 8b 


Stack slot to memory mapping:

stack at sp + 0 slots: 0x000000320d3fe6e0 is pointing into the stack for thread: 0x00000230715da620
stack at sp + 1 slots: 0x0000023143364368 points into unknown readable memory: 0x00007ffefd9ad4e0 | e0 d4 9a fd fe 7f 00 00
stack at sp + 2 slots: 0x000000320d3fe6e0 is pointing into the stack for thread: 0x00000230715da620
stack at sp + 3 slots: 0x00000000000012f7 is an unknown value
stack at sp + 4 slots: 0x0 is null
stack at sp + 5 slots: 0x000000320d3fe580 is pointing into the stack for thread: 0x00000230715da620
stack at sp + 6 slots: 0x0000023062530a70 points into unknown readable memory: 0x0000000000000000 | 00 00 00 00 00 00 00 00
stack at sp + 7 slots: 0x000000320d3fdc20 is pointing into the stack for thread: 0x00000230715da620


---------------  P R O C E S S  ---------------

Threads class SMR info:
_java_thread_list=0x0000023141808df0, length=104, elements={
0x0000023062755510, 0x000002307158f910, 0x0000023071590830, 0x00000230715b9700,
0x00000230715c3530, 0x00000230715c3f90, 0x00000230715d54c0, 0x00000230715da620,
0x00000230715dd0d0, 0x00000230716a2c20, 0x00000230716a4cf0, 0x00000230716a2590,
0x00000230716a3940, 0x000002303ee02780, 0x000002303ee006b0, 0x000002303edff300,
0x000002303edfec70, 0x000002303ee020f0, 0x000002303edfbe80, 0x000002303f7340e0,
0x000002303f736ed0, 0x000002303f732010, 0x000002303f731980, 0x000002303f7333c0,
0x000002303f738fa0, 0x000002303f734770, 0x000002303f736840, 0x00000230498e0110,
0x00000230498e07a0, 0x00000230498e5660, 0x000002305d0c3f20, 0x000002305d0c45b0,
0x000002305d0be340, 0x000002305d5a1a30, 0x000002305d59f2d0, 0x000002305d59f960,
0x000002305dc30c00, 0x000002305dc2c3d0, 0x00000230c547a060, 0x00000230c5474b10,
0x00000230efe0f220, 0x00000230f07b39f0, 0x00000230f07ba980, 0x00000230f07bde00,
0x00000230efe12010, 0x00000230c5475830, 0x00000230fe3151a0, 0x00000230fe315830,
0x00000230fe311690, 0x00000230fe317900, 0x00000230fedc0850, 0x00000231117b5640,
0x000002312583a130, 0x00000230f0e25ca0, 0x00000230f0e23bd0, 0x00000230f0e35600,
0x000002312d86ad20, 0x000002312d885120, 0x0000023128924fe0, 0x0000023125847330,
0x00000230f07bb010, 0x00000230fe30e8a0, 0x00000231327ccce0, 0x00000231327cb2a0,
0x00000231327cb930, 0x00000231327cd370, 0x00000231327c9ef0, 0x00000231327cedb0,
0x00000231327ca580, 0x00000231327cda00, 0x00000231327ce090, 0x00000231327c7e20,
0x00000231327cf440, 0x00000231327d2f50, 0x00000231327d07f0, 0x00000231327d0e80,
0x00000231327d5020, 0x00000231327d3c70, 0x00000231327d84a0, 0x00000231327d7e10,
0x00000231327d8b30, 0x00000231327deda0, 0x00000231327dbfb0, 0x000002313867f590,
0x00000231386aa6a0, 0x00000231386aba50, 0x00000231386ac0e0, 0x00000231386ac770,
0x00000231386ace00, 0x000002312d8864d0, 0x000002312d8871f0, 0x000002312d88e810,
0x000002312d86e830, 0x00000231327b3c90, 0x00000231327b63f0, 0x0000023128912f20,
0x00000231327ae740, 0x00000231327b7e30, 0x00000231386a8c60, 0x00000231386978c0,
0x000002314842fba0, 0x000002314842c090, 0x00000231484308c0, 0x000002314842ba00
}

Java Threads: ( => current thread )
  0x0000023062755510 JavaThread "main"                              [_thread_blocked, id=1364, stack(0x000000320c400000,0x000000320c600000) (2048K)]
  0x000002307158f910 JavaThread "Reference Handler"          daemon [_thread_blocked, id=25440, stack(0x000000320cd00000,0x000000320ce00000) (1024K)]
  0x0000023071590830 JavaThread "Finalizer"                  daemon [_thread_blocked, id=28540, stack(0x000000320ce00000,0x000000320cf00000) (1024K)]
  0x00000230715b9700 JavaThread "Signal Dispatcher"          daemon [_thread_blocked, id=8308, stack(0x000000320cf00000,0x000000320d000000) (1024K)]
  0x00000230715c3530 JavaThread "Attach Listener"            daemon [_thread_blocked, id=29424, stack(0x000000320d000000,0x000000320d100000) (1024K)]
  0x00000230715c3f90 JavaThread "Service Thread"             daemon [_thread_blocked, id=29404, stack(0x000000320d100000,0x000000320d200000) (1024K)]
  0x00000230715d54c0 JavaThread "Monitor Deflation Thread"   daemon [_thread_blocked, id=28940, stack(0x000000320d200000,0x000000320d300000) (1024K)]
=>0x00000230715da620 JavaThread "C2 CompilerThread0"         daemon [_thread_in_native, id=30412, stack(0x000000320d300000,0x000000320d400000) (1024K)]
  0x00000230715dd0d0 JavaThread "C1 CompilerThread0"         daemon [_thread_blocked, id=30360, stack(0x000000320d400000,0x000000320d500000) (1024K)]
  0x00000230716a2c20 JavaThread "Common-Cleaner"             daemon [_thread_blocked, id=11564, stack(0x000000320d500000,0x000000320d600000) (1024K)]
  0x00000230716a4cf0 JavaThread "Notification Thread"        daemon [_thread_blocked, id=9236, stack(0x000000320db00000,0x000000320dc00000) (1024K)]
  0x00000230716a2590 JavaThread "DefaultDispatcher-worker-2" daemon [_thread_blocked, id=30616, stack(0x000000320dd00000,0x000000320de00000) (1024K)]
  0x00000230716a3940 JavaThread "DefaultDispatcher-worker-3" daemon [_thread_blocked, id=29568, stack(0x000000320de00000,0x000000320df00000) (1024K)]
  0x000002303ee02780 JavaThread "DefaultDispatcher-worker-4" daemon [_thread_blocked, id=13400, stack(0x000000320df00000,0x000000320e000000) (1024K)]
  0x000002303ee006b0 JavaThread "DefaultDispatcher-worker-6" daemon [_thread_blocked, id=28528, stack(0x000000320e100000,0x000000320e200000) (1024K)]
  0x000002303edff300 JavaThread "DefaultDispatcher-worker-7" daemon [_thread_blocked, id=24136, stack(0x000000320e200000,0x000000320e300000) (1024K)]
  0x000002303edfec70 JavaThread "DefaultDispatcher-worker-10" daemon [_thread_blocked, id=25536, stack(0x000000320e500000,0x000000320e600000) (1024K)]
  0x000002303ee020f0 JavaThread "DefaultDispatcher-worker-14" daemon [_thread_blocked, id=28032, stack(0x000000320e900000,0x000000320ea00000) (1024K)]
  0x000002303edfbe80 JavaThread "DefaultDispatcher-worker-16" daemon [_thread_blocked, id=30468, stack(0x000000320eb00000,0x000000320ec00000) (1024K)]
  0x000002303f7340e0 JavaThread "Java2D Disposer"            daemon [_thread_blocked, id=30492, stack(0x000000320f400000,0x000000320f500000) (1024K)]
  0x000002303f736ed0 JavaThread "AWT-Shutdown"                      [_thread_blocked, id=30496, stack(0x000000320f500000,0x000000320f600000) (1024K)]
  0x000002303f732010 JavaThread "AWT-Windows"                daemon [_thread_in_native, id=21540, stack(0x000000320f600000,0x000000320f700000) (1024K)]
  0x000002303f731980 JavaThread "External Command Listener"  daemon [_thread_in_native, id=28480, stack(0x000000320f800000,0x000000320f900000) (1024K)]
  0x000002303f7333c0 JavaThread "EventQueueMonitor-ComponentEvtDispatch" daemon [_thread_blocked, id=29812, stack(0x000000320f900000,0x000000320fa00000) (1024K)]
  0x000002303f738fa0 JavaThread "kotlinx.coroutines.DefaultExecutor" daemon [_thread_blocked, id=12936, stack(0x000000320fa00000,0x000000320fb00000) (1024K)]
  0x000002303f734770 JavaThread "Thread-19"                  daemon [_thread_in_native, id=1624, stack(0x000000320fb00000,0x000000320fc00000) (1024K)]
  0x000002303f736840 JavaThread "AWT-EventQueue-0"                  [_thread_blocked, id=29260, stack(0x000000320fc00000,0x000000320fd00000) (1024K)]
  0x00000230498e0110 JavaThread "EarlyStartServerWire/Sender" daemon [_thread_blocked, id=28620, stack(0x000000320ff00000,0x0000003210000000) (1024K)]
  0x00000230498e07a0 JavaThread "EarlyStartServerWire"       daemon [_thread_in_native, id=30008, stack(0x0000003210000000,0x0000003210100000) (1024K)]
  0x00000230498e5660 JavaThread "SerializersBackgroundRegistrar" daemon [_thread_blocked, id=30332, stack(0x0000003210100000,0x0000003210200000) (1024K)]
  0x000002305d0c3f20 JavaThread "Program"                           [_thread_in_native, id=26620, stack(0x0000003210300000,0x0000003210400000) (1024K)]
  0x000002305d0c45b0 JavaThread "BaseDataReader: output stream of Program"        [_thread_in_native, id=15784, stack(0x0000003210400000,0x0000003210500000) (1024K)]
  0x000002305d0be340 JavaThread "BaseDataReader: error stream of Program"        [_thread_in_native, id=6196, stack(0x0000003210500000,0x0000003210600000) (1024K)]
  0x000002305d5a1a30 JavaThread "DefaultDispatcher-worker-19" daemon [_thread_blocked, id=9540, stack(0x0000003210600000,0x0000003210700000) (1024K)]
  0x000002305d59f2d0 JavaThread "DefaultDispatcher-worker-21" daemon [_thread_blocked, id=29960, stack(0x0000003210800000,0x0000003210900000) (1024K)]
  0x000002305d59f960 JavaThread "PeriodicMetricReader"       daemon [_thread_blocked, id=23396, stack(0x0000003210c00000,0x0000003210d00000) (1024K)]
  0x000002305dc30c00 JavaThread "Coroutines Debugger Cleaner" daemon [_thread_blocked, id=9544, stack(0x0000003210d00000,0x0000003210e00000) (1024K)]
  0x000002305dc2c3d0 JavaThread "JVMResponsivenessMonitor"   daemon [_thread_blocked, id=26000, stack(0x0000003210e00000,0x0000003210f00000) (1024K)]
  0x00000230c547a060 JavaThread "pool-4-thread-1"                   [_thread_blocked, id=10760, stack(0x0000003210f00000,0x0000003211000000) (1024K)]
  0x00000230c5474b10 JavaThread "Periodic tasks thread"      daemon [_thread_blocked, id=8576, stack(0x0000003211000000,0x0000003211100000) (1024K)]
  0x00000230efe0f220 JavaThread "JNA Cleaner"                daemon [_thread_blocked, id=3664, stack(0x0000003211200000,0x0000003211300000) (1024K)]
  0x00000230f07b39f0 JavaThread "Netty Builtin Server 1"     daemon [_thread_in_native, id=28052, stack(0x0000003211400000,0x0000003211500000) (1024K)]
  0x00000230f07ba980 JavaThread "AndroidAdbSessionHost"             [_thread_in_native, id=30188, stack(0x0000003211500000,0x0000003211600000) (1024K)]
  0x00000230f07bde00 JavaThread "fsnotifier.exe"                    [_thread_in_native, id=29344, stack(0x0000003211600000,0x0000003211700000) (1024K)]
  0x00000230efe12010 JavaThread "BaseDataReader: output stream of fsnotifier.exe"        [_thread_in_native, id=28352, stack(0x0000003211700000,0x0000003211800000) (1024K)]
  0x00000230c5475830 JavaThread "BaseDataReader: error stream of fsnotifier.exe"        [_thread_in_native, id=21164, stack(0x0000003211800000,0x0000003211900000) (1024K)]
  0x00000230fe3151a0 JavaThread "DefaultDispatcher-worker-27" daemon [_thread_blocked, id=29828, stack(0x0000003211b00000,0x0000003211c00000) (1024K)]
  0x00000230fe315830 JavaThread "DefaultDispatcher-worker-29" daemon [_thread_blocked, id=30248, stack(0x0000003211e00000,0x0000003211f00000) (1024K)]
  0x00000230fe311690 JavaThread "DefaultDispatcher-worker-32" daemon [_thread_blocked, id=9428, stack(0x0000003212000000,0x0000003212100000) (1024K)]
  0x00000230fe317900 JavaThread "BackgroundScheduler"        daemon [_thread_blocked, id=28056, stack(0x0000003212100000,0x0000003212200000) (1024K)]
  0x00000230fedc0850 JavaThread "TimerQueue"                 daemon [_thread_blocked, id=30216, stack(0x0000003212300000,0x0000003212400000) (1024K)]
  0x00000231117b5640 JavaThread "Jndi-Dns-address-change-listener" daemon [_thread_in_native, id=2488, stack(0x0000003212400000,0x0000003212500000) (1024K)]
  0x000002312583a130 JavaThread "rd throttler"               daemon [_thread_blocked, id=26408, stack(0x0000003212e00000,0x0000003212f00000) (1024K)]
  0x00000230f0e25ca0 JavaThread "WorkspaceModelUpdater"      daemon [_thread_blocked, id=30888, stack(0x0000003210200000,0x0000003210300000) (1024K)]
  0x00000230f0e23bd0 JavaThread "Windows Shell integration"  daemon [_thread_blocked, id=30900, stack(0x0000003213100000,0x0000003213200000) (1024K)]
  0x00000230f0e35600 JavaThread "Thread-37"                  daemon [_thread_in_native, id=30924, stack(0x0000003213400000,0x0000003213500000) (1024K)]
  0x000002312d86ad20 JavaThread "Thread-38"                  daemon [_thread_blocked, id=31440, stack(0x0000003214e00000,0x0000003214f00000) (1024K)]
  0x000002312d885120 JavaThread "DefaultDispatcher-worker-33" daemon [_thread_blocked, id=31044, stack(0x0000003215c00000,0x0000003215d00000) (1024K)]
  0x0000023128924fe0 JavaThread "DefaultDispatcher-worker-36" daemon [_thread_blocked, id=31656, stack(0x0000003215f00000,0x0000003216000000) (1024K)]
  0x0000023125847330 JavaThread "DefaultDispatcher-worker-15" daemon [_thread_blocked, id=30740, stack(0x0000003216d00000,0x0000003216e00000) (1024K)]
  0x00000230f07bb010 JavaThread "DefaultDispatcher-worker-22" daemon [_thread_blocked, id=30764, stack(0x0000003216f00000,0x0000003217000000) (1024K)]
  0x00000230fe30e8a0 JavaThread "DefaultDispatcher-worker-31" daemon [_thread_blocked, id=29700, stack(0x0000003217000000,0x0000003217100000) (1024K)]
  0x00000231327ccce0 JavaThread "DefaultDispatcher-worker-12" daemon [_thread_blocked, id=30848, stack(0x0000003217400000,0x0000003217500000) (1024K)]
  0x00000231327cb2a0 JavaThread "DefaultDispatcher-worker-20" daemon [_thread_blocked, id=28060, stack(0x0000003217500000,0x0000003217600000) (1024K)]
  0x00000231327cb930 JavaThread "DefaultDispatcher-worker-18" daemon [_thread_blocked, id=2988, stack(0x0000003217600000,0x0000003217700000) (1024K)]
  0x00000231327cd370 JavaThread "DefaultDispatcher-worker-34" daemon [_thread_blocked, id=29264, stack(0x0000003217800000,0x0000003217900000) (1024K)]
  0x00000231327c9ef0 JavaThread "DefaultDispatcher-worker-5" daemon [_thread_blocked, id=25284, stack(0x0000003217900000,0x0000003217a00000) (1024K)]
  0x00000231327cedb0 JavaThread "DefaultDispatcher-worker-9" daemon [_thread_blocked, id=11664, stack(0x0000003217a00000,0x0000003217b00000) (1024K)]
  0x00000231327ca580 JavaThread "DefaultDispatcher-worker-1" daemon [_thread_blocked, id=30784, stack(0x0000003217d00000,0x0000003217e00000) (1024K)]
  0x00000231327cda00 JavaThread "DefaultDispatcher-worker-8" daemon [_thread_blocked, id=29348, stack(0x0000003217f00000,0x0000003218000000) (1024K)]
  0x00000231327ce090 JavaThread "DefaultDispatcher-worker-25" daemon [_thread_blocked, id=21920, stack(0x0000003218000000,0x0000003218100000) (1024K)]
  0x00000231327c7e20 JavaThread "DefaultDispatcher-worker-23" daemon [_thread_blocked, id=29120, stack(0x0000003218200000,0x0000003218300000) (1024K)]
  0x00000231327cf440 JavaThread "DefaultDispatcher-worker-13" daemon [_thread_blocked, id=30520, stack(0x0000003218400000,0x0000003218500000) (1024K)]
  0x00000231327d2f50 JavaThread "DefaultDispatcher-worker-35" daemon [_thread_blocked, id=30780, stack(0x0000003218800000,0x0000003218900000) (1024K)]
  0x00000231327d07f0 JavaThread "DefaultDispatcher-worker-26" daemon [_thread_blocked, id=30920, stack(0x0000003218a00000,0x0000003218b00000) (1024K)]
  0x00000231327d0e80 JavaThread "DefaultDispatcher-worker-37" daemon [_thread_blocked, id=5816, stack(0x0000003218c00000,0x0000003218d00000) (1024K)]
  0x00000231327d5020 JavaThread "DefaultDispatcher-worker-24" daemon [_thread_blocked, id=14132, stack(0x0000003218e00000,0x0000003218f00000) (1024K)]
  0x00000231327d3c70 JavaThread "DefaultDispatcher-worker-28" daemon [_thread_blocked, id=28864, stack(0x0000003219400000,0x0000003219500000) (1024K)]
  0x00000231327d84a0 JavaThread "DefaultDispatcher-worker-11" daemon [_thread_blocked, id=13456, stack(0x0000003219500000,0x0000003219600000) (1024K)]
  0x00000231327d7e10 JavaThread "DefaultDispatcher-worker-17" daemon [_thread_blocked, id=29140, stack(0x0000003219600000,0x0000003219700000) (1024K)]
  0x00000231327d8b30 JavaThread "DefaultDispatcher-worker-30" daemon [_thread_blocked, id=27352, stack(0x0000003219700000,0x0000003219800000) (1024K)]
  0x00000231327deda0 JavaThread "ProtocolInstanceWatcher"           [_thread_blocked, id=5212, stack(0x0000003219a00000,0x0000003219b00000) (1024K)]
  0x00000231327dbfb0 JavaThread "FileSystemWatchService"     daemon [_thread_in_native, id=3404, stack(0x0000003219b00000,0x0000003219c00000) (1024K)]
  0x000002313867f590 JavaThread "TodoBrowserHostScheduler"   daemon [_thread_blocked, id=31564, stack(0x0000003212a00000,0x0000003212b00000) (1024K)]
  0x00000231386aa6a0 JavaThread "Program"                           [_thread_in_native, id=5312, stack(0x000000320e600000,0x000000320e700000) (1024K)]
  0x00000231386aba50 JavaThread "FrontendToBackend/Sender"   daemon [_thread_blocked, id=34920, stack(0x000000320e700000,0x000000320e800000) (1024K)]
  0x00000231386ac0e0 JavaThread "FrontendToBackend"          daemon [_thread_in_native, id=32956, stack(0x000000320e800000,0x000000320e900000) (1024K)]
  0x00000231386ac770 JavaThread "BaseDataReader: output stream of Program"        [_thread_in_native, id=33936, stack(0x000000320ea00000,0x000000320eb00000) (1024K)]
  0x00000231386ace00 JavaThread "BaseDataReader: error stream of Program"        [_thread_in_native, id=35080, stack(0x000000320ec00000,0x000000320ed00000) (1024K)]
  0x000002312d8864d0 JavaThread "pool-7-thread-1"                   [_thread_blocked, id=35332, stack(0x0000003213b00000,0x0000003213c00000) (1024K)]
  0x000002312d8871f0 JavaThread "BackgroundScheduler"        daemon [_thread_blocked, id=33676, stack(0x0000003213c00000,0x0000003213d00000) (1024K)]
  0x000002312d88e810 JavaThread "DefaultDispatcher-worker-38" daemon [_thread_blocked, id=10904, stack(0x0000003213d00000,0x0000003213e00000) (1024K)]
  0x000002312d86e830 JavaThread "WorkspaceModelUpdater"      daemon [_thread_blocked, id=33064, stack(0x0000003214100000,0x0000003214200000) (1024K)]
  0x00000231327b3c90 JavaThread "ProtocolInstanceWatcher"           [_thread_blocked, id=35784, stack(0x0000003214500000,0x0000003214600000) (1024K)]
  0x00000231327b63f0 JavaThread "FileSystemWatchService"     daemon [_thread_in_native, id=32448, stack(0x0000003214600000,0x0000003214700000) (1024K)]
  0x0000023128912f20 JavaThread "TodoBrowserHostScheduler"   daemon [_thread_blocked, id=33252, stack(0x000000320e300000,0x000000320e400000) (1024K)]
  0x00000231327ae740 JavaThread "Monitor"                           [_thread_in_native, id=31652, stack(0x000000320c100000,0x000000320c200000) (1024K)]
  0x00000231327b7e30 JavaThread "Device List Monitor"               [_thread_in_native, id=34628, stack(0x000000320c200000,0x000000320c300000) (1024K)]
  0x00000231386a8c60 JavaThread "ApplicationImpl pooled thread 43"        [_thread_blocked, id=36460, stack(0x000000320dc00000,0x000000320dd00000) (1024K)]
  0x00000231386978c0 JavaThread "ApplicationImpl pooled thread 45"        [_thread_blocked, id=33964, stack(0x000000320e000000,0x000000320e100000) (1024K)]
  0x000002314842fba0 JavaThread "ApplicationImpl pooled thread 47"        [_thread_blocked, id=37592, stack(0x000000320c300000,0x000000320c400000) (1024K)]
  0x000002314842c090 JavaThread "I/O pool 73"                       [_thread_blocked, id=36040, stack(0x000000320f700000,0x000000320f800000) (1024K)]
  0x00000231484308c0 JavaThread "I/O pool 74"                       [_thread_blocked, id=33948, stack(0x0000003210700000,0x0000003210800000) (1024K)]
  0x000002314842ba00 JavaThread "I/O pool 75"                       [_thread_blocked, id=30388, stack(0x0000003210900000,0x0000003210a00000) (1024K)]
Total: 104

Other Threads:
  0x0000023071530060 VMThread "VM Thread"                           [id=6296, stack(0x000000320cc00000,0x000000320cd00000) (1024K)]
  0x000002306e5c1630 WatcherThread "VM Periodic Task Thread"        [id=29032, stack(0x000000320cb00000,0x000000320cc00000) (1024K)]
  0x00000230627bd920 WorkerThread "GC Thread#0"                     [id=1164, stack(0x000000320c600000,0x000000320c700000) (1024K)]
  0x0000023076532d10 WorkerThread "GC Thread#1"                     [id=5588, stack(0x000000320d600000,0x000000320d700000) (1024K)]
  0x00000230761e5b20 WorkerThread "GC Thread#2"                     [id=13424, stack(0x000000320d700000,0x000000320d800000) (1024K)]
  0x00000230761e62c0 WorkerThread "GC Thread#3"                     [id=24660, stack(0x000000320d800000,0x000000320d900000) (1024K)]
  0x000002303eaa1aa0 WorkerThread "GC Thread#4"                     [id=24752, stack(0x000000320d900000,0x000000320da00000) (1024K)]
  0x000002303ec14500 WorkerThread "GC Thread#5"                     [id=29276, stack(0x000000320da00000,0x000000320db00000) (1024K)]
  0x000002303f49a650 WorkerThread "GC Thread#6"                     [id=28920, stack(0x000000320ed00000,0x000000320ee00000) (1024K)]
  0x000002303f49b870 WorkerThread "GC Thread#7"                     [id=13548, stack(0x000000320ee00000,0x000000320ef00000) (1024K)]
  0x000002303f49ad90 WorkerThread "GC Thread#8"                     [id=8504, stack(0x000000320ef00000,0x000000320f000000) (1024K)]
  0x000002303f499b70 WorkerThread "GC Thread#9"                     [id=18232, stack(0x000000320f000000,0x000000320f100000) (1024K)]
  0x000002303f49b130 WorkerThread "GC Thread#10"                    [id=3652, stack(0x000000320f100000,0x000000320f200000) (1024K)]
  0x0000023049ec8730 WorkerThread "GC Thread#11"                    [id=30524, stack(0x000000320fd00000,0x000000320fe00000) (1024K)]
  0x0000023049ec9210 WorkerThread "GC Thread#12"                    [id=11300, stack(0x000000320fe00000,0x000000320ff00000) (1024K)]
  0x000002306e414040 ConcurrentGCThread "G1 Main Marker"            [id=29984, stack(0x000000320c700000,0x000000320c800000) (1024K)]
  0x000002306e414a50 WorkerThread "G1 Conc#0"                       [id=28408, stack(0x000000320c800000,0x000000320c900000) (1024K)]
  0x000002303f498cf0 WorkerThread "G1 Conc#1"                       [id=28988, stack(0x000000320f200000,0x000000320f300000) (1024K)]
  0x000002303f49bfb0 WorkerThread "G1 Conc#2"                       [id=29580, stack(0x000000320f300000,0x000000320f400000) (1024K)]
  0x000002306e493f50 ConcurrentGCThread "G1 Refine#0"               [id=25928, stack(0x000000320c900000,0x000000320ca00000) (1024K)]
  0x000002306e4948d0 ConcurrentGCThread "G1 Service"                [id=27808, stack(0x000000320ca00000,0x000000320cb00000) (1024K)]
Total: 21

Threads with active compile tasks:
C2 CompilerThread0  3494347 69198       4       com.jetbrains.rider.plugins.fsharp.projectView.FSharpSolutionExplorerCustomization::ignoreFoldersOnTop (11 bytes)
Total: 1

VM state: not at safepoint (normal execution)

VM Mutex/Monitor currently owned by a thread: None

Heap address: 0x0000000701400000, size: 4076 MB, Compressed Oops mode: Zero based, Oop shift amount: 3

CDS archive(s) not mapped
Compressed class space mapped at: 0x0000000800000000-0x0000000840000000, reserved size: 1073741824
Narrow klass base: 0x0000000800000000, Narrow klass shift: 0, Narrow klass range: 0x40000000

GC Precious Log:
 CardTable entry size: 512
 Card Set container configuration: InlinePtr #cards 4 size 8 Array Of Cards #cards 16 size 48 Howl #buckets 8 coarsen threshold 3686 Howl Bitmap #cards 512 size 80 coarsen threshold 460 Card regions per heap region 1 cards per card region 4096
 CPUs: 16 total, 16 available
 Memory: 32605M
 Large Page Support: Disabled
 NUMA Support: Disabled
 Compressed Oops: Enabled (Zero based)
 Heap Region Size: 2M
 Heap Min Capacity: 128M
 Heap Initial Capacity: 128M
 Heap Max Capacity: 4076M
 Pre-touch: Disabled
 Parallel Workers: 13
 Concurrent Workers: 3
 Concurrent Refinement Workers: 13
 Periodic GC: Disabled

Heap:
 garbage-first heap   total 1087488K, used 790386K [0x0000000701400000, 0x0000000800000000)
  region size 2048K, 205 young (419840K), 11 survivors (22528K)
 Metaspace       used 380183K, committed 384704K, reserved 1441792K
  class space    used 45760K, committed 47808K, reserved 1048576K

Heap Regions: E=young(eden), S=young(survivor), O=old, HS=humongous(starts), HC=humongous(continues), CS=collection set, F=free, TAMS=top-at-mark-start, PB=parsable bottom
|   0|0x0000000701400000, 0x0000000701600000, 0x0000000701600000|100%|HS|  |TAMS 0x0000000701400000| PB 0x0000000701400000| Complete 
|   1|0x0000000701600000, 0x0000000701800000, 0x0000000701800000|100%|HS|  |TAMS 0x0000000701600000| PB 0x0000000701600000| Complete 
|   2|0x0000000701800000, 0x0000000701a00000, 0x0000000701a00000|100%| O|  |TAMS 0x0000000701800000| PB 0x0000000701800000| Untracked 
|   3|0x0000000701a00000, 0x0000000701c00000, 0x0000000701c00000|100%| O|  |TAMS 0x0000000701a00000| PB 0x0000000701a00000| Untracked 
|   4|0x0000000701c00000, 0x0000000701e00000, 0x0000000701e00000|100%| O|  |TAMS 0x0000000701c00000| PB 0x0000000701c00000| Untracked 
|   5|0x0000000701e00000, 0x0000000702000000, 0x0000000702000000|100%| O|  |TAMS 0x0000000701e00000| PB 0x0000000701e00000| Untracked 
|   6|0x0000000702000000, 0x0000000702200000, 0x0000000702200000|100%| O|  |TAMS 0x0000000702000000| PB 0x0000000702000000| Untracked 
|   7|0x0000000702200000, 0x0000000702400000, 0x0000000702400000|100%|HS|  |TAMS 0x0000000702200000| PB 0x0000000702200000| Complete 
|   8|0x0000000702400000, 0x0000000702600000, 0x0000000702600000|100%|HC|  |TAMS 0x0000000702400000| PB 0x0000000702400000| Complete 
|   9|0x0000000702600000, 0x0000000702800000, 0x0000000702800000|100%|HS|  |TAMS 0x0000000702600000| PB 0x0000000702600000| Complete 
|  10|0x0000000702800000, 0x0000000702a00000, 0x0000000702a00000|100%|HC|  |TAMS 0x0000000702800000| PB 0x0000000702800000| Complete 
|  11|0x0000000702a00000, 0x0000000702c00000, 0x0000000702c00000|100%| O|  |TAMS 0x0000000702a00000| PB 0x0000000702a00000| Untracked 
|  12|0x0000000702c00000, 0x0000000702e00000, 0x0000000702e00000|100%| O|  |TAMS 0x0000000702c00000| PB 0x0000000702c00000| Untracked 
|  13|0x0000000702e00000, 0x0000000703000000, 0x0000000703000000|100%| O|  |TAMS 0x0000000702e00000| PB 0x0000000702e00000| Untracked 
|  14|0x0000000703000000, 0x0000000703200000, 0x0000000703200000|100%| O|  |TAMS 0x0000000703000000| PB 0x0000000703000000| Untracked 
|  15|0x0000000703200000, 0x0000000703400000, 0x0000000703400000|100%| O|  |TAMS 0x0000000703200000| PB 0x0000000703200000| Untracked 
|  16|0x0000000703400000, 0x0000000703600000, 0x0000000703600000|100%| O|  |TAMS 0x0000000703400000| PB 0x0000000703400000| Untracked 
|  17|0x0000000703600000, 0x0000000703800000, 0x0000000703800000|100%| O|  |TAMS 0x0000000703600000| PB 0x0000000703600000| Untracked 
|  18|0x0000000703800000, 0x0000000703a00000, 0x0000000703a00000|100%| O|  |TAMS 0x0000000703800000| PB 0x0000000703800000| Untracked 
|  19|0x0000000703a00000, 0x0000000703c00000, 0x0000000703c00000|100%|HS|  |TAMS 0x0000000703a00000| PB 0x0000000703a00000| Complete 
|  20|0x0000000703c00000, 0x0000000703e00000, 0x0000000703e00000|100%| O|  |TAMS 0x0000000703c00000| PB 0x0000000703c00000| Untracked 
|  21|0x0000000703e00000, 0x0000000704000000, 0x0000000704000000|100%| O|  |TAMS 0x0000000703e00000| PB 0x0000000703e00000| Untracked 
|  22|0x0000000704000000, 0x0000000704200000, 0x0000000704200000|100%|HS|  |TAMS 0x0000000704000000| PB 0x0000000704000000| Complete 
|  23|0x0000000704200000, 0x0000000704400000, 0x0000000704400000|100%| O|  |TAMS 0x0000000704200000| PB 0x0000000704200000| Untracked 
|  24|0x0000000704400000, 0x0000000704600000, 0x0000000704600000|100%| O|  |TAMS 0x0000000704400000| PB 0x0000000704400000| Untracked 
|  25|0x0000000704600000, 0x0000000704800000, 0x0000000704800000|100%| O|  |TAMS 0x0000000704600000| PB 0x0000000704600000| Untracked 
|  26|0x0000000704800000, 0x0000000704a00000, 0x0000000704a00000|100%| O|  |TAMS 0x0000000704800000| PB 0x0000000704800000| Untracked 
|  27|0x0000000704a00000, 0x0000000704c00000, 0x0000000704c00000|100%| O|  |TAMS 0x0000000704a00000| PB 0x0000000704a00000| Untracked 
|  28|0x0000000704c00000, 0x0000000704e00000, 0x0000000704e00000|100%| O|  |TAMS 0x0000000704c00000| PB 0x0000000704c00000| Untracked 
|  29|0x0000000704e00000, 0x0000000705000000, 0x0000000705000000|100%| O|  |TAMS 0x0000000704e00000| PB 0x0000000704e00000| Untracked 
|  30|0x0000000705000000, 0x0000000705200000, 0x0000000705200000|100%| O|  |TAMS 0x0000000705000000| PB 0x0000000705000000| Untracked 
|  31|0x0000000705200000, 0x0000000705400000, 0x0000000705400000|100%| O|  |TAMS 0x0000000705200000| PB 0x0000000705200000| Untracked 
|  32|0x0000000705400000, 0x0000000705400000, 0x0000000705600000|  0%| F|  |TAMS 0x0000000705400000| PB 0x0000000705400000| Untracked 
|  33|0x0000000705600000, 0x0000000705800000, 0x0000000705800000|100%|HS|  |TAMS 0x0000000705600000| PB 0x0000000705600000| Complete 
|  34|0x0000000705800000, 0x0000000705a00000, 0x0000000705a00000|100%|HC|  |TAMS 0x0000000705800000| PB 0x0000000705800000| Complete 
|  35|0x0000000705a00000, 0x0000000705c00000, 0x0000000705c00000|100%|HC|  |TAMS 0x0000000705a00000| PB 0x0000000705a00000| Complete 
|  36|0x0000000705c00000, 0x0000000705e00000, 0x0000000705e00000|100%|HS|  |TAMS 0x0000000705c00000| PB 0x0000000705c00000| Complete 
|  37|0x0000000705e00000, 0x0000000706000000, 0x0000000706000000|100%| O|  |TAMS 0x0000000705e00000| PB 0x0000000705e00000| Untracked 
|  38|0x0000000706000000, 0x0000000706200000, 0x0000000706200000|100%| O|  |TAMS 0x0000000706000000| PB 0x0000000706000000| Untracked 
|  39|0x0000000706200000, 0x0000000706200000, 0x0000000706400000|  0%| F|  |TAMS 0x0000000706200000| PB 0x0000000706200000| Untracked 
|  40|0x0000000706400000, 0x0000000706600000, 0x0000000706600000|100%| O|  |TAMS 0x0000000706400000| PB 0x0000000706400000| Untracked 
|  41|0x0000000706600000, 0x0000000706800000, 0x0000000706800000|100%| O|  |TAMS 0x0000000706600000| PB 0x0000000706600000| Untracked 
|  42|0x0000000706800000, 0x0000000706a00000, 0x0000000706a00000|100%| O|  |TAMS 0x0000000706800000| PB 0x0000000706800000| Untracked 
|  43|0x0000000706a00000, 0x0000000706c00000, 0x0000000706c00000|100%| O|  |TAMS 0x0000000706a00000| PB 0x0000000706a00000| Untracked 
|  44|0x0000000706c00000, 0x0000000706c00000, 0x0000000706e00000|  0%| F|  |TAMS 0x0000000706c00000| PB 0x0000000706c00000| Untracked 
|  45|0x0000000706e00000, 0x0000000707000000, 0x0000000707000000|100%| O|  |TAMS 0x0000000706e00000| PB 0x0000000706e00000| Untracked 
|  46|0x0000000707000000, 0x0000000707200000, 0x0000000707200000|100%| O|  |TAMS 0x0000000707000000| PB 0x0000000707000000| Untracked 
|  47|0x0000000707200000, 0x0000000707400000, 0x0000000707400000|100%| O|  |TAMS 0x0000000707200000| PB 0x0000000707200000| Untracked 
|  48|0x0000000707400000, 0x0000000707400000, 0x0000000707600000|  0%| F|  |TAMS 0x0000000707400000| PB 0x0000000707400000| Untracked 
|  49|0x0000000707600000, 0x0000000707800000, 0x0000000707800000|100%| O|  |TAMS 0x0000000707600000| PB 0x0000000707600000| Untracked 
|  50|0x0000000707800000, 0x0000000707a00000, 0x0000000707a00000|100%| O|  |TAMS 0x0000000707800000| PB 0x0000000707800000| Untracked 
|  51|0x0000000707a00000, 0x0000000707c00000, 0x0000000707c00000|100%| O|  |TAMS 0x0000000707a00000| PB 0x0000000707a00000| Untracked 
|  52|0x0000000707c00000, 0x0000000707e00000, 0x0000000707e00000|100%| O|  |TAMS 0x0000000707c00000| PB 0x0000000707c00000| Untracked 
|  53|0x0000000707e00000, 0x0000000708000000, 0x0000000708000000|100%| O|  |TAMS 0x0000000707e00000| PB 0x0000000707e00000| Untracked 
|  54|0x0000000708000000, 0x0000000708200000, 0x0000000708200000|100%| O|  |TAMS 0x0000000708000000| PB 0x0000000708000000| Untracked 
|  55|0x0000000708200000, 0x0000000708200000, 0x0000000708400000|  0%| F|  |TAMS 0x0000000708200000| PB 0x0000000708200000| Untracked 
|  56|0x0000000708400000, 0x0000000708600000, 0x0000000708600000|100%| O|  |TAMS 0x0000000708400000| PB 0x0000000708400000| Untracked 
|  57|0x0000000708600000, 0x0000000708800000, 0x0000000708800000|100%| O|Cm|TAMS 0x0000000708600000| PB 0x0000000708600000| Complete 
|  58|0x0000000708800000, 0x0000000708a00000, 0x0000000708a00000|100%| O|  |TAMS 0x0000000708800000| PB 0x0000000708800000| Untracked 
|  59|0x0000000708a00000, 0x0000000708c00000, 0x0000000708c00000|100%|HS|  |TAMS 0x0000000708a00000| PB 0x0000000708a00000| Complete 
|  60|0x0000000708c00000, 0x0000000708c00000, 0x0000000708e00000|  0%| F|  |TAMS 0x0000000708c00000| PB 0x0000000708c00000| Untracked 
|  61|0x0000000708e00000, 0x0000000709000000, 0x0000000709000000|100%| O|  |TAMS 0x0000000708e00000| PB 0x0000000708e00000| Untracked 
|  62|0x0000000709000000, 0x0000000709000000, 0x0000000709200000|  0%| F|  |TAMS 0x0000000709000000| PB 0x0000000709000000| Untracked 
|  63|0x0000000709200000, 0x0000000709400000, 0x0000000709400000|100%| O|  |TAMS 0x0000000709200000| PB 0x0000000709200000| Untracked 
|  64|0x0000000709400000, 0x0000000709600000, 0x0000000709600000|100%| O|  |TAMS 0x0000000709400000| PB 0x0000000709400000| Untracked 
|  65|0x0000000709600000, 0x0000000709800000, 0x0000000709800000|100%| O|Cm|TAMS 0x0000000709600000| PB 0x0000000709600000| Complete 
|  66|0x0000000709800000, 0x0000000709a00000, 0x0000000709a00000|100%| O|  |TAMS 0x0000000709800000| PB 0x0000000709800000| Untracked 
|  67|0x0000000709a00000, 0x0000000709c00000, 0x0000000709c00000|100%| O|  |TAMS 0x0000000709a00000| PB 0x0000000709a00000| Untracked 
|  68|0x0000000709c00000, 0x0000000709e00000, 0x0000000709e00000|100%| O|  |TAMS 0x0000000709c00000| PB 0x0000000709c00000| Untracked 
|  69|0x0000000709e00000, 0x000000070a000000, 0x000000070a000000|100%| O|  |TAMS 0x0000000709e00000| PB 0x0000000709e00000| Untracked 
|  70|0x000000070a000000, 0x000000070a000000, 0x000000070a200000|  0%| F|  |TAMS 0x000000070a000000| PB 0x000000070a000000| Untracked 
|  71|0x000000070a200000, 0x000000070a400000, 0x000000070a400000|100%| O|  |TAMS 0x000000070a200000| PB 0x000000070a200000| Untracked 
|  72|0x000000070a400000, 0x000000070a600000, 0x000000070a600000|100%| O|  |TAMS 0x000000070a400000| PB 0x000000070a400000| Untracked 
|  73|0x000000070a600000, 0x000000070a800000, 0x000000070a800000|100%|HS|  |TAMS 0x000000070a600000| PB 0x000000070a600000| Complete 
|  74|0x000000070a800000, 0x000000070aa00000, 0x000000070aa00000|100%| O|  |TAMS 0x000000070a800000| PB 0x000000070a800000| Untracked 
|  75|0x000000070aa00000, 0x000000070ac00000, 0x000000070ac00000|100%|HS|  |TAMS 0x000000070aa00000| PB 0x000000070aa00000| Complete 
|  76|0x000000070ac00000, 0x000000070ae00000, 0x000000070ae00000|100%|HC|  |TAMS 0x000000070ac00000| PB 0x000000070ac00000| Complete 
|  77|0x000000070ae00000, 0x000000070b000000, 0x000000070b000000|100%|HC|  |TAMS 0x000000070ae00000| PB 0x000000070ae00000| Complete 
|  78|0x000000070b000000, 0x000000070b200000, 0x000000070b200000|100%|HC|  |TAMS 0x000000070b000000| PB 0x000000070b000000| Complete 
|  79|0x000000070b200000, 0x000000070b400000, 0x000000070b400000|100%|HC|  |TAMS 0x000000070b200000| PB 0x000000070b200000| Complete 
|  80|0x000000070b400000, 0x000000070b600000, 0x000000070b600000|100%|HC|  |TAMS 0x000000070b400000| PB 0x000000070b400000| Complete 
|  81|0x000000070b600000, 0x000000070b800000, 0x000000070b800000|100%|HC|  |TAMS 0x000000070b600000| PB 0x000000070b600000| Complete 
|  82|0x000000070b800000, 0x000000070b800000, 0x000000070ba00000|  0%| F|  |TAMS 0x000000070b800000| PB 0x000000070b800000| Untracked 
|  83|0x000000070ba00000, 0x000000070bc00000, 0x000000070bc00000|100%| O|  |TAMS 0x000000070ba00000| PB 0x000000070ba00000| Untracked 
|  84|0x000000070bc00000, 0x000000070be00000, 0x000000070be00000|100%| O|  |TAMS 0x000000070bc00000| PB 0x000000070bc00000| Untracked 
|  85|0x000000070be00000, 0x000000070c000000, 0x000000070c000000|100%| O|  |TAMS 0x000000070be00000| PB 0x000000070be00000| Untracked 
|  86|0x000000070c000000, 0x000000070c200000, 0x000000070c200000|100%| O|  |TAMS 0x000000070c000000| PB 0x000000070c000000| Untracked 
|  87|0x000000070c200000, 0x000000070c200000, 0x000000070c400000|  0%| F|  |TAMS 0x000000070c200000| PB 0x000000070c200000| Untracked 
|  88|0x000000070c400000, 0x000000070c600000, 0x000000070c600000|100%| O|Cm|TAMS 0x000000070c400000| PB 0x000000070c400000| Complete 
|  89|0x000000070c600000, 0x000000070c800000, 0x000000070c800000|100%| O|Cm|TAMS 0x000000070c600000| PB 0x000000070c600000| Complete 
|  90|0x000000070c800000, 0x000000070ca00000, 0x000000070ca00000|100%| O|  |TAMS 0x000000070c800000| PB 0x000000070c800000| Untracked 
|  91|0x000000070ca00000, 0x000000070cc00000, 0x000000070cc00000|100%| O|  |TAMS 0x000000070ca00000| PB 0x000000070ca00000| Untracked 
|  92|0x000000070cc00000, 0x000000070ce00000, 0x000000070ce00000|100%| O|  |TAMS 0x000000070cc00000| PB 0x000000070cc00000| Untracked 
|  93|0x000000070ce00000, 0x000000070d000000, 0x000000070d000000|100%| O|  |TAMS 0x000000070ce00000| PB 0x000000070ce00000| Untracked 
|  94|0x000000070d000000, 0x000000070d200000, 0x000000070d200000|100%|HS|  |TAMS 0x000000070d000000| PB 0x000000070d000000| Complete 
|  95|0x000000070d200000, 0x000000070d400000, 0x000000070d400000|100%|HC|  |TAMS 0x000000070d200000| PB 0x000000070d200000| Complete 
|  96|0x000000070d400000, 0x000000070d600000, 0x000000070d600000|100%|HC|  |TAMS 0x000000070d400000| PB 0x000000070d400000| Complete 
|  97|0x000000070d600000, 0x000000070d800000, 0x000000070d800000|100%|HC|  |TAMS 0x000000070d600000| PB 0x000000070d600000| Complete 
|  98|0x000000070d800000, 0x000000070da00000, 0x000000070da00000|100%| O|  |TAMS 0x000000070d800000| PB 0x000000070d800000| Untracked 
|  99|0x000000070da00000, 0x000000070da00000, 0x000000070dc00000|  0%| F|  |TAMS 0x000000070da00000| PB 0x000000070da00000| Untracked 
| 100|0x000000070dc00000, 0x000000070dc00000, 0x000000070de00000|  0%| F|  |TAMS 0x000000070dc00000| PB 0x000000070dc00000| Untracked 
| 101|0x000000070de00000, 0x000000070e000000, 0x000000070e000000|100%| O|  |TAMS 0x000000070de00000| PB 0x000000070de00000| Untracked 
| 102|0x000000070e000000, 0x000000070e200000, 0x000000070e200000|100%|HS|  |TAMS 0x000000070e000000| PB 0x000000070e000000| Complete 
| 103|0x000000070e200000, 0x000000070e400000, 0x000000070e400000|100%| O|  |TAMS 0x000000070e200000| PB 0x000000070e200000| Untracked 
| 104|0x000000070e400000, 0x000000070e600000, 0x000000070e600000|100%| O|  |TAMS 0x000000070e400000| PB 0x000000070e400000| Untracked 
| 105|0x000000070e600000, 0x000000070e600000, 0x000000070e800000|  0%| F|  |TAMS 0x000000070e600000| PB 0x000000070e600000| Untracked 
| 106|0x000000070e800000, 0x000000070ea00000, 0x000000070ea00000|100%| O|  |TAMS 0x000000070e800000| PB 0x000000070e800000| Untracked 
| 107|0x000000070ea00000, 0x000000070ec00000, 0x000000070ec00000|100%| O|  |TAMS 0x000000070ea00000| PB 0x000000070ea00000| Untracked 
| 108|0x000000070ec00000, 0x000000070ec00000, 0x000000070ee00000|  0%| F|  |TAMS 0x000000070ec00000| PB 0x000000070ec00000| Untracked 
| 109|0x000000070ee00000, 0x000000070f000000, 0x000000070f000000|100%| O|  |TAMS 0x000000070ee00000| PB 0x000000070ee00000| Untracked 
| 110|0x000000070f000000, 0x000000070f200000, 0x000000070f200000|100%| O|  |TAMS 0x000000070f000000| PB 0x000000070f000000| Untracked 
| 111|0x000000070f200000, 0x000000070f400000, 0x000000070f400000|100%| O|  |TAMS 0x000000070f200000| PB 0x000000070f200000| Untracked 
| 112|0x000000070f400000, 0x000000070f600000, 0x000000070f600000|100%| O|  |TAMS 0x000000070f400000| PB 0x000000070f400000| Untracked 
| 113|0x000000070f600000, 0x000000070f800000, 0x000000070f800000|100%| O|  |TAMS 0x000000070f600000| PB 0x000000070f600000| Untracked 
| 114|0x000000070f800000, 0x000000070fa00000, 0x000000070fa00000|100%| O|  |TAMS 0x000000070f800000| PB 0x000000070f800000| Untracked 
| 115|0x000000070fa00000, 0x000000070fc00000, 0x000000070fc00000|100%| O|  |TAMS 0x000000070fa00000| PB 0x000000070fa00000| Untracked 
| 116|0x000000070fc00000, 0x000000070fe00000, 0x000000070fe00000|100%| O|  |TAMS 0x000000070fc00000| PB 0x000000070fc00000| Untracked 
| 117|0x000000070fe00000, 0x0000000710000000, 0x0000000710000000|100%| O|  |TAMS 0x000000070fe00000| PB 0x000000070fe00000| Untracked 
| 118|0x0000000710000000, 0x0000000710200000, 0x0000000710200000|100%| O|  |TAMS 0x0000000710000000| PB 0x0000000710000000| Untracked 
| 119|0x0000000710200000, 0x0000000710400000, 0x0000000710400000|100%| O|  |TAMS 0x0000000710200000| PB 0x0000000710200000| Untracked 
| 120|0x0000000710400000, 0x0000000710600000, 0x0000000710600000|100%| O|  |TAMS 0x0000000710400000| PB 0x0000000710400000| Untracked 
| 121|0x0000000710600000, 0x0000000710800000, 0x0000000710800000|100%| O|  |TAMS 0x0000000710600000| PB 0x0000000710600000| Untracked 
| 122|0x0000000710800000, 0x0000000710a00000, 0x0000000710a00000|100%| O|  |TAMS 0x0000000710800000| PB 0x0000000710800000| Untracked 
| 123|0x0000000710a00000, 0x0000000710c00000, 0x0000000710c00000|100%| O|  |TAMS 0x0000000710a00000| PB 0x0000000710a00000| Untracked 
| 124|0x0000000710c00000, 0x0000000710e00000, 0x0000000710e00000|100%| O|  |TAMS 0x0000000710c00000| PB 0x0000000710c00000| Untracked 
| 125|0x0000000710e00000, 0x0000000711000000, 0x0000000711000000|100%| O|  |TAMS 0x0000000710e00000| PB 0x0000000710e00000| Untracked 
| 126|0x0000000711000000, 0x0000000711200000, 0x0000000711200000|100%| O|  |TAMS 0x0000000711000000| PB 0x0000000711000000| Untracked 
| 127|0x0000000711200000, 0x0000000711400000, 0x0000000711400000|100%| O|  |TAMS 0x0000000711200000| PB 0x0000000711200000| Untracked 
| 128|0x0000000711400000, 0x0000000711600000, 0x0000000711600000|100%| O|  |TAMS 0x0000000711400000| PB 0x0000000711400000| Untracked 
| 129|0x0000000711600000, 0x0000000711800000, 0x0000000711800000|100%| O|  |TAMS 0x0000000711600000| PB 0x0000000711600000| Untracked 
| 130|0x0000000711800000, 0x0000000711a00000, 0x0000000711a00000|100%| O|  |TAMS 0x0000000711800000| PB 0x0000000711800000| Untracked 
| 131|0x0000000711a00000, 0x0000000711c00000, 0x0000000711c00000|100%| O|  |TAMS 0x0000000711a00000| PB 0x0000000711a00000| Untracked 
| 132|0x0000000711c00000, 0x0000000711e00000, 0x0000000711e00000|100%| O|  |TAMS 0x0000000711c00000| PB 0x0000000711c00000| Untracked 
| 133|0x0000000711e00000, 0x0000000712000000, 0x0000000712000000|100%| O|  |TAMS 0x0000000711e00000| PB 0x0000000711e00000| Untracked 
| 134|0x0000000712000000, 0x0000000712200000, 0x0000000712200000|100%| O|  |TAMS 0x0000000712000000| PB 0x0000000712000000| Untracked 
| 135|0x0000000712200000, 0x0000000712400000, 0x0000000712400000|100%| O|  |TAMS 0x0000000712200000| PB 0x0000000712200000| Untracked 
| 136|0x0000000712400000, 0x0000000712600000, 0x0000000712600000|100%| O|  |TAMS 0x0000000712400000| PB 0x0000000712400000| Untracked 
| 137|0x0000000712600000, 0x0000000712600000, 0x0000000712800000|  0%| F|  |TAMS 0x0000000712600000| PB 0x0000000712600000| Untracked 
| 138|0x0000000712800000, 0x0000000712a00000, 0x0000000712a00000|100%| O|  |TAMS 0x0000000712800000| PB 0x0000000712800000| Untracked 
| 139|0x0000000712a00000, 0x0000000712c00000, 0x0000000712c00000|100%| O|  |TAMS 0x0000000712a00000| PB 0x0000000712a00000| Untracked 
| 140|0x0000000712c00000, 0x0000000712e00000, 0x0000000712e00000|100%| O|  |TAMS 0x0000000712c00000| PB 0x0000000712c00000| Untracked 
| 141|0x0000000712e00000, 0x0000000713000000, 0x0000000713000000|100%| O|  |TAMS 0x0000000712e00000| PB 0x0000000712e00000| Untracked 
| 142|0x0000000713000000, 0x0000000713200000, 0x0000000713200000|100%| O|  |TAMS 0x0000000713000000| PB 0x0000000713000000| Untracked 
| 143|0x0000000713200000, 0x0000000713400000, 0x0000000713400000|100%| O|  |TAMS 0x0000000713200000| PB 0x0000000713200000| Untracked 
| 144|0x0000000713400000, 0x0000000713600000, 0x0000000713600000|100%| O|  |TAMS 0x0000000713400000| PB 0x0000000713400000| Untracked 
| 145|0x0000000713600000, 0x0000000713800000, 0x0000000713800000|100%| O|  |TAMS 0x0000000713600000| PB 0x0000000713600000| Untracked 
| 146|0x0000000713800000, 0x0000000713a00000, 0x0000000713a00000|100%| O|  |TAMS 0x0000000713800000| PB 0x0000000713800000| Untracked 
| 147|0x0000000713a00000, 0x0000000713c00000, 0x0000000713c00000|100%| O|  |TAMS 0x0000000713a00000| PB 0x0000000713a00000| Untracked 
| 148|0x0000000713c00000, 0x0000000713e00000, 0x0000000713e00000|100%| O|  |TAMS 0x0000000713c00000| PB 0x0000000713c00000| Untracked 
| 149|0x0000000713e00000, 0x0000000713f3acc0, 0x0000000714000000| 61%| O|  |TAMS 0x0000000713e00000| PB 0x0000000713e00000| Untracked 
| 150|0x0000000714000000, 0x0000000714000000, 0x0000000714200000|  0%| F|  |TAMS 0x0000000714000000| PB 0x0000000714000000| Untracked 
| 151|0x0000000714200000, 0x0000000714400000, 0x0000000714400000|100%| O|  |TAMS 0x0000000714200000| PB 0x0000000714200000| Untracked 
| 152|0x0000000714400000, 0x0000000714400000, 0x0000000714600000|  0%| F|  |TAMS 0x0000000714400000| PB 0x0000000714400000| Untracked 
| 153|0x0000000714600000, 0x0000000714600000, 0x0000000714800000|  0%| F|  |TAMS 0x0000000714600000| PB 0x0000000714600000| Untracked 
| 154|0x0000000714800000, 0x0000000714800000, 0x0000000714a00000|  0%| F|  |TAMS 0x0000000714800000| PB 0x0000000714800000| Untracked 
| 155|0x0000000714a00000, 0x0000000714a00000, 0x0000000714c00000|  0%| F|  |TAMS 0x0000000714a00000| PB 0x0000000714a00000| Untracked 
| 156|0x0000000714c00000, 0x0000000714e00000, 0x0000000714e00000|100%| O|  |TAMS 0x0000000714c00000| PB 0x0000000714c00000| Untracked 
| 157|0x0000000714e00000, 0x0000000715000000, 0x0000000715000000|100%| O|  |TAMS 0x0000000714e00000| PB 0x0000000714e00000| Untracked 
| 158|0x0000000715000000, 0x0000000715200000, 0x0000000715200000|100%| O|  |TAMS 0x0000000715000000| PB 0x0000000715000000| Untracked 
| 159|0x0000000715200000, 0x0000000715400000, 0x0000000715400000|100%| O|  |TAMS 0x0000000715200000| PB 0x0000000715200000| Untracked 
| 160|0x0000000715400000, 0x0000000715600000, 0x0000000715600000|100%| O|  |TAMS 0x0000000715400000| PB 0x0000000715400000| Untracked 
| 161|0x0000000715600000, 0x0000000715800000, 0x0000000715800000|100%| O|  |TAMS 0x0000000715600000| PB 0x0000000715600000| Untracked 
| 162|0x0000000715800000, 0x0000000715a00000, 0x0000000715a00000|100%| O|  |TAMS 0x0000000715800000| PB 0x0000000715800000| Untracked 
| 163|0x0000000715a00000, 0x0000000715a00000, 0x0000000715c00000|  0%| F|  |TAMS 0x0000000715a00000| PB 0x0000000715a00000| Untracked 
| 164|0x0000000715c00000, 0x0000000715e00000, 0x0000000715e00000|100%| O|  |TAMS 0x0000000715c00000| PB 0x0000000715c00000| Untracked 
| 165|0x0000000715e00000, 0x0000000716000000, 0x0000000716000000|100%| O|  |TAMS 0x0000000715e00000| PB 0x0000000715e00000| Untracked 
| 166|0x0000000716000000, 0x0000000716000000, 0x0000000716200000|  0%| F|  |TAMS 0x0000000716000000| PB 0x0000000716000000| Untracked 
| 167|0x0000000716200000, 0x0000000716400000, 0x0000000716400000|100%| O|  |TAMS 0x0000000716200000| PB 0x0000000716200000| Untracked 
| 168|0x0000000716400000, 0x0000000716600000, 0x0000000716600000|100%| O|  |TAMS 0x0000000716400000| PB 0x0000000716400000| Untracked 
| 169|0x0000000716600000, 0x0000000716800000, 0x0000000716800000|100%| O|  |TAMS 0x0000000716600000| PB 0x0000000716600000| Untracked 
| 170|0x0000000716800000, 0x0000000716a00000, 0x0000000716a00000|100%| O|  |TAMS 0x0000000716800000| PB 0x0000000716800000| Untracked 
| 171|0x0000000716a00000, 0x0000000716c00000, 0x0000000716c00000|100%| O|  |TAMS 0x0000000716a00000| PB 0x0000000716a00000| Untracked 
| 172|0x0000000716c00000, 0x0000000716e00000, 0x0000000716e00000|100%| O|  |TAMS 0x0000000716c00000| PB 0x0000000716c00000| Untracked 
| 173|0x0000000716e00000, 0x0000000717000000, 0x0000000717000000|100%| O|  |TAMS 0x0000000716e00000| PB 0x0000000716e00000| Untracked 
| 174|0x0000000717000000, 0x0000000717200000, 0x0000000717200000|100%| O|  |TAMS 0x0000000717000000| PB 0x0000000717000000| Untracked 
| 175|0x0000000717200000, 0x0000000717400000, 0x0000000717400000|100%| O|  |TAMS 0x0000000717200000| PB 0x0000000717200000| Untracked 
| 176|0x0000000717400000, 0x0000000717600000, 0x0000000717600000|100%| O|  |TAMS 0x0000000717400000| PB 0x0000000717400000| Untracked 
| 177|0x0000000717600000, 0x0000000717600000, 0x0000000717800000|  0%| F|  |TAMS 0x0000000717600000| PB 0x0000000717600000| Untracked 
| 178|0x0000000717800000, 0x0000000717800000, 0x0000000717a00000|  0%| F|  |TAMS 0x0000000717800000| PB 0x0000000717800000| Untracked 
| 179|0x0000000717a00000, 0x0000000717c00000, 0x0000000717c00000|100%| O|  |TAMS 0x0000000717a00000| PB 0x0000000717a00000| Untracked 
| 180|0x0000000717c00000, 0x0000000717e00000, 0x0000000717e00000|100%| O|  |TAMS 0x0000000717c00000| PB 0x0000000717c00000| Untracked 
| 181|0x0000000717e00000, 0x0000000718000000, 0x0000000718000000|100%| O|  |TAMS 0x0000000717e00000| PB 0x0000000717e00000| Untracked 
| 182|0x0000000718000000, 0x0000000718200000, 0x0000000718200000|100%| O|  |TAMS 0x0000000718000000| PB 0x0000000718000000| Untracked 
| 183|0x0000000718200000, 0x0000000718400000, 0x0000000718400000|100%| O|  |TAMS 0x0000000718200000| PB 0x0000000718200000| Untracked 
| 184|0x0000000718400000, 0x0000000718600000, 0x0000000718600000|100%| O|  |TAMS 0x0000000718400000| PB 0x0000000718400000| Untracked 
| 185|0x0000000718600000, 0x0000000718800000, 0x0000000718800000|100%| O|  |TAMS 0x0000000718600000| PB 0x0000000718600000| Untracked 
| 186|0x0000000718800000, 0x0000000718a00000, 0x0000000718a00000|100%|HS|  |TAMS 0x0000000718800000| PB 0x0000000718800000| Complete 
| 187|0x0000000718a00000, 0x0000000718c00000, 0x0000000718c00000|100%|HC|  |TAMS 0x0000000718a00000| PB 0x0000000718a00000| Complete 
| 188|0x0000000718c00000, 0x0000000718e00000, 0x0000000718e00000|100%|HC|  |TAMS 0x0000000718c00000| PB 0x0000000718c00000| Complete 
| 189|0x0000000718e00000, 0x0000000719000000, 0x0000000719000000|100%|HC|  |TAMS 0x0000000718e00000| PB 0x0000000718e00000| Complete 
| 190|0x0000000719000000, 0x0000000719200000, 0x0000000719200000|100%|HC|  |TAMS 0x0000000719000000| PB 0x0000000719000000| Complete 
| 191|0x0000000719200000, 0x0000000719200000, 0x0000000719400000|  0%| F|  |TAMS 0x0000000719200000| PB 0x0000000719200000| Untracked 
| 192|0x0000000719400000, 0x0000000719400000, 0x0000000719600000|  0%| F|  |TAMS 0x0000000719400000| PB 0x0000000719400000| Untracked 
| 193|0x0000000719600000, 0x0000000719600000, 0x0000000719800000|  0%| F|  |TAMS 0x0000000719600000| PB 0x0000000719600000| Untracked 
| 194|0x0000000719800000, 0x0000000719800000, 0x0000000719a00000|  0%| F|  |TAMS 0x0000000719800000| PB 0x0000000719800000| Untracked 
| 195|0x0000000719a00000, 0x0000000719a00000, 0x0000000719c00000|  0%| F|  |TAMS 0x0000000719a00000| PB 0x0000000719a00000| Untracked 
| 196|0x0000000719c00000, 0x0000000719c00000, 0x0000000719e00000|  0%| F|  |TAMS 0x0000000719c00000| PB 0x0000000719c00000| Untracked 
| 197|0x0000000719e00000, 0x0000000719e00000, 0x000000071a000000|  0%| F|  |TAMS 0x0000000719e00000| PB 0x0000000719e00000| Untracked 
| 198|0x000000071a000000, 0x000000071a0a1d40, 0x000000071a200000| 31%| S|CS|TAMS 0x000000071a000000| PB 0x000000071a000000| Complete 
| 199|0x000000071a200000, 0x000000071a400000, 0x000000071a400000|100%| S|CS|TAMS 0x000000071a200000| PB 0x000000071a200000| Complete 
| 200|0x000000071a400000, 0x000000071a600000, 0x000000071a600000|100%| S|CS|TAMS 0x000000071a400000| PB 0x000000071a400000| Complete 
| 201|0x000000071a600000, 0x000000071a800000, 0x000000071a800000|100%| S|CS|TAMS 0x000000071a600000| PB 0x000000071a600000| Complete 
| 202|0x000000071a800000, 0x000000071aa00000, 0x000000071aa00000|100%| S|CS|TAMS 0x000000071a800000| PB 0x000000071a800000| Complete 
| 203|0x000000071aa00000, 0x000000071ac00000, 0x000000071ac00000|100%| S|CS|TAMS 0x000000071aa00000| PB 0x000000071aa00000| Complete 
| 204|0x000000071ac00000, 0x000000071ae00000, 0x000000071ae00000|100%| S|CS|TAMS 0x000000071ac00000| PB 0x000000071ac00000| Complete 
| 205|0x000000071ae00000, 0x000000071b000000, 0x000000071b000000|100%| S|CS|TAMS 0x000000071ae00000| PB 0x000000071ae00000| Complete 
| 206|0x000000071b000000, 0x000000071b200000, 0x000000071b200000|100%| S|CS|TAMS 0x000000071b000000| PB 0x000000071b000000| Complete 
| 207|0x000000071b200000, 0x000000071b400000, 0x000000071b400000|100%| O|  |TAMS 0x000000071b200000| PB 0x000000071b200000| Untracked 
| 208|0x000000071b400000, 0x000000071b600000, 0x000000071b600000|100%| S|CS|TAMS 0x000000071b400000| PB 0x000000071b400000| Complete 
| 209|0x000000071b600000, 0x000000071b800000, 0x000000071b800000|100%| S|CS|TAMS 0x000000071b600000| PB 0x000000071b600000| Complete 
| 210|0x000000071b800000, 0x000000071b800000, 0x000000071ba00000|  0%| F|  |TAMS 0x000000071b800000| PB 0x000000071b800000| Untracked 
| 211|0x000000071ba00000, 0x000000071ba00000, 0x000000071bc00000|  0%| F|  |TAMS 0x000000071ba00000| PB 0x000000071ba00000| Untracked 
| 212|0x000000071bc00000, 0x000000071be00000, 0x000000071be00000|100%| O|Cm|TAMS 0x000000071bc00000| PB 0x000000071bc00000| Complete 
| 213|0x000000071be00000, 0x000000071be00000, 0x000000071c000000|  0%| F|  |TAMS 0x000000071be00000| PB 0x000000071be00000| Untracked 
| 214|0x000000071c000000, 0x000000071c200000, 0x000000071c200000|100%| O|Cm|TAMS 0x000000071c000000| PB 0x000000071c000000| Complete 
| 215|0x000000071c200000, 0x000000071c400000, 0x000000071c400000|100%| O|Cm|TAMS 0x000000071c200000| PB 0x000000071c200000| Complete 
| 216|0x000000071c400000, 0x000000071c600000, 0x000000071c600000|100%| O|Cm|TAMS 0x000000071c400000| PB 0x000000071c400000| Complete 
| 217|0x000000071c600000, 0x000000071c800000, 0x000000071c800000|100%| O|  |TAMS 0x000000071c600000| PB 0x000000071c600000| Untracked 
| 218|0x000000071c800000, 0x000000071ca00000, 0x000000071ca00000|100%| O|Cm|TAMS 0x000000071c800000| PB 0x000000071c800000| Complete 
| 219|0x000000071ca00000, 0x000000071ca00000, 0x000000071cc00000|  0%| F|  |TAMS 0x000000071ca00000| PB 0x000000071ca00000| Untracked 
| 220|0x000000071cc00000, 0x000000071cc00000, 0x000000071ce00000|  0%| F|  |TAMS 0x000000071cc00000| PB 0x000000071cc00000| Untracked 
| 221|0x000000071ce00000, 0x000000071ce00000, 0x000000071d000000|  0%| F|  |TAMS 0x000000071ce00000| PB 0x000000071ce00000| Untracked 
| 222|0x000000071d000000, 0x000000071d000000, 0x000000071d200000|  0%| F|  |TAMS 0x000000071d000000| PB 0x000000071d000000| Untracked 
| 223|0x000000071d200000, 0x000000071d200000, 0x000000071d400000|  0%| F|  |TAMS 0x000000071d200000| PB 0x000000071d200000| Untracked 
| 224|0x000000071d400000, 0x000000071d400000, 0x000000071d600000|  0%| F|  |TAMS 0x000000071d400000| PB 0x000000071d400000| Untracked 
| 225|0x000000071d600000, 0x000000071d600000, 0x000000071d800000|  0%| F|  |TAMS 0x000000071d600000| PB 0x000000071d600000| Untracked 
| 226|0x000000071d800000, 0x000000071d800000, 0x000000071da00000|  0%| F|  |TAMS 0x000000071d800000| PB 0x000000071d800000| Untracked 
| 227|0x000000071da00000, 0x000000071da00000, 0x000000071dc00000|  0%| F|  |TAMS 0x000000071da00000| PB 0x000000071da00000| Untracked 
| 228|0x000000071dc00000, 0x000000071dc00000, 0x000000071de00000|  0%| F|  |TAMS 0x000000071dc00000| PB 0x000000071dc00000| Untracked 
| 229|0x000000071de00000, 0x000000071de00000, 0x000000071e000000|  0%| F|  |TAMS 0x000000071de00000| PB 0x000000071de00000| Untracked 
| 230|0x000000071e000000, 0x000000071e000000, 0x000000071e200000|  0%| F|  |TAMS 0x000000071e000000| PB 0x000000071e000000| Untracked 
| 231|0x000000071e200000, 0x000000071e200000, 0x000000071e400000|  0%| F|  |TAMS 0x000000071e200000| PB 0x000000071e200000| Untracked 
| 232|0x000000071e400000, 0x000000071e400000, 0x000000071e600000|  0%| F|  |TAMS 0x000000071e400000| PB 0x000000071e400000| Untracked 
| 233|0x000000071e600000, 0x000000071e600000, 0x000000071e800000|  0%| F|  |TAMS 0x000000071e600000| PB 0x000000071e600000| Untracked 
| 234|0x000000071e800000, 0x000000071e800000, 0x000000071ea00000|  0%| F|  |TAMS 0x000000071e800000| PB 0x000000071e800000| Untracked 
| 235|0x000000071ea00000, 0x000000071ea00000, 0x000000071ec00000|  0%| F|  |TAMS 0x000000071ea00000| PB 0x000000071ea00000| Untracked 
| 236|0x000000071ec00000, 0x000000071ec00000, 0x000000071ee00000|  0%| F|  |TAMS 0x000000071ec00000| PB 0x000000071ec00000| Untracked 
| 237|0x000000071ee00000, 0x000000071ee00000, 0x000000071f000000|  0%| F|  |TAMS 0x000000071ee00000| PB 0x000000071ee00000| Untracked 
| 238|0x000000071f000000, 0x000000071f000000, 0x000000071f200000|  0%| F|  |TAMS 0x000000071f000000| PB 0x000000071f000000| Untracked 
| 239|0x000000071f200000, 0x000000071f200000, 0x000000071f400000|  0%| F|  |TAMS 0x000000071f200000| PB 0x000000071f200000| Untracked 
| 240|0x000000071f400000, 0x000000071f400000, 0x000000071f600000|  0%| F|  |TAMS 0x000000071f400000| PB 0x000000071f400000| Untracked 
| 241|0x000000071f600000, 0x000000071f600000, 0x000000071f800000|  0%| F|  |TAMS 0x000000071f600000| PB 0x000000071f600000| Untracked 
| 242|0x000000071f800000, 0x000000071f800000, 0x000000071fa00000|  0%| F|  |TAMS 0x000000071f800000| PB 0x000000071f800000| Untracked 
| 243|0x000000071fa00000, 0x000000071fa00000, 0x000000071fc00000|  0%| F|  |TAMS 0x000000071fa00000| PB 0x000000071fa00000| Untracked 
| 244|0x000000071fc00000, 0x000000071fc00000, 0x000000071fe00000|  0%| F|  |TAMS 0x000000071fc00000| PB 0x000000071fc00000| Untracked 
| 245|0x000000071fe00000, 0x000000071fe00000, 0x0000000720000000|  0%| F|  |TAMS 0x000000071fe00000| PB 0x000000071fe00000| Untracked 
| 246|0x0000000720000000, 0x0000000720000000, 0x0000000720200000|  0%| F|  |TAMS 0x0000000720000000| PB 0x0000000720000000| Untracked 
| 247|0x0000000720200000, 0x0000000720200000, 0x0000000720400000|  0%| F|  |TAMS 0x0000000720200000| PB 0x0000000720200000| Untracked 
| 248|0x0000000720400000, 0x0000000720400000, 0x0000000720600000|  0%| F|  |TAMS 0x0000000720400000| PB 0x0000000720400000| Untracked 
| 249|0x0000000720600000, 0x0000000720600000, 0x0000000720800000|  0%| F|  |TAMS 0x0000000720600000| PB 0x0000000720600000| Untracked 
| 250|0x0000000720800000, 0x0000000720800000, 0x0000000720a00000|  0%| F|  |TAMS 0x0000000720800000| PB 0x0000000720800000| Untracked 
| 251|0x0000000720a00000, 0x0000000720a00000, 0x0000000720c00000|  0%| F|  |TAMS 0x0000000720a00000| PB 0x0000000720a00000| Untracked 
| 252|0x0000000720c00000, 0x0000000720c00000, 0x0000000720e00000|  0%| F|  |TAMS 0x0000000720c00000| PB 0x0000000720c00000| Untracked 
| 253|0x0000000720e00000, 0x0000000720e00000, 0x0000000721000000|  0%| F|  |TAMS 0x0000000720e00000| PB 0x0000000720e00000| Untracked 
| 254|0x0000000721000000, 0x0000000721000000, 0x0000000721200000|  0%| F|  |TAMS 0x0000000721000000| PB 0x0000000721000000| Untracked 
| 255|0x0000000721200000, 0x0000000721200000, 0x0000000721400000|  0%| F|  |TAMS 0x0000000721200000| PB 0x0000000721200000| Untracked 
| 256|0x0000000721400000, 0x0000000721400000, 0x0000000721600000|  0%| F|  |TAMS 0x0000000721400000| PB 0x0000000721400000| Untracked 
| 257|0x0000000721600000, 0x0000000721600000, 0x0000000721800000|  0%| F|  |TAMS 0x0000000721600000| PB 0x0000000721600000| Untracked 
| 258|0x0000000721800000, 0x0000000721800000, 0x0000000721a00000|  0%| F|  |TAMS 0x0000000721800000| PB 0x0000000721800000| Untracked 
| 259|0x0000000721a00000, 0x0000000721a00000, 0x0000000721c00000|  0%| F|  |TAMS 0x0000000721a00000| PB 0x0000000721a00000| Untracked 
| 260|0x0000000721c00000, 0x0000000721c00000, 0x0000000721e00000|  0%| F|  |TAMS 0x0000000721c00000| PB 0x0000000721c00000| Untracked 
| 261|0x0000000721e00000, 0x0000000721e00000, 0x0000000722000000|  0%| F|  |TAMS 0x0000000721e00000| PB 0x0000000721e00000| Untracked 
| 262|0x0000000722000000, 0x0000000722000000, 0x0000000722200000|  0%| F|  |TAMS 0x0000000722000000| PB 0x0000000722000000| Untracked 
| 263|0x0000000722200000, 0x0000000722200000, 0x0000000722400000|  0%| F|  |TAMS 0x0000000722200000| PB 0x0000000722200000| Untracked 
| 264|0x0000000722400000, 0x0000000722400000, 0x0000000722600000|  0%| F|  |TAMS 0x0000000722400000| PB 0x0000000722400000| Untracked 
| 265|0x0000000722600000, 0x0000000722600000, 0x0000000722800000|  0%| F|  |TAMS 0x0000000722600000| PB 0x0000000722600000| Untracked 
| 266|0x0000000722800000, 0x0000000722800000, 0x0000000722a00000|  0%| F|  |TAMS 0x0000000722800000| PB 0x0000000722800000| Untracked 
| 267|0x0000000722a00000, 0x0000000722a00000, 0x0000000722c00000|  0%| F|  |TAMS 0x0000000722a00000| PB 0x0000000722a00000| Untracked 
| 268|0x0000000722c00000, 0x0000000722c00000, 0x0000000722e00000|  0%| F|  |TAMS 0x0000000722c00000| PB 0x0000000722c00000| Untracked 
| 269|0x0000000722e00000, 0x0000000722e00000, 0x0000000723000000|  0%| F|  |TAMS 0x0000000722e00000| PB 0x0000000722e00000| Untracked 
| 270|0x0000000723000000, 0x0000000723000000, 0x0000000723200000|  0%| F|  |TAMS 0x0000000723000000| PB 0x0000000723000000| Untracked 
| 271|0x0000000723200000, 0x0000000723200000, 0x0000000723400000|  0%| F|  |TAMS 0x0000000723200000| PB 0x0000000723200000| Untracked 
| 272|0x0000000723400000, 0x0000000723400000, 0x0000000723600000|  0%| F|  |TAMS 0x0000000723400000| PB 0x0000000723400000| Untracked 
| 273|0x0000000723600000, 0x0000000723600000, 0x0000000723800000|  0%| F|  |TAMS 0x0000000723600000| PB 0x0000000723600000| Untracked 
| 274|0x0000000723800000, 0x0000000723800000, 0x0000000723a00000|  0%| F|  |TAMS 0x0000000723800000| PB 0x0000000723800000| Untracked 
| 275|0x0000000723a00000, 0x0000000723a00000, 0x0000000723c00000|  0%| F|  |TAMS 0x0000000723a00000| PB 0x0000000723a00000| Untracked 
| 276|0x0000000723c00000, 0x0000000723c00000, 0x0000000723e00000|  0%| F|  |TAMS 0x0000000723c00000| PB 0x0000000723c00000| Untracked 
| 277|0x0000000723e00000, 0x0000000723e00000, 0x0000000724000000|  0%| F|  |TAMS 0x0000000723e00000| PB 0x0000000723e00000| Untracked 
| 278|0x0000000724000000, 0x0000000724000000, 0x0000000724200000|  0%| F|  |TAMS 0x0000000724000000| PB 0x0000000724000000| Untracked 
| 279|0x0000000724200000, 0x0000000724200000, 0x0000000724400000|  0%| F|  |TAMS 0x0000000724200000| PB 0x0000000724200000| Untracked 
| 280|0x0000000724400000, 0x0000000724400000, 0x0000000724600000|  0%| F|  |TAMS 0x0000000724400000| PB 0x0000000724400000| Untracked 
| 281|0x0000000724600000, 0x0000000724600000, 0x0000000724800000|  0%| F|  |TAMS 0x0000000724600000| PB 0x0000000724600000| Untracked 
| 282|0x0000000724800000, 0x0000000724800000, 0x0000000724a00000|  0%| F|  |TAMS 0x0000000724800000| PB 0x0000000724800000| Untracked 
| 283|0x0000000724a00000, 0x0000000724a00000, 0x0000000724c00000|  0%| F|  |TAMS 0x0000000724a00000| PB 0x0000000724a00000| Untracked 
| 284|0x0000000724c00000, 0x0000000724c00000, 0x0000000724e00000|  0%| F|  |TAMS 0x0000000724c00000| PB 0x0000000724c00000| Untracked 
| 285|0x0000000724e00000, 0x0000000724e00000, 0x0000000725000000|  0%| F|  |TAMS 0x0000000724e00000| PB 0x0000000724e00000| Untracked 
| 286|0x0000000725000000, 0x0000000725000000, 0x0000000725200000|  0%| F|  |TAMS 0x0000000725000000| PB 0x0000000725000000| Untracked 
| 287|0x0000000725200000, 0x0000000725200000, 0x0000000725400000|  0%| F|  |TAMS 0x0000000725200000| PB 0x0000000725200000| Untracked 
| 288|0x0000000725400000, 0x0000000725400000, 0x0000000725600000|  0%| F|  |TAMS 0x0000000725400000| PB 0x0000000725400000| Untracked 
| 289|0x0000000725600000, 0x0000000725600000, 0x0000000725800000|  0%| F|  |TAMS 0x0000000725600000| PB 0x0000000725600000| Untracked 
| 290|0x0000000725800000, 0x0000000725800000, 0x0000000725a00000|  0%| F|  |TAMS 0x0000000725800000| PB 0x0000000725800000| Untracked 
| 291|0x0000000725a00000, 0x0000000725a00000, 0x0000000725c00000|  0%| F|  |TAMS 0x0000000725a00000| PB 0x0000000725a00000| Untracked 
| 292|0x0000000725c00000, 0x0000000725c00000, 0x0000000725e00000|  0%| F|  |TAMS 0x0000000725c00000| PB 0x0000000725c00000| Untracked 
| 293|0x0000000725e00000, 0x0000000725e00000, 0x0000000726000000|  0%| F|  |TAMS 0x0000000725e00000| PB 0x0000000725e00000| Untracked 
| 294|0x0000000726000000, 0x0000000726000000, 0x0000000726200000|  0%| F|  |TAMS 0x0000000726000000| PB 0x0000000726000000| Untracked 
| 295|0x0000000726200000, 0x0000000726200000, 0x0000000726400000|  0%| F|  |TAMS 0x0000000726200000| PB 0x0000000726200000| Untracked 
| 296|0x0000000726400000, 0x0000000726400000, 0x0000000726600000|  0%| F|  |TAMS 0x0000000726400000| PB 0x0000000726400000| Untracked 
| 297|0x0000000726600000, 0x0000000726600000, 0x0000000726800000|  0%| F|  |TAMS 0x0000000726600000| PB 0x0000000726600000| Untracked 
| 298|0x0000000726800000, 0x0000000726800000, 0x0000000726a00000|  0%| F|  |TAMS 0x0000000726800000| PB 0x0000000726800000| Untracked 
| 299|0x0000000726a00000, 0x0000000726a00000, 0x0000000726c00000|  0%| F|  |TAMS 0x0000000726a00000| PB 0x0000000726a00000| Untracked 
| 300|0x0000000726c00000, 0x0000000726c00000, 0x0000000726e00000|  0%| F|  |TAMS 0x0000000726c00000| PB 0x0000000726c00000| Untracked 
| 301|0x0000000726e00000, 0x0000000726e00000, 0x0000000727000000|  0%| F|  |TAMS 0x0000000726e00000| PB 0x0000000726e00000| Untracked 
| 302|0x0000000727000000, 0x0000000727000000, 0x0000000727200000|  0%| F|  |TAMS 0x0000000727000000| PB 0x0000000727000000| Untracked 
| 303|0x0000000727200000, 0x0000000727200000, 0x0000000727400000|  0%| F|  |TAMS 0x0000000727200000| PB 0x0000000727200000| Untracked 
| 304|0x0000000727400000, 0x0000000727400000, 0x0000000727600000|  0%| F|  |TAMS 0x0000000727400000| PB 0x0000000727400000| Untracked 
| 305|0x0000000727600000, 0x0000000727600000, 0x0000000727800000|  0%| F|  |TAMS 0x0000000727600000| PB 0x0000000727600000| Untracked 
| 306|0x0000000727800000, 0x0000000727800000, 0x0000000727a00000|  0%| F|  |TAMS 0x0000000727800000| PB 0x0000000727800000| Untracked 
| 307|0x0000000727a00000, 0x0000000727a00000, 0x0000000727c00000|  0%| F|  |TAMS 0x0000000727a00000| PB 0x0000000727a00000| Untracked 
| 308|0x0000000727c00000, 0x0000000727c00000, 0x0000000727e00000|  0%| F|  |TAMS 0x0000000727c00000| PB 0x0000000727c00000| Untracked 
| 309|0x0000000727e00000, 0x0000000727e00000, 0x0000000728000000|  0%| F|  |TAMS 0x0000000727e00000| PB 0x0000000727e00000| Untracked 
| 310|0x0000000728000000, 0x0000000728000000, 0x0000000728200000|  0%| F|  |TAMS 0x0000000728000000| PB 0x0000000728000000| Untracked 
| 311|0x0000000728200000, 0x0000000728200000, 0x0000000728400000|  0%| F|  |TAMS 0x0000000728200000| PB 0x0000000728200000| Untracked 
| 312|0x0000000728400000, 0x0000000728400000, 0x0000000728600000|  0%| F|  |TAMS 0x0000000728400000| PB 0x0000000728400000| Untracked 
| 313|0x0000000728600000, 0x0000000728600000, 0x0000000728800000|  0%| F|  |TAMS 0x0000000728600000| PB 0x0000000728600000| Untracked 
| 314|0x0000000728800000, 0x0000000728800000, 0x0000000728a00000|  0%| F|  |TAMS 0x0000000728800000| PB 0x0000000728800000| Untracked 
| 315|0x0000000728a00000, 0x0000000728a00000, 0x0000000728c00000|  0%| F|  |TAMS 0x0000000728a00000| PB 0x0000000728a00000| Untracked 
| 316|0x0000000728c00000, 0x0000000728c00000, 0x0000000728e00000|  0%| F|  |TAMS 0x0000000728c00000| PB 0x0000000728c00000| Untracked 
| 317|0x0000000728e00000, 0x0000000728e00000, 0x0000000729000000|  0%| F|  |TAMS 0x0000000728e00000| PB 0x0000000728e00000| Untracked 
| 318|0x0000000729000000, 0x0000000729000000, 0x0000000729200000|  0%| F|  |TAMS 0x0000000729000000| PB 0x0000000729000000| Untracked 
| 319|0x0000000729200000, 0x0000000729200000, 0x0000000729400000|  0%| F|  |TAMS 0x0000000729200000| PB 0x0000000729200000| Untracked 
| 320|0x0000000729400000, 0x0000000729400000, 0x0000000729600000|  0%| F|  |TAMS 0x0000000729400000| PB 0x0000000729400000| Untracked 
| 321|0x0000000729600000, 0x0000000729600000, 0x0000000729800000|  0%| F|  |TAMS 0x0000000729600000| PB 0x0000000729600000| Untracked 
| 322|0x0000000729800000, 0x0000000729800000, 0x0000000729a00000|  0%| F|  |TAMS 0x0000000729800000| PB 0x0000000729800000| Untracked 
| 323|0x0000000729a00000, 0x0000000729a00000, 0x0000000729c00000|  0%| F|  |TAMS 0x0000000729a00000| PB 0x0000000729a00000| Untracked 
| 324|0x0000000729c00000, 0x0000000729c00000, 0x0000000729e00000|  0%| F|  |TAMS 0x0000000729c00000| PB 0x0000000729c00000| Untracked 
| 325|0x0000000729e00000, 0x0000000729e00000, 0x000000072a000000|  0%| F|  |TAMS 0x0000000729e00000| PB 0x0000000729e00000| Untracked 
| 326|0x000000072a000000, 0x000000072a000000, 0x000000072a200000|  0%| F|  |TAMS 0x000000072a000000| PB 0x000000072a000000| Untracked 
| 327|0x000000072a200000, 0x000000072a200000, 0x000000072a400000|  0%| F|  |TAMS 0x000000072a200000| PB 0x000000072a200000| Untracked 
| 328|0x000000072a400000, 0x000000072a5f7290, 0x000000072a600000| 98%| E|  |TAMS 0x000000072a400000| PB 0x000000072a400000| Complete 
| 329|0x000000072a600000, 0x000000072a800000, 0x000000072a800000|100%| E|CS|TAMS 0x000000072a600000| PB 0x000000072a600000| Complete 
| 330|0x000000072a800000, 0x000000072aa00000, 0x000000072aa00000|100%| E|CS|TAMS 0x000000072a800000| PB 0x000000072a800000| Complete 
| 331|0x000000072aa00000, 0x000000072ac00000, 0x000000072ac00000|100%| E|CS|TAMS 0x000000072aa00000| PB 0x000000072aa00000| Complete 
| 332|0x000000072ac00000, 0x000000072ae00000, 0x000000072ae00000|100%| E|CS|TAMS 0x000000072ac00000| PB 0x000000072ac00000| Complete 
| 333|0x000000072ae00000, 0x000000072b000000, 0x000000072b000000|100%| E|CS|TAMS 0x000000072ae00000| PB 0x000000072ae00000| Complete 
| 334|0x000000072b000000, 0x000000072b200000, 0x000000072b200000|100%| E|CS|TAMS 0x000000072b000000| PB 0x000000072b000000| Complete 
| 335|0x000000072b200000, 0x000000072b400000, 0x000000072b400000|100%| E|CS|TAMS 0x000000072b200000| PB 0x000000072b200000| Complete 
| 336|0x000000072b400000, 0x000000072b600000, 0x000000072b600000|100%| E|CS|TAMS 0x000000072b400000| PB 0x000000072b400000| Complete 
| 337|0x000000072b600000, 0x000000072b800000, 0x000000072b800000|100%| E|CS|TAMS 0x000000072b600000| PB 0x000000072b600000| Complete 
| 338|0x000000072b800000, 0x000000072ba00000, 0x000000072ba00000|100%| E|CS|TAMS 0x000000072b800000| PB 0x000000072b800000| Complete 
| 339|0x000000072ba00000, 0x000000072bc00000, 0x000000072bc00000|100%| E|CS|TAMS 0x000000072ba00000| PB 0x000000072ba00000| Complete 
| 340|0x000000072bc00000, 0x000000072be00000, 0x000000072be00000|100%| E|CS|TAMS 0x000000072bc00000| PB 0x000000072bc00000| Complete 
| 341|0x000000072be00000, 0x000000072c000000, 0x000000072c000000|100%| E|CS|TAMS 0x000000072be00000| PB 0x000000072be00000| Complete 
| 342|0x000000072c000000, 0x000000072c200000, 0x000000072c200000|100%| E|CS|TAMS 0x000000072c000000| PB 0x000000072c000000| Complete 
| 343|0x000000072c200000, 0x000000072c400000, 0x000000072c400000|100%| E|CS|TAMS 0x000000072c200000| PB 0x000000072c200000| Complete 
| 344|0x000000072c400000, 0x000000072c600000, 0x000000072c600000|100%| E|CS|TAMS 0x000000072c400000| PB 0x000000072c400000| Complete 
| 345|0x000000072c600000, 0x000000072c800000, 0x000000072c800000|100%| E|CS|TAMS 0x000000072c600000| PB 0x000000072c600000| Complete 
| 346|0x000000072c800000, 0x000000072ca00000, 0x000000072ca00000|100%| E|CS|TAMS 0x000000072c800000| PB 0x000000072c800000| Complete 
| 347|0x000000072ca00000, 0x000000072cc00000, 0x000000072cc00000|100%| E|CS|TAMS 0x000000072ca00000| PB 0x000000072ca00000| Complete 
| 348|0x000000072cc00000, 0x000000072ce00000, 0x000000072ce00000|100%| E|CS|TAMS 0x000000072cc00000| PB 0x000000072cc00000| Complete 
| 349|0x000000072ce00000, 0x000000072d000000, 0x000000072d000000|100%| E|CS|TAMS 0x000000072ce00000| PB 0x000000072ce00000| Complete 
| 350|0x000000072d000000, 0x000000072d200000, 0x000000072d200000|100%| E|CS|TAMS 0x000000072d000000| PB 0x000000072d000000| Complete 
| 351|0x000000072d200000, 0x000000072d400000, 0x000000072d400000|100%| E|CS|TAMS 0x000000072d200000| PB 0x000000072d200000| Complete 
| 352|0x000000072d400000, 0x000000072d600000, 0x000000072d600000|100%| E|CS|TAMS 0x000000072d400000| PB 0x000000072d400000| Complete 
| 353|0x000000072d600000, 0x000000072d800000, 0x000000072d800000|100%| E|CS|TAMS 0x000000072d600000| PB 0x000000072d600000| Complete 
| 354|0x000000072d800000, 0x000000072da00000, 0x000000072da00000|100%| E|CS|TAMS 0x000000072d800000| PB 0x000000072d800000| Complete 
| 355|0x000000072da00000, 0x000000072dc00000, 0x000000072dc00000|100%| E|CS|TAMS 0x000000072da00000| PB 0x000000072da00000| Complete 
| 356|0x000000072dc00000, 0x000000072de00000, 0x000000072de00000|100%| E|CS|TAMS 0x000000072dc00000| PB 0x000000072dc00000| Complete 
| 357|0x000000072de00000, 0x000000072e000000, 0x000000072e000000|100%| E|CS|TAMS 0x000000072de00000| PB 0x000000072de00000| Complete 
| 358|0x000000072e000000, 0x000000072e200000, 0x000000072e200000|100%| E|CS|TAMS 0x000000072e000000| PB 0x000000072e000000| Complete 
| 359|0x000000072e200000, 0x000000072e400000, 0x000000072e400000|100%| E|CS|TAMS 0x000000072e200000| PB 0x000000072e200000| Complete 
| 360|0x000000072e400000, 0x000000072e600000, 0x000000072e600000|100%| E|CS|TAMS 0x000000072e400000| PB 0x000000072e400000| Complete 
| 361|0x000000072e600000, 0x000000072e800000, 0x000000072e800000|100%| E|CS|TAMS 0x000000072e600000| PB 0x000000072e600000| Complete 
| 362|0x000000072e800000, 0x000000072ea00000, 0x000000072ea00000|100%| E|CS|TAMS 0x000000072e800000| PB 0x000000072e800000| Complete 
| 363|0x000000072ea00000, 0x000000072ec00000, 0x000000072ec00000|100%| E|CS|TAMS 0x000000072ea00000| PB 0x000000072ea00000| Complete 
| 364|0x000000072ec00000, 0x000000072ee00000, 0x000000072ee00000|100%| E|CS|TAMS 0x000000072ec00000| PB 0x000000072ec00000| Complete 
| 365|0x000000072ee00000, 0x000000072f000000, 0x000000072f000000|100%| E|CS|TAMS 0x000000072ee00000| PB 0x000000072ee00000| Complete 
| 366|0x000000072f000000, 0x000000072f200000, 0x000000072f200000|100%| E|CS|TAMS 0x000000072f000000| PB 0x000000072f000000| Complete 
| 367|0x000000072f200000, 0x000000072f400000, 0x000000072f400000|100%| E|CS|TAMS 0x000000072f200000| PB 0x000000072f200000| Complete 
| 368|0x000000072f400000, 0x000000072f600000, 0x000000072f600000|100%| E|CS|TAMS 0x000000072f400000| PB 0x000000072f400000| Complete 
| 369|0x000000072f600000, 0x000000072f800000, 0x000000072f800000|100%| E|CS|TAMS 0x000000072f600000| PB 0x000000072f600000| Complete 
| 370|0x000000072f800000, 0x000000072fa00000, 0x000000072fa00000|100%| E|CS|TAMS 0x000000072f800000| PB 0x000000072f800000| Complete 
| 371|0x000000072fa00000, 0x000000072fc00000, 0x000000072fc00000|100%| E|CS|TAMS 0x000000072fa00000| PB 0x000000072fa00000| Complete 
| 372|0x000000072fc00000, 0x000000072fe00000, 0x000000072fe00000|100%| E|CS|TAMS 0x000000072fc00000| PB 0x000000072fc00000| Complete 
| 373|0x000000072fe00000, 0x0000000730000000, 0x0000000730000000|100%| E|CS|TAMS 0x000000072fe00000| PB 0x000000072fe00000| Complete 
| 374|0x0000000730000000, 0x0000000730200000, 0x0000000730200000|100%| E|CS|TAMS 0x0000000730000000| PB 0x0000000730000000| Complete 
| 375|0x0000000730200000, 0x0000000730400000, 0x0000000730400000|100%| E|CS|TAMS 0x0000000730200000| PB 0x0000000730200000| Complete 
| 376|0x0000000730400000, 0x0000000730600000, 0x0000000730600000|100%| E|CS|TAMS 0x0000000730400000| PB 0x0000000730400000| Complete 
| 377|0x0000000730600000, 0x0000000730800000, 0x0000000730800000|100%| E|CS|TAMS 0x0000000730600000| PB 0x0000000730600000| Complete 
| 378|0x0000000730800000, 0x0000000730a00000, 0x0000000730a00000|100%| E|CS|TAMS 0x0000000730800000| PB 0x0000000730800000| Complete 
| 379|0x0000000730a00000, 0x0000000730c00000, 0x0000000730c00000|100%| E|CS|TAMS 0x0000000730a00000| PB 0x0000000730a00000| Complete 
| 380|0x0000000730c00000, 0x0000000730e00000, 0x0000000730e00000|100%| E|CS|TAMS 0x0000000730c00000| PB 0x0000000730c00000| Complete 
| 381|0x0000000730e00000, 0x0000000731000000, 0x0000000731000000|100%| E|CS|TAMS 0x0000000730e00000| PB 0x0000000730e00000| Complete 
| 382|0x0000000731000000, 0x0000000731200000, 0x0000000731200000|100%| E|CS|TAMS 0x0000000731000000| PB 0x0000000731000000| Complete 
| 383|0x0000000731200000, 0x0000000731400000, 0x0000000731400000|100%| E|CS|TAMS 0x0000000731200000| PB 0x0000000731200000| Complete 
| 384|0x0000000731400000, 0x0000000731600000, 0x0000000731600000|100%| E|CS|TAMS 0x0000000731400000| PB 0x0000000731400000| Complete 
| 385|0x0000000731600000, 0x0000000731800000, 0x0000000731800000|100%| E|CS|TAMS 0x0000000731600000| PB 0x0000000731600000| Complete 
| 386|0x0000000731800000, 0x0000000731a00000, 0x0000000731a00000|100%| E|CS|TAMS 0x0000000731800000| PB 0x0000000731800000| Complete 
| 387|0x0000000731a00000, 0x0000000731c00000, 0x0000000731c00000|100%| E|CS|TAMS 0x0000000731a00000| PB 0x0000000731a00000| Complete 
| 388|0x0000000731c00000, 0x0000000731e00000, 0x0000000731e00000|100%| E|CS|TAMS 0x0000000731c00000| PB 0x0000000731c00000| Complete 
| 389|0x0000000731e00000, 0x0000000732000000, 0x0000000732000000|100%| E|CS|TAMS 0x0000000731e00000| PB 0x0000000731e00000| Complete 
| 390|0x0000000732000000, 0x0000000732200000, 0x0000000732200000|100%| E|CS|TAMS 0x0000000732000000| PB 0x0000000732000000| Complete 
| 391|0x0000000732200000, 0x0000000732400000, 0x0000000732400000|100%| E|CS|TAMS 0x0000000732200000| PB 0x0000000732200000| Complete 
| 392|0x0000000732400000, 0x0000000732600000, 0x0000000732600000|100%| E|CS|TAMS 0x0000000732400000| PB 0x0000000732400000| Complete 
| 393|0x0000000732600000, 0x0000000732800000, 0x0000000732800000|100%| E|CS|TAMS 0x0000000732600000| PB 0x0000000732600000| Complete 
| 394|0x0000000732800000, 0x0000000732a00000, 0x0000000732a00000|100%| E|CS|TAMS 0x0000000732800000| PB 0x0000000732800000| Complete 
| 395|0x0000000732a00000, 0x0000000732c00000, 0x0000000732c00000|100%| E|CS|TAMS 0x0000000732a00000| PB 0x0000000732a00000| Complete 
| 396|0x0000000732c00000, 0x0000000732e00000, 0x0000000732e00000|100%| E|CS|TAMS 0x0000000732c00000| PB 0x0000000732c00000| Complete 
| 397|0x0000000732e00000, 0x0000000733000000, 0x0000000733000000|100%| E|CS|TAMS 0x0000000732e00000| PB 0x0000000732e00000| Complete 
| 398|0x0000000733000000, 0x0000000733200000, 0x0000000733200000|100%| E|CS|TAMS 0x0000000733000000| PB 0x0000000733000000| Complete 
| 399|0x0000000733200000, 0x0000000733400000, 0x0000000733400000|100%| E|CS|TAMS 0x0000000733200000| PB 0x0000000733200000| Complete 
| 400|0x0000000733400000, 0x0000000733600000, 0x0000000733600000|100%| E|CS|TAMS 0x0000000733400000| PB 0x0000000733400000| Complete 
| 401|0x0000000733600000, 0x0000000733800000, 0x0000000733800000|100%| E|CS|TAMS 0x0000000733600000| PB 0x0000000733600000| Complete 
| 402|0x0000000733800000, 0x0000000733a00000, 0x0000000733a00000|100%| E|CS|TAMS 0x0000000733800000| PB 0x0000000733800000| Complete 
| 403|0x0000000733a00000, 0x0000000733c00000, 0x0000000733c00000|100%| E|CS|TAMS 0x0000000733a00000| PB 0x0000000733a00000| Complete 
| 404|0x0000000733c00000, 0x0000000733e00000, 0x0000000733e00000|100%| E|CS|TAMS 0x0000000733c00000| PB 0x0000000733c00000| Complete 
| 405|0x0000000733e00000, 0x0000000734000000, 0x0000000734000000|100%| E|CS|TAMS 0x0000000733e00000| PB 0x0000000733e00000| Complete 
| 406|0x0000000734000000, 0x0000000734200000, 0x0000000734200000|100%| E|CS|TAMS 0x0000000734000000| PB 0x0000000734000000| Complete 
| 407|0x0000000734200000, 0x0000000734400000, 0x0000000734400000|100%| E|CS|TAMS 0x0000000734200000| PB 0x0000000734200000| Complete 
| 408|0x0000000734400000, 0x0000000734600000, 0x0000000734600000|100%| E|CS|TAMS 0x0000000734400000| PB 0x0000000734400000| Complete 
| 409|0x0000000734600000, 0x0000000734800000, 0x0000000734800000|100%| E|CS|TAMS 0x0000000734600000| PB 0x0000000734600000| Complete 
| 410|0x0000000734800000, 0x0000000734a00000, 0x0000000734a00000|100%| E|CS|TAMS 0x0000000734800000| PB 0x0000000734800000| Complete 
| 411|0x0000000734a00000, 0x0000000734c00000, 0x0000000734c00000|100%| E|CS|TAMS 0x0000000734a00000| PB 0x0000000734a00000| Complete 
| 412|0x0000000734c00000, 0x0000000734e00000, 0x0000000734e00000|100%| E|CS|TAMS 0x0000000734c00000| PB 0x0000000734c00000| Complete 
| 413|0x0000000734e00000, 0x0000000735000000, 0x0000000735000000|100%| E|CS|TAMS 0x0000000734e00000| PB 0x0000000734e00000| Complete 
| 414|0x0000000735000000, 0x0000000735200000, 0x0000000735200000|100%| E|CS|TAMS 0x0000000735000000| PB 0x0000000735000000| Complete 
| 415|0x0000000735200000, 0x0000000735400000, 0x0000000735400000|100%| E|CS|TAMS 0x0000000735200000| PB 0x0000000735200000| Complete 
| 416|0x0000000735400000, 0x0000000735600000, 0x0000000735600000|100%| E|CS|TAMS 0x0000000735400000| PB 0x0000000735400000| Complete 
| 417|0x0000000735600000, 0x0000000735800000, 0x0000000735800000|100%| E|CS|TAMS 0x0000000735600000| PB 0x0000000735600000| Complete 
| 418|0x0000000735800000, 0x0000000735a00000, 0x0000000735a00000|100%| E|CS|TAMS 0x0000000735800000| PB 0x0000000735800000| Complete 
| 419|0x0000000735a00000, 0x0000000735c00000, 0x0000000735c00000|100%| E|CS|TAMS 0x0000000735a00000| PB 0x0000000735a00000| Complete 
| 420|0x0000000735c00000, 0x0000000735e00000, 0x0000000735e00000|100%| E|CS|TAMS 0x0000000735c00000| PB 0x0000000735c00000| Complete 
| 421|0x0000000735e00000, 0x0000000736000000, 0x0000000736000000|100%| E|CS|TAMS 0x0000000735e00000| PB 0x0000000735e00000| Complete 
| 422|0x0000000736000000, 0x0000000736200000, 0x0000000736200000|100%| E|CS|TAMS 0x0000000736000000| PB 0x0000000736000000| Complete 
| 423|0x0000000736200000, 0x0000000736400000, 0x0000000736400000|100%| E|CS|TAMS 0x0000000736200000| PB 0x0000000736200000| Complete 
| 424|0x0000000736400000, 0x0000000736600000, 0x0000000736600000|100%| E|CS|TAMS 0x0000000736400000| PB 0x0000000736400000| Complete 
| 425|0x0000000736600000, 0x0000000736800000, 0x0000000736800000|100%| E|CS|TAMS 0x0000000736600000| PB 0x0000000736600000| Complete 
| 426|0x0000000736800000, 0x0000000736a00000, 0x0000000736a00000|100%| E|CS|TAMS 0x0000000736800000| PB 0x0000000736800000| Complete 
| 427|0x0000000736a00000, 0x0000000736c00000, 0x0000000736c00000|100%| E|CS|TAMS 0x0000000736a00000| PB 0x0000000736a00000| Complete 
| 428|0x0000000736c00000, 0x0000000736e00000, 0x0000000736e00000|100%| E|CS|TAMS 0x0000000736c00000| PB 0x0000000736c00000| Complete 
| 429|0x0000000736e00000, 0x0000000737000000, 0x0000000737000000|100%| E|CS|TAMS 0x0000000736e00000| PB 0x0000000736e00000| Complete 
| 430|0x0000000737000000, 0x0000000737200000, 0x0000000737200000|100%| E|CS|TAMS 0x0000000737000000| PB 0x0000000737000000| Complete 
| 431|0x0000000737200000, 0x0000000737400000, 0x0000000737400000|100%| E|CS|TAMS 0x0000000737200000| PB 0x0000000737200000| Complete 
| 432|0x0000000737400000, 0x0000000737600000, 0x0000000737600000|100%| E|CS|TAMS 0x0000000737400000| PB 0x0000000737400000| Complete 
| 433|0x0000000737600000, 0x0000000737800000, 0x0000000737800000|100%| E|CS|TAMS 0x0000000737600000| PB 0x0000000737600000| Complete 
| 434|0x0000000737800000, 0x0000000737a00000, 0x0000000737a00000|100%| E|CS|TAMS 0x0000000737800000| PB 0x0000000737800000| Complete 
| 435|0x0000000737a00000, 0x0000000737c00000, 0x0000000737c00000|100%| E|CS|TAMS 0x0000000737a00000| PB 0x0000000737a00000| Complete 
| 436|0x0000000737c00000, 0x0000000737e00000, 0x0000000737e00000|100%| E|CS|TAMS 0x0000000737c00000| PB 0x0000000737c00000| Complete 
| 437|0x0000000737e00000, 0x0000000738000000, 0x0000000738000000|100%| E|CS|TAMS 0x0000000737e00000| PB 0x0000000737e00000| Complete 
| 438|0x0000000738000000, 0x0000000738200000, 0x0000000738200000|100%| E|CS|TAMS 0x0000000738000000| PB 0x0000000738000000| Complete 
| 439|0x0000000738200000, 0x0000000738400000, 0x0000000738400000|100%| E|CS|TAMS 0x0000000738200000| PB 0x0000000738200000| Complete 
| 440|0x0000000738400000, 0x0000000738600000, 0x0000000738600000|100%| E|CS|TAMS 0x0000000738400000| PB 0x0000000738400000| Complete 
| 441|0x0000000738600000, 0x0000000738800000, 0x0000000738800000|100%| E|CS|TAMS 0x0000000738600000| PB 0x0000000738600000| Complete 
| 442|0x0000000738800000, 0x0000000738a00000, 0x0000000738a00000|100%| E|CS|TAMS 0x0000000738800000| PB 0x0000000738800000| Complete 
| 443|0x0000000738a00000, 0x0000000738c00000, 0x0000000738c00000|100%| E|CS|TAMS 0x0000000738a00000| PB 0x0000000738a00000| Complete 
| 444|0x0000000738c00000, 0x0000000738e00000, 0x0000000738e00000|100%| E|CS|TAMS 0x0000000738c00000| PB 0x0000000738c00000| Complete 
| 445|0x0000000738e00000, 0x0000000739000000, 0x0000000739000000|100%| E|CS|TAMS 0x0000000738e00000| PB 0x0000000738e00000| Complete 
| 446|0x0000000739000000, 0x0000000739200000, 0x0000000739200000|100%| E|CS|TAMS 0x0000000739000000| PB 0x0000000739000000| Complete 
| 447|0x0000000739200000, 0x0000000739400000, 0x0000000739400000|100%| E|CS|TAMS 0x0000000739200000| PB 0x0000000739200000| Complete 
| 448|0x0000000739400000, 0x0000000739600000, 0x0000000739600000|100%| E|CS|TAMS 0x0000000739400000| PB 0x0000000739400000| Complete 
| 449|0x0000000739600000, 0x0000000739800000, 0x0000000739800000|100%| E|CS|TAMS 0x0000000739600000| PB 0x0000000739600000| Complete 
| 450|0x0000000739800000, 0x0000000739a00000, 0x0000000739a00000|100%| E|CS|TAMS 0x0000000739800000| PB 0x0000000739800000| Complete 
| 451|0x0000000739a00000, 0x0000000739c00000, 0x0000000739c00000|100%| E|CS|TAMS 0x0000000739a00000| PB 0x0000000739a00000| Complete 
| 452|0x0000000739c00000, 0x0000000739e00000, 0x0000000739e00000|100%| E|CS|TAMS 0x0000000739c00000| PB 0x0000000739c00000| Complete 
| 453|0x0000000739e00000, 0x000000073a000000, 0x000000073a000000|100%| E|CS|TAMS 0x0000000739e00000| PB 0x0000000739e00000| Complete 
| 454|0x000000073a000000, 0x000000073a200000, 0x000000073a200000|100%| E|CS|TAMS 0x000000073a000000| PB 0x000000073a000000| Complete 
| 455|0x000000073a200000, 0x000000073a400000, 0x000000073a400000|100%| E|CS|TAMS 0x000000073a200000| PB 0x000000073a200000| Complete 
| 456|0x000000073a400000, 0x000000073a600000, 0x000000073a600000|100%| E|CS|TAMS 0x000000073a400000| PB 0x000000073a400000| Complete 
| 457|0x000000073a600000, 0x000000073a800000, 0x000000073a800000|100%| E|CS|TAMS 0x000000073a600000| PB 0x000000073a600000| Complete 
| 458|0x000000073a800000, 0x000000073aa00000, 0x000000073aa00000|100%| E|CS|TAMS 0x000000073a800000| PB 0x000000073a800000| Complete 
| 459|0x000000073aa00000, 0x000000073ac00000, 0x000000073ac00000|100%| E|CS|TAMS 0x000000073aa00000| PB 0x000000073aa00000| Complete 
| 460|0x000000073ac00000, 0x000000073ae00000, 0x000000073ae00000|100%| E|CS|TAMS 0x000000073ac00000| PB 0x000000073ac00000| Complete 
| 461|0x000000073ae00000, 0x000000073b000000, 0x000000073b000000|100%| E|CS|TAMS 0x000000073ae00000| PB 0x000000073ae00000| Complete 
| 462|0x000000073b000000, 0x000000073b200000, 0x000000073b200000|100%| E|CS|TAMS 0x000000073b000000| PB 0x000000073b000000| Complete 
| 463|0x000000073b200000, 0x000000073b400000, 0x000000073b400000|100%| E|CS|TAMS 0x000000073b200000| PB 0x000000073b200000| Complete 
| 464|0x000000073b400000, 0x000000073b600000, 0x000000073b600000|100%| E|CS|TAMS 0x000000073b400000| PB 0x000000073b400000| Complete 
| 465|0x000000073b600000, 0x000000073b800000, 0x000000073b800000|100%| E|CS|TAMS 0x000000073b600000| PB 0x000000073b600000| Complete 
| 466|0x000000073b800000, 0x000000073ba00000, 0x000000073ba00000|100%| E|CS|TAMS 0x000000073b800000| PB 0x000000073b800000| Complete 
| 467|0x000000073ba00000, 0x000000073bc00000, 0x000000073bc00000|100%| E|CS|TAMS 0x000000073ba00000| PB 0x000000073ba00000| Complete 
| 468|0x000000073bc00000, 0x000000073be00000, 0x000000073be00000|100%| E|CS|TAMS 0x000000073bc00000| PB 0x000000073bc00000| Complete 
| 469|0x000000073be00000, 0x000000073c000000, 0x000000073c000000|100%| E|CS|TAMS 0x000000073be00000| PB 0x000000073be00000| Complete 
| 470|0x000000073c000000, 0x000000073c200000, 0x000000073c200000|100%| E|CS|TAMS 0x000000073c000000| PB 0x000000073c000000| Complete 
| 471|0x000000073c200000, 0x000000073c400000, 0x000000073c400000|100%| E|CS|TAMS 0x000000073c200000| PB 0x000000073c200000| Complete 
| 472|0x000000073c400000, 0x000000073c600000, 0x000000073c600000|100%| E|CS|TAMS 0x000000073c400000| PB 0x000000073c400000| Complete 
| 473|0x000000073c600000, 0x000000073c800000, 0x000000073c800000|100%| E|CS|TAMS 0x000000073c600000| PB 0x000000073c600000| Complete 
| 474|0x000000073c800000, 0x000000073ca00000, 0x000000073ca00000|100%| E|CS|TAMS 0x000000073c800000| PB 0x000000073c800000| Complete 
| 475|0x000000073ca00000, 0x000000073cc00000, 0x000000073cc00000|100%| E|CS|TAMS 0x000000073ca00000| PB 0x000000073ca00000| Complete 
| 476|0x000000073cc00000, 0x000000073ce00000, 0x000000073ce00000|100%| E|CS|TAMS 0x000000073cc00000| PB 0x000000073cc00000| Complete 
| 477|0x000000073ce00000, 0x000000073d000000, 0x000000073d000000|100%| E|CS|TAMS 0x000000073ce00000| PB 0x000000073ce00000| Complete 
| 478|0x000000073d000000, 0x000000073d200000, 0x000000073d200000|100%| E|CS|TAMS 0x000000073d000000| PB 0x000000073d000000| Complete 
| 479|0x000000073d200000, 0x000000073d400000, 0x000000073d400000|100%| E|CS|TAMS 0x000000073d200000| PB 0x000000073d200000| Complete 
| 480|0x000000073d400000, 0x000000073d600000, 0x000000073d600000|100%| E|CS|TAMS 0x000000073d400000| PB 0x000000073d400000| Complete 
| 481|0x000000073d600000, 0x000000073d800000, 0x000000073d800000|100%| E|CS|TAMS 0x000000073d600000| PB 0x000000073d600000| Complete 
| 482|0x000000073d800000, 0x000000073da00000, 0x000000073da00000|100%| E|CS|TAMS 0x000000073d800000| PB 0x000000073d800000| Complete 
| 483|0x000000073da00000, 0x000000073dc00000, 0x000000073dc00000|100%| E|CS|TAMS 0x000000073da00000| PB 0x000000073da00000| Complete 
| 484|0x000000073dc00000, 0x000000073de00000, 0x000000073de00000|100%| E|CS|TAMS 0x000000073dc00000| PB 0x000000073dc00000| Complete 
| 485|0x000000073de00000, 0x000000073e000000, 0x000000073e000000|100%| E|CS|TAMS 0x000000073de00000| PB 0x000000073de00000| Complete 
| 486|0x000000073e000000, 0x000000073e200000, 0x000000073e200000|100%| E|CS|TAMS 0x000000073e000000| PB 0x000000073e000000| Complete 
| 487|0x000000073e200000, 0x000000073e400000, 0x000000073e400000|100%| E|CS|TAMS 0x000000073e200000| PB 0x000000073e200000| Complete 
| 488|0x000000073e400000, 0x000000073e600000, 0x000000073e600000|100%| E|CS|TAMS 0x000000073e400000| PB 0x000000073e400000| Complete 
| 489|0x000000073e600000, 0x000000073e800000, 0x000000073e800000|100%| E|CS|TAMS 0x000000073e600000| PB 0x000000073e600000| Complete 
| 490|0x000000073e800000, 0x000000073ea00000, 0x000000073ea00000|100%| E|CS|TAMS 0x000000073e800000| PB 0x000000073e800000| Complete 
| 491|0x000000073ea00000, 0x000000073ec00000, 0x000000073ec00000|100%| E|CS|TAMS 0x000000073ea00000| PB 0x000000073ea00000| Complete 
| 492|0x000000073ec00000, 0x000000073ee00000, 0x000000073ee00000|100%| E|CS|TAMS 0x000000073ec00000| PB 0x000000073ec00000| Complete 
| 493|0x000000073ee00000, 0x000000073f000000, 0x000000073f000000|100%| E|CS|TAMS 0x000000073ee00000| PB 0x000000073ee00000| Complete 
| 494|0x000000073f000000, 0x000000073f200000, 0x000000073f200000|100%| E|CS|TAMS 0x000000073f000000| PB 0x000000073f000000| Complete 
| 495|0x000000073f200000, 0x000000073f400000, 0x000000073f400000|100%| E|CS|TAMS 0x000000073f200000| PB 0x000000073f200000| Complete 
| 496|0x000000073f400000, 0x000000073f600000, 0x000000073f600000|100%| E|CS|TAMS 0x000000073f400000| PB 0x000000073f400000| Complete 
| 497|0x000000073f600000, 0x000000073f800000, 0x000000073f800000|100%| E|CS|TAMS 0x000000073f600000| PB 0x000000073f600000| Complete 
| 498|0x000000073f800000, 0x000000073fa00000, 0x000000073fa00000|100%| E|CS|TAMS 0x000000073f800000| PB 0x000000073f800000| Complete 
| 499|0x000000073fa00000, 0x000000073fc00000, 0x000000073fc00000|100%| E|CS|TAMS 0x000000073fa00000| PB 0x000000073fa00000| Complete 
| 500|0x000000073fc00000, 0x000000073fe00000, 0x000000073fe00000|100%| E|CS|TAMS 0x000000073fc00000| PB 0x000000073fc00000| Complete 
| 501|0x000000073fe00000, 0x0000000740000000, 0x0000000740000000|100%| E|CS|TAMS 0x000000073fe00000| PB 0x000000073fe00000| Complete 
| 502|0x0000000740000000, 0x0000000740200000, 0x0000000740200000|100%| E|CS|TAMS 0x0000000740000000| PB 0x0000000740000000| Complete 
| 503|0x0000000740200000, 0x0000000740400000, 0x0000000740400000|100%| E|CS|TAMS 0x0000000740200000| PB 0x0000000740200000| Complete 
| 504|0x0000000740400000, 0x0000000740600000, 0x0000000740600000|100%| E|CS|TAMS 0x0000000740400000| PB 0x0000000740400000| Complete 
| 505|0x0000000740600000, 0x0000000740800000, 0x0000000740800000|100%| E|CS|TAMS 0x0000000740600000| PB 0x0000000740600000| Complete 
| 506|0x0000000740800000, 0x0000000740a00000, 0x0000000740a00000|100%| E|CS|TAMS 0x0000000740800000| PB 0x0000000740800000| Complete 
| 507|0x0000000740a00000, 0x0000000740c00000, 0x0000000740c00000|100%| E|CS|TAMS 0x0000000740a00000| PB 0x0000000740a00000| Complete 
| 508|0x0000000740c00000, 0x0000000740e00000, 0x0000000740e00000|100%| E|CS|TAMS 0x0000000740c00000| PB 0x0000000740c00000| Complete 
| 509|0x0000000740e00000, 0x0000000741000000, 0x0000000741000000|100%| E|CS|TAMS 0x0000000740e00000| PB 0x0000000740e00000| Complete 
| 510|0x0000000741000000, 0x0000000741200000, 0x0000000741200000|100%| E|CS|TAMS 0x0000000741000000| PB 0x0000000741000000| Complete 
| 511|0x0000000741200000, 0x0000000741400000, 0x0000000741400000|100%| E|CS|TAMS 0x0000000741200000| PB 0x0000000741200000| Complete 
| 512|0x0000000741400000, 0x0000000741600000, 0x0000000741600000|100%| E|CS|TAMS 0x0000000741400000| PB 0x0000000741400000| Complete 
| 513|0x0000000741600000, 0x0000000741800000, 0x0000000741800000|100%| E|CS|TAMS 0x0000000741600000| PB 0x0000000741600000| Complete 
|2021|0x00000007fde00000, 0x00000007fe000000, 0x00000007fe000000|100%| O|  |TAMS 0x00000007fde00000| PB 0x00000007fde00000| Untracked 
|2022|0x00000007fe000000, 0x00000007fe200000, 0x00000007fe200000|100%| O|  |TAMS 0x00000007fe000000| PB 0x00000007fe000000| Untracked 
|2023|0x00000007fe200000, 0x00000007fe400000, 0x00000007fe400000|100%| O|  |TAMS 0x00000007fe200000| PB 0x00000007fe200000| Untracked 
|2024|0x00000007fe400000, 0x00000007fe600000, 0x00000007fe600000|100%| O|  |TAMS 0x00000007fe400000| PB 0x00000007fe400000| Untracked 
|2025|0x00000007fe600000, 0x00000007fe800000, 0x00000007fe800000|100%| O|  |TAMS 0x00000007fe600000| PB 0x00000007fe600000| Untracked 
|2026|0x00000007fe800000, 0x00000007fea00000, 0x00000007fea00000|100%| O|  |TAMS 0x00000007fe800000| PB 0x00000007fe800000| Untracked 
|2027|0x00000007fea00000, 0x00000007fec00000, 0x00000007fec00000|100%| O|  |TAMS 0x00000007fea00000| PB 0x00000007fea00000| Untracked 
|2028|0x00000007fec00000, 0x00000007fee00000, 0x00000007fee00000|100%| O|  |TAMS 0x00000007fec00000| PB 0x00000007fec00000| Untracked 
|2029|0x00000007fee00000, 0x00000007ff000000, 0x00000007ff000000|100%| O|  |TAMS 0x00000007fee00000| PB 0x00000007fee00000| Untracked 
|2030|0x00000007ff000000, 0x00000007ff200000, 0x00000007ff200000|100%| E|CS|TAMS 0x00000007ff000000| PB 0x00000007ff000000| Complete 
|2031|0x00000007ff200000, 0x00000007ff400000, 0x00000007ff400000|100%| E|CS|TAMS 0x00000007ff200000| PB 0x00000007ff200000| Complete 
|2032|0x00000007ff400000, 0x00000007ff600000, 0x00000007ff600000|100%| E|CS|TAMS 0x00000007ff400000| PB 0x00000007ff400000| Complete 
|2033|0x00000007ff600000, 0x00000007ff800000, 0x00000007ff800000|100%| E|CS|TAMS 0x00000007ff600000| PB 0x00000007ff600000| Complete 
|2034|0x00000007ff800000, 0x00000007ffa00000, 0x00000007ffa00000|100%| E|CS|TAMS 0x00000007ff800000| PB 0x00000007ff800000| Complete 
|2035|0x00000007ffa00000, 0x00000007ffc00000, 0x00000007ffc00000|100%| E|CS|TAMS 0x00000007ffa00000| PB 0x00000007ffa00000| Complete 
|2036|0x00000007ffc00000, 0x00000007ffe00000, 0x00000007ffe00000|100%| E|CS|TAMS 0x00000007ffc00000| PB 0x00000007ffc00000| Complete 
|2037|0x00000007ffe00000, 0x0000000800000000, 0x0000000800000000|100%| E|CS|TAMS 0x00000007ffe00000| PB 0x00000007ffe00000| Complete 

Card table byte_map: [0x0000023069b90000,0x000002306a390000] _byte_map_base: 0x0000023066386000

Marking Bits: (CMBitMap*) 0x00000230627bef40
 Bits: [0x000002306a390000, 0x000002306e340000)

Polling page: 0x00000230627d0000

Metaspace:

Usage:
  Non-class:    326.59 MB used.
      Class:     44.69 MB used.
       Both:    371.27 MB used.

Virtual space:
  Non-class space:      384.00 MB reserved,     329.00 MB ( 86%) committed,  6 nodes.
      Class space:        1.00 GB reserved,      46.69 MB (  5%) committed,  1 nodes.
             Both:        1.38 GB reserved,     375.69 MB ( 27%) committed. 

Chunk freelists:
   Non-Class:  6.22 MB
       Class:  1.34 MB
        Both:  7.56 MB

MaxMetaspaceSize: unlimited
CompressedClassSpaceSize: 1.00 GB
Initial GC threshold: 21.00 MB
Current GC threshold: 624.38 MB
CDS: off
 - commit_granule_bytes: 65536.
 - commit_granule_words: 8192.
 - virtual_space_node_default_size: 8388608.
 - enlarge_chunks_in_place: 1.
 - use_allocation_guard: 0.


Internal statistics:

num_allocs_failed_limit: 40.
num_arena_births: 9850.
num_arena_deaths: 4140.
num_vsnodes_births: 7.
num_vsnodes_deaths: 0.
num_space_committed: 6047.
num_space_uncommitted: 16.
num_chunks_returned_to_freelist: 6484.
num_chunks_taken_from_freelist: 32152.
num_chunk_merges: 2438.
num_chunk_splits: 17578.
num_chunks_enlarged: 8405.
num_inconsistent_stats: 0.

CodeHeap 'non-profiled nmethods': size=259328Kb used=27085Kb max_used=31405Kb free=232242Kb
 bounds [0x00000230102c0000, 0x0000023012170000, 0x0000023020000000]
CodeHeap 'profiled nmethods': size=259264Kb used=59835Kb max_used=87523Kb free=199428Kb
 bounds [0x0000023000000000, 0x0000023005580000, 0x000002300fd30000]
CodeHeap 'non-nmethods': size=5696Kb used=4145Kb max_used=4193Kb free=1550Kb
 bounds [0x000002300fd30000, 0x0000023010170000, 0x00000230102c0000]
 total_blobs=29968 nmethods=27827 adapters=2040
 compilation: enabled
              stopped_count=0, restarted_count=0
 full_count=0

Compilation events (20 events):
Event: 3493.595 Thread 0x00000230715da620 nmethod 69184 0x0000023010ed1810 code [0x0000023010ed19e0, 0x0000023010ed1ce0]
Event: 3493.595 Thread 0x00000230715da620 69185       4       com.intellij.packageDependencies.DependencyValidationManagerImpl::getScope (73 bytes)
Event: 3493.598 Thread 0x00000230715da620 nmethod 69185 0x000002301058db10 code [0x000002301058dce0, 0x000002301058e040]
Event: 3493.598 Thread 0x00000230715da620 69186       4       com.jetbrains.rider.plugins.unity.explorer.ReferenceItemNode::getEntities (128 bytes)
Event: 3493.602 Thread 0x00000230715dd0d0 69189       3       com.jetbrains.rider.plugins.unity.explorer.UnityExplorerFileSystemNode::isUnderAssemblyDefinition (39 bytes)
Event: 3493.602 Thread 0x00000230715dd0d0 nmethod 69189 0x00000230005b6490 code [0x00000230005b6660, 0x00000230005b6a60]
Event: 3493.602 Thread 0x00000230715dd0d0 69190       3       com.jetbrains.rider.plugins.unity.explorer.UnityExplorerFileSystemNode::containingProjectNode (201 bytes)
Event: 3493.604 Thread 0x00000230715dd0d0 nmethod 69190 0x0000023001015f90 code [0x0000023001016460, 0x0000023001018428]
Event: 3493.604 Thread 0x00000230715dd0d0 69192       3       com.jetbrains.rider.plugins.unity.explorer.UnityExplorer$Companion::getDefaultProjectPrefixRegex (4 bytes)
Event: 3493.604 Thread 0x00000230715dd0d0 nmethod 69192 0x00000230005f3510 code [0x00000230005f36a0, 0x00000230005f3810]
Event: 3493.604 Thread 0x00000230715dd0d0 69191       3       com.jetbrains.rider.plugins.unity.explorer.UnityExplorerFileSystemNode::stripDefaultProjectPrefix (30 bytes)
Event: 3493.605 Thread 0x00000230715dd0d0 nmethod 69191 0x00000230005f0e90 code [0x00000230005f1160, 0x00000230005f1ca0]
Event: 3493.606 Thread 0x00000230715dd0d0 69194       3       com.intellij.ui.components.DefaultScrollBarUI::addPreferredWidth (42 bytes)
Event: 3493.607 Thread 0x00000230715dd0d0 nmethod 69194 0x0000023000854910 code [0x0000023000854ac0, 0x0000023000854d08]
Event: 3493.614 Thread 0x00000230715da620 nmethod 69186 0x0000023011390990 code [0x0000023011390c60, 0x0000023011391f68]
Event: 3493.615 Thread 0x00000230715da620 69196       4       com.jetbrains.rider.plugins.unity.explorer.UnityExplorerFileSystemNode::hasProblemFileBeneath (113 bytes)
Event: 3493.641 Thread 0x00000230715da620 nmethod 69196 0x0000023010e79910 code [0x0000023010e79ce0, 0x0000023010e7b520]
Event: 3493.641 Thread 0x00000230715da620 69197       4       com.jetbrains.rider.cpp.projectView.UnrealSolutionExplorerCustomization::compareNodes (35 bytes)
Event: 3493.642 Thread 0x00000230715da620 nmethod 69197 0x0000023010a29390 code [0x0000023010a29540, 0x0000023010a296d8]
Event: 3493.642 Thread 0x00000230715da620 69198       4       com.jetbrains.rider.plugins.fsharp.projectView.FSharpSolutionExplorerCustomization::ignoreFoldersOnTop (11 bytes)

GC Heap History (20 events):
Event: 2058.736 GC heap before
{Heap before GC invocations=70 (full 0):
 garbage-first heap   total 1087488K, used 849866K [0x0000000701400000, 0x0000000800000000)
  region size 2048K, 218 young (446464K), 13 survivors (26624K)
 Metaspace       used 368237K, committed 372736K, reserved 1376256K
  class space    used 44451K, committed 46592K, reserved 1048576K
}
Event: 2058.742 GC heap after
{Heap after GC invocations=71 (full 0):
 garbage-first heap   total 1087488K, used 426878K [0x0000000701400000, 0x0000000800000000)
  region size 2048K, 11 young (22528K), 11 survivors (22528K)
 Metaspace       used 368237K, committed 372736K, reserved 1376256K
  class space    used 44451K, committed 46592K, reserved 1048576K
}
Event: 2105.813 GC heap before
{Heap before GC invocations=72 (full 0):
 garbage-first heap   total 1087488K, used 996222K [0x0000000701400000, 0x0000000800000000)
  region size 2048K, 285 young (583680K), 11 survivors (22528K)
 Metaspace       used 370422K, committed 374912K, reserved 1441792K
  class space    used 44671K, committed 46784K, reserved 1048576K
}
Event: 2105.820 GC heap after
{Heap after GC invocations=73 (full 0):
 garbage-first heap   total 1087488K, used 443605K [0x0000000701400000, 0x0000000800000000)
  region size 2048K, 14 young (28672K), 14 survivors (28672K)
 Metaspace       used 370422K, committed 374912K, reserved 1441792K
  class space    used 44671K, committed 46784K, reserved 1048576K
}
Event: 2166.088 GC heap before
{Heap before GC invocations=73 (full 0):
 garbage-first heap   total 1087488K, used 1010901K [0x0000000701400000, 0x0000000800000000)
  region size 2048K, 285 young (583680K), 14 survivors (28672K)
 Metaspace       used 371359K, committed 375808K, reserved 1441792K
  class space    used 44769K, committed 46848K, reserved 1048576K
}
Event: 2166.095 GC heap after
{Heap after GC invocations=74 (full 0):
 garbage-first heap   total 1087488K, used 427911K [0x0000000701400000, 0x0000000800000000)
  region size 2048K, 13 young (26624K), 13 survivors (26624K)
 Metaspace       used 371359K, committed 375808K, reserved 1441792K
  class space    used 44769K, committed 46848K, reserved 1048576K
}
Event: 2166.214 GC heap before
{Heap before GC invocations=74 (full 0):
 garbage-first heap   total 1087488K, used 438151K [0x0000000701400000, 0x0000000800000000)
  region size 2048K, 19 young (38912K), 13 survivors (26624K)
 Metaspace       used 371364K, committed 375808K, reserved 1441792K
  class space    used 44769K, committed 46848K, reserved 1048576K
}
Event: 2166.220 GC heap after
{Heap after GC invocations=75 (full 0):
 garbage-first heap   total 1087488K, used 413123K [0x0000000701400000, 0x0000000800000000)
  region size 2048K, 11 young (22528K), 11 survivors (22528K)
 Metaspace       used 371364K, committed 375808K, reserved 1441792K
  class space    used 44769K, committed 46848K, reserved 1048576K
}
Event: 2234.858 GC heap before
{Heap before GC invocations=76 (full 0):
 garbage-first heap   total 1087488K, used 1011139K [0x0000000701400000, 0x0000000800000000)
  region size 2048K, 301 young (616448K), 11 survivors (22528K)
 Metaspace       used 372422K, committed 376960K, reserved 1441792K
  class space    used 44848K, committed 46976K, reserved 1048576K
}
Event: 2234.866 GC heap after
{Heap after GC invocations=77 (full 0):
 garbage-first heap   total 1087488K, used 422836K [0x0000000701400000, 0x0000000800000000)
  region size 2048K, 14 young (28672K), 14 survivors (28672K)
 Metaspace       used 372422K, committed 376960K, reserved 1441792K
  class space    used 44848K, committed 46976K, reserved 1048576K
}
Event: 2283.240 GC heap before
{Heap before GC invocations=77 (full 0):
 garbage-first heap   total 1087488K, used 1012660K [0x0000000701400000, 0x0000000800000000)
  region size 2048K, 296 young (606208K), 14 survivors (28672K)
 Metaspace       used 377289K, committed 381824K, reserved 1441792K
  class space    used 45498K, committed 47616K, reserved 1048576K
}
Event: 2283.250 GC heap after
{Heap after GC invocations=78 (full 0):
 garbage-first heap   total 1087488K, used 425989K [0x0000000701400000, 0x0000000800000000)
  region size 2048K, 15 young (30720K), 15 survivors (30720K)
 Metaspace       used 377289K, committed 381824K, reserved 1441792K
  class space    used 45498K, committed 47616K, reserved 1048576K
}
Event: 2366.682 GC heap before
{Heap before GC invocations=78 (full 0):
 garbage-first heap   total 1087488K, used 673797K [0x0000000701400000, 0x0000000800000000)
  region size 2048K, 137 young (280576K), 15 survivors (30720K)
 Metaspace       used 377704K, committed 382272K, reserved 1441792K
  class space    used 45526K, committed 47616K, reserved 1048576K
}
Event: 2366.704 GC heap after
{Heap after GC invocations=79 (full 0):
 garbage-first heap   total 1087488K, used 406301K [0x0000000701400000, 0x0000000800000000)
  region size 2048K, 12 young (24576K), 12 survivors (24576K)
 Metaspace       used 377704K, committed 382272K, reserved 1441792K
  class space    used 45526K, committed 47616K, reserved 1048576K
}
Event: 2616.854 GC heap before
{Heap before GC invocations=80 (full 0):
 garbage-first heap   total 1087488K, used 1024797K [0x0000000701400000, 0x0000000800000000)
  region size 2048K, 304 young (622592K), 12 survivors (24576K)
 Metaspace       used 376634K, committed 380992K, reserved 1441792K
  class space    used 45278K, committed 47296K, reserved 1048576K
}
Event: 2616.864 GC heap after
{Heap after GC invocations=81 (full 0):
 garbage-first heap   total 1087488K, used 431277K [0x0000000701400000, 0x0000000800000000)
  region size 2048K, 19 young (38912K), 19 survivors (38912K)
 Metaspace       used 376634K, committed 380992K, reserved 1441792K
  class space    used 45278K, committed 47296K, reserved 1048576K
}
Event: 2684.798 GC heap before
{Heap before GC invocations=81 (full 0):
 garbage-first heap   total 1087488K, used 996525K [0x0000000701400000, 0x0000000800000000)
  region size 2048K, 292 young (598016K), 19 survivors (38912K)
 Metaspace       used 379066K, committed 383232K, reserved 1441792K
  class space    used 45571K, committed 47424K, reserved 1048576K
}
Event: 2684.808 GC heap after
{Heap after GC invocations=82 (full 0):
 garbage-first heap   total 1087488K, used 402189K [0x0000000701400000, 0x0000000800000000)
  region size 2048K, 11 young (22528K), 11 survivors (22528K)
 Metaspace       used 379066K, committed 383232K, reserved 1441792K
  class space    used 45571K, committed 47424K, reserved 1048576K
}
Event: 3214.957 GC heap before
{Heap before GC invocations=82 (full 0):
 garbage-first heap   total 1087488K, used 1004301K [0x0000000701400000, 0x0000000800000000)
  region size 2048K, 306 young (626688K), 11 survivors (22528K)
 Metaspace       used 379356K, committed 383616K, reserved 1441792K
  class space    used 45577K, committed 47488K, reserved 1048576K
}
Event: 3214.980 GC heap after
{Heap after GC invocations=83 (full 0):
 garbage-first heap   total 1087488K, used 395122K [0x0000000701400000, 0x0000000800000000)
  region size 2048K, 11 young (22528K), 11 survivors (22528K)
 Metaspace       used 379356K, committed 383616K, reserved 1441792K
  class space    used 45577K, committed 47488K, reserved 1048576K
}

Dll operation events (3 events):
Event: 0.004 Loaded shared library C:\Program Files\JetBrains\JetBrains Rider 2024.2.7\jbr\bin\java.dll
Event: 0.006 Loaded shared library C:\Program Files\JetBrains\JetBrains Rider 2024.2.7\jbr\bin\zip.dll
Event: 0.323 Loaded shared library C:\Program Files\JetBrains\JetBrains Rider 2024.2.7\jbr\bin\verify.dll

Deoptimization events (20 events):
Event: 3463.164 Thread 0x000002303f736840 Uncommon trap: trap_request=0xffffffbe fr.pc=0x0000023011f74378 relative=0x00000000000010b8
Event: 3463.164 Thread 0x000002303f736840 Uncommon trap: reason=profile_predicate action=maybe_recompile pc=0x0000023011f74378 method=java.util.TimSort.mergeHi(IIII)V @ 308 c2
Event: 3463.164 Thread 0x000002303f736840 DEOPT PACKING pc=0x0000023011f74378 sp=0x000000320fcfd570
Event: 3463.164 Thread 0x000002303f736840 DEOPT UNPACKING pc=0x000002300fd87da2 sp=0x000000320fcfd560 mode 2
Event: 3463.164 Thread 0x000002303f736840 Uncommon trap: trap_request=0xffffffbe fr.pc=0x0000023011f74378 relative=0x00000000000010b8
Event: 3463.164 Thread 0x000002303f736840 Uncommon trap: reason=profile_predicate action=maybe_recompile pc=0x0000023011f74378 method=java.util.TimSort.mergeHi(IIII)V @ 308 c2
Event: 3463.164 Thread 0x000002303f736840 DEOPT PACKING pc=0x0000023011f74378 sp=0x000000320fcfd570
Event: 3463.164 Thread 0x000002303f736840 DEOPT UNPACKING pc=0x000002300fd87da2 sp=0x000000320fcfd560 mode 2
Event: 3463.198 Thread 0x000002303f736840 Uncommon trap: trap_request=0xffffffd6 fr.pc=0x0000023011eb16fc relative=0x00000000000019dc
Event: 3463.198 Thread 0x000002303f736840 Uncommon trap: reason=array_check action=maybe_recompile pc=0x0000023011eb16fc method=java.util.TimSort.mergeLo(IIII)V @ 81 c2
Event: 3463.198 Thread 0x000002303f736840 DEOPT PACKING pc=0x0000023011eb16fc sp=0x000000320fcfdb90
Event: 3463.198 Thread 0x000002303f736840 DEOPT UNPACKING pc=0x000002300fd87da2 sp=0x000000320fcfdb50 mode 2
Event: 3463.227 Thread 0x000002303f736840 Uncommon trap: trap_request=0xffffffd6 fr.pc=0x0000023011eb16fc relative=0x00000000000019dc
Event: 3463.227 Thread 0x000002303f736840 Uncommon trap: reason=array_check action=maybe_recompile pc=0x0000023011eb16fc method=java.util.TimSort.mergeLo(IIII)V @ 81 c2
Event: 3463.227 Thread 0x000002303f736840 DEOPT PACKING pc=0x0000023011eb16fc sp=0x000000320fcfdb90
Event: 3463.227 Thread 0x000002303f736840 DEOPT UNPACKING pc=0x000002300fd87da2 sp=0x000000320fcfdb50 mode 2
Event: 3463.256 Thread 0x000002303f736840 Uncommon trap: trap_request=0xffffffd6 fr.pc=0x0000023011eb16fc relative=0x00000000000019dc
Event: 3463.256 Thread 0x000002303f736840 Uncommon trap: reason=array_check action=maybe_recompile pc=0x0000023011eb16fc method=java.util.TimSort.mergeLo(IIII)V @ 81 c2
Event: 3463.256 Thread 0x000002303f736840 DEOPT PACKING pc=0x0000023011eb16fc sp=0x000000320fcfd4e0
Event: 3463.256 Thread 0x000002303f736840 DEOPT UNPACKING pc=0x000002300fd87da2 sp=0x000000320fcfd4a0 mode 2

Classes loaded (20 events):
Event: 2675.848 Loading class com/intellij/psi/PsiElement
Event: 2675.848 Loading class com/intellij/psi/PsiElement done
Event: 2675.848 Loading class com/intellij/psi/PsiElement
Event: 2675.848 Loading class com/intellij/psi/PsiElement done
Event: 2675.850 Loading class com/intellij/psi/impl/search/PsiSearchHelperImpl$QueryRequestsRunResult
Event: 2675.850 Loading class com/intellij/psi/impl/search/PsiSearchHelperImpl$QueryRequestsRunResult done
Event: 2675.850 Loading class com/intellij/codeInsight/daemon/impl/IdentifierUtil
Event: 2675.850 Loading class com/intellij/codeInsight/daemon/impl/IdentifierUtil done
Event: 2675.851 Loading class com/intellij/codeInsight/highlighting/UsageRanges
Event: 2675.851 Loading class com/intellij/codeInsight/highlighting/UsageRanges done
Event: 2675.851 Loading class com/intellij/codeInsight/daemon/impl/IdentifierHighlighterPass
Event: 2675.851 Loading class com/intellij/codeInsight/daemon/impl/IdentifierHighlighterPass done
Event: 2675.851 Loading class com/intellij/openapi/util/TextRange
Event: 2675.851 Loading class com/intellij/openapi/util/TextRange done
Event: 2675.851 Loading class com/intellij/codeInsight/daemon/impl/HighlightInfo
Event: 2675.851 Loading class com/intellij/codeInsight/daemon/impl/HighlightInfo done
Event: 2675.851 Loading class com/intellij/codeInsight/daemon/impl/HighlightInfo
Event: 2675.851 Loading class com/intellij/codeInsight/daemon/impl/HighlightInfo done
Event: 2675.851 Loading class com/intellij/openapi/editor/ex/RangeHighlighterEx
Event: 2675.851 Loading class com/intellij/openapi/editor/ex/RangeHighlighterEx done

Classes unloaded (20 events):
Event: 3215.227 Thread 0x0000023071530060 Unloading class 0x000000080130c400 'java/lang/invoke/LambdaForm$MH+0x000000080130c400'
Event: 3215.227 Thread 0x0000023071530060 Unloading class 0x0000000801313400 'java/lang/invoke/LambdaForm$MH+0x0000000801313400'
Event: 3215.227 Thread 0x0000023071530060 Unloading class 0x0000000801327400 'java/lang/invoke/LambdaForm$MH+0x0000000801327400'
Event: 3215.227 Thread 0x0000023071530060 Unloading class 0x00000008013d2000 'java/lang/invoke/LambdaForm$MH+0x00000008013d2000'
Event: 3215.227 Thread 0x0000023071530060 Unloading class 0x00000008013f0c00 'java/lang/invoke/LambdaForm$MH+0x00000008013f0c00'
Event: 3215.227 Thread 0x0000023071530060 Unloading class 0x00000008013f1400 'java/lang/invoke/LambdaForm$MH+0x00000008013f1400'
Event: 3215.227 Thread 0x0000023071530060 Unloading class 0x0000000801c81000 'java/lang/invoke/LambdaForm$BMH+0x0000000801c81000'
Event: 3215.227 Thread 0x0000023071530060 Unloading class 0x0000000801d48000 'java/lang/invoke/LambdaForm$BMH+0x0000000801d48000'
Event: 3215.227 Thread 0x0000023071530060 Unloading class 0x00000008024e1000 'java/lang/invoke/LambdaForm$MH+0x00000008024e1000'
Event: 3215.227 Thread 0x0000023071530060 Unloading class 0x00000008024e1800 'java/lang/invoke/LambdaForm$MH+0x00000008024e1800'
Event: 3215.227 Thread 0x0000023071530060 Unloading class 0x0000000802544000 'java/lang/invoke/LambdaForm$MH+0x0000000802544000'
Event: 3215.227 Thread 0x0000023071530060 Unloading class 0x0000000802571000 'java/lang/invoke/LambdaForm$MH+0x0000000802571000'
Event: 3215.227 Thread 0x0000023071530060 Unloading class 0x0000000802571c00 'java/lang/invoke/LambdaForm$MH+0x0000000802571c00'
Event: 3215.227 Thread 0x0000023071530060 Unloading class 0x0000000802578000 'java/lang/invoke/LambdaForm$MH+0x0000000802578000'
Event: 3215.227 Thread 0x0000023071530060 Unloading class 0x0000000802579400 'java/lang/invoke/LambdaForm$MH+0x0000000802579400'
Event: 3215.227 Thread 0x0000023071530060 Unloading class 0x000000080257a800 'java/lang/invoke/LambdaForm$MH+0x000000080257a800'
Event: 3215.227 Thread 0x0000023071530060 Unloading class 0x000000080257bc00 'java/lang/invoke/LambdaForm$MH+0x000000080257bc00'
Event: 3215.227 Thread 0x0000023071530060 Unloading class 0x000000080257f400 'java/lang/invoke/LambdaForm$MH+0x000000080257f400'
Event: 3215.227 Thread 0x0000023071530060 Unloading class 0x0000000802580000 'java/lang/invoke/LambdaForm$MH+0x0000000802580000'
Event: 3215.227 Thread 0x0000023071530060 Unloading class 0x00000008025e4000 'java/lang/invoke/LambdaForm$BMH+0x00000008025e4000'

Classes redefined (4 events):
Event: 0.250 Thread 0x0000023071530060 redefined class name=java.math.BigInteger, count=1
Event: 0.256 Thread 0x0000023071530060 redefined class name=java.net.InetAddress, count=1
Event: 0.259 Thread 0x0000023071530060 redefined class name=sun.management.VMManagementImpl, count=1
Event: 0.273 Thread 0x0000023071530060 redefined class name=java.lang.Class, count=1

Internal exceptions (20 events):
Event: 3484.880 Thread 0x00000231386978c0 Exception <a 'sun/nio/fs/WindowsException'{0x000000072bea2d38}> (0x000000072bea2d38) 
thrown [s\src\hotspot\share\prims\jni.cpp, line 535]
Event: 3484.880 Thread 0x00000231386978c0 Exception <a 'sun/nio/fs/WindowsException'{0x000000072bea7dc8}> (0x000000072bea7dc8) 
thrown [s\src\hotspot\share\prims\jni.cpp, line 535]
Event: 3484.880 Thread 0x00000231386978c0 Exception <a 'sun/nio/fs/WindowsException'{0x000000072bea8ac0}> (0x000000072bea8ac0) 
thrown [s\src\hotspot\share\prims\jni.cpp, line 535]
Event: 3484.880 Thread 0x00000231386978c0 Exception <a 'sun/nio/fs/WindowsException'{0x000000072bead500}> (0x000000072bead500) 
thrown [s\src\hotspot\share\prims\jni.cpp, line 535]
Event: 3484.880 Thread 0x00000231386978c0 Exception <a 'sun/nio/fs/WindowsException'{0x000000072beaddc8}> (0x000000072beaddc8) 
thrown [s\src\hotspot\share\prims\jni.cpp, line 535]
Event: 3484.880 Thread 0x00000231386978c0 Exception <a 'sun/nio/fs/WindowsException'{0x000000072beaeab0}> (0x000000072beaeab0) 
thrown [s\src\hotspot\share\prims\jni.cpp, line 535]
Event: 3484.880 Thread 0x00000231386978c0 Exception <a 'sun/nio/fs/WindowsException'{0x000000072beaf3b0}> (0x000000072beaf3b0) 
thrown [s\src\hotspot\share\prims\jni.cpp, line 535]
Event: 3484.880 Thread 0x00000231386978c0 Exception <a 'sun/nio/fs/WindowsException'{0x000000072beb1128}> (0x000000072beb1128) 
thrown [s\src\hotspot\share\prims\jni.cpp, line 535]
Event: 3484.880 Thread 0x00000231386978c0 Exception <a 'sun/nio/fs/WindowsException'{0x000000072beb1a08}> (0x000000072beb1a08) 
thrown [s\src\hotspot\share\prims\jni.cpp, line 535]
Event: 3484.880 Thread 0x00000231386978c0 Exception <a 'sun/nio/fs/WindowsException'{0x000000072beb26f8}> (0x000000072beb26f8) 
thrown [s\src\hotspot\share\prims\jni.cpp, line 535]
Event: 3484.880 Thread 0x00000231386978c0 Exception <a 'sun/nio/fs/WindowsException'{0x000000072beb3018}> (0x000000072beb3018) 
thrown [s\src\hotspot\share\prims\jni.cpp, line 535]
Event: 3484.880 Thread 0x00000231386978c0 Exception <a 'sun/nio/fs/WindowsException'{0x000000072beb4e38}> (0x000000072beb4e38) 
thrown [s\src\hotspot\share\prims\jni.cpp, line 535]
Event: 3484.880 Thread 0x00000231386978c0 Exception <a 'sun/nio/fs/WindowsException'{0x000000072beb5740}> (0x000000072beb5740) 
thrown [s\src\hotspot\share\prims\jni.cpp, line 535]
Event: 3484.880 Thread 0x00000231386978c0 Exception <a 'sun/nio/fs/WindowsException'{0x000000072beb6440}> (0x000000072beb6440) 
thrown [s\src\hotspot\share\prims\jni.cpp, line 535]
Event: 3484.880 Thread 0x00000231386978c0 Exception <a 'sun/nio/fs/WindowsException'{0x000000072beb6d88}> (0x000000072beb6d88) 
thrown [s\src\hotspot\share\prims\jni.cpp, line 535]
Event: 3484.880 Thread 0x00000231386978c0 Exception <a 'sun/nio/fs/WindowsException'{0x000000072beb8c88}> (0x000000072beb8c88) 
thrown [s\src\hotspot\share\prims\jni.cpp, line 535]
Event: 3484.880 Thread 0x00000231386978c0 Exception <a 'sun/nio/fs/WindowsException'{0x000000072beb9990}> (0x000000072beb9990) 
thrown [s\src\hotspot\share\prims\jni.cpp, line 535]
Event: 3484.880 Thread 0x00000231386978c0 Exception <a 'sun/nio/fs/WindowsException'{0x000000072bec0958}> (0x000000072bec0958) 
thrown [s\src\hotspot\share\prims\jni.cpp, line 535]
Event: 3488.253 Thread 0x00000231386a8c60 Exception <a 'sun/nio/fs/WindowsException'{0x000000072bd2d048}> (0x000000072bd2d048) 
thrown [s\src\hotspot\share\prims\jni.cpp, line 535]
Event: 3492.532 Thread 0x00000231386978c0 Exception <a 'sun/nio/fs/WindowsException'{0x000000072b8bfca8}> (0x000000072b8bfca8) 
thrown [s\src\hotspot\share\prims\jni.cpp, line 535]

ZGC Phase Switch (0 events):
No events

VM Operations (20 events):
Event: 3427.663 Executing VM operation: HandshakeAllThreads (HandshakeForDeflation)
Event: 3427.663 Executing VM operation: HandshakeAllThreads (HandshakeForDeflation) done
Event: 3427.663 Executing VM operation: RendezvousGCThreads
Event: 3427.663 Executing VM operation: RendezvousGCThreads done
Event: 3438.753 Executing VM operation: Cleanup
Event: 3438.753 Executing VM operation: Cleanup done
Event: 3462.959 Executing VM operation: Cleanup
Event: 3462.959 Executing VM operation: Cleanup done
Event: 3463.968 Executing VM operation: Cleanup
Event: 3463.968 Executing VM operation: Cleanup done
Event: 3473.053 Executing VM operation: Cleanup
Event: 3473.053 Executing VM operation: Cleanup done
Event: 3479.111 Executing VM operation: Cleanup
Event: 3479.111 Executing VM operation: Cleanup done
Event: 3481.129 Executing VM operation: Cleanup
Event: 3481.129 Executing VM operation: Cleanup done
Event: 3487.790 Executing VM operation: HandshakeAllThreads (HandshakeForDeflation)
Event: 3487.790 Executing VM operation: HandshakeAllThreads (HandshakeForDeflation) done
Event: 3487.790 Executing VM operation: RendezvousGCThreads
Event: 3487.790 Executing VM operation: RendezvousGCThreads done

Memory protections (0 events):
No events

Nmethod flushes (20 events):
Event: 3215.258 Thread 0x0000023071530060 flushing  nmethod 0x00000230049d1c10
Event: 3215.258 Thread 0x0000023071530060 flushing  nmethod 0x00000230049d2890
Event: 3215.258 Thread 0x0000023071530060 flushing  nmethod 0x00000230049d2c90
Event: 3215.258 Thread 0x0000023071530060 flushing  nmethod 0x00000230049d3810
Event: 3215.258 Thread 0x0000023071530060 flushing  nmethod 0x00000230049d4790
Event: 3215.258 Thread 0x0000023071530060 flushing  nmethod 0x00000230049d4b90
Event: 3215.258 Thread 0x0000023071530060 flushing  nmethod 0x00000230049d5690
Event: 3215.258 Thread 0x0000023071530060 flushing  nmethod 0x0000023004c95610
Event: 3215.258 Thread 0x0000023071530060 flushing  nmethod 0x0000023004ca0f10
Event: 3215.258 Thread 0x0000023071530060 flushing  nmethod 0x0000023004ca3c90
Event: 3215.258 Thread 0x0000023071530060 flushing  nmethod 0x0000023004ca4790
Event: 3215.258 Thread 0x0000023071530060 flushing  nmethod 0x0000023004ca4e90
Event: 3215.258 Thread 0x0000023071530060 flushing  nmethod 0x0000023004cada10
Event: 3215.258 Thread 0x0000023071530060 flushing  nmethod 0x0000023004cae510
Event: 3215.258 Thread 0x0000023071530060 flushing  nmethod 0x0000023004e2a610
Event: 3215.258 Thread 0x0000023071530060 flushing  nmethod 0x0000023004e2d490
Event: 3215.258 Thread 0x0000023071530060 flushing  nmethod 0x0000023004e33190
Event: 3215.258 Thread 0x0000023071530060 flushing  nmethod 0x0000023004e33a90
Event: 3215.258 Thread 0x0000023071530060 flushing  nmethod 0x0000023004f6fd90
Event: 3215.258 Thread 0x0000023071530060 flushing  nmethod 0x00000230050e1910

Events (20 events):
Event: 3067.271 Thread 0x000002313869b3d0 Thread added: 0x000002313869db30
Event: 3126.720 Thread 0x0000023138685800 Thread exited: 0x0000023138685800
Event: 3126.812 Thread 0x0000023138695160 Thread exited: 0x0000023138695160
Event: 3127.274 Thread 0x000002313869db30 Thread exited: 0x000002313869db30
Event: 3156.789 Thread 0x000002313867d4c0 Thread exited: 0x000002313867d4c0
Event: 3157.020 Thread 0x0000023138694440 Thread exited: 0x0000023138694440
Event: 3158.905 Thread 0x000002313869ce10 Thread exited: 0x000002313869ce10
Event: 3176.398 Thread 0x00000231386a8c60 Thread added: 0x00000231386978c0
Event: 3214.982 Thread 0x0000023138682a10 Thread exited: 0x0000023138682a10
Event: 3214.982 Thread 0x000002313869b3d0 Thread exited: 0x000002313869b3d0
Event: 3214.982 Thread 0x00000231386902a0 Thread exited: 0x00000231386902a0
Event: 3236.407 Thread 0x000002313869ad40 Thread exited: 0x000002313869ad40
Event: 3237.992 Thread 0x00000231386978c0 Thread added: 0x00000231484308c0
Event: 3304.633 Thread 0x00000231484308c0 Thread exited: 0x00000231484308c0
Event: 3436.524 Thread 0x00000231386a8c60 Thread added: 0x000002314842fba0
Event: 3463.124 Thread 0x000002303f736840 Thread added: 0x0000023148431c70
Event: 3463.429 Thread 0x00000230716a3940 Thread added: 0x000002314842c090
Event: 3463.429 Thread 0x00000230716a3940 Thread added: 0x00000231484308c0
Event: 3463.429 Thread 0x00000230716a3940 Thread added: 0x000002314842ba00
Event: 3467.533 Thread 0x0000023148431c70 Thread exited: 0x0000023148431c70


Dynamic libraries:
0x00007ff753250000 - 0x00007ff7533bf000 	C:\Program Files\JetBrains\JetBrains Rider 2024.2.7\bin\rider64.exe
0x00007fffb1e30000 - 0x00007fffb2047000 	C:\WINDOWS\SYSTEM32\ntdll.dll
0x00007fffb1010000 - 0x00007fffb10d4000 	C:\WINDOWS\System32\KERNEL32.DLL
0x00007fffaf280000 - 0x00007fffaf62d000 	C:\WINDOWS\System32\KERNELBASE.dll
0x00007fffb0130000 - 0x00007fffb01e2000 	C:\WINDOWS\System32\ADVAPI32.dll
0x00007fffb1bc0000 - 0x00007fffb1c67000 	C:\WINDOWS\System32\msvcrt.dll
0x00007fffb1140000 - 0x00007fffb11e9000 	C:\WINDOWS\System32\sechost.dll
0x00007fffaf630000 - 0x00007fffaf658000 	C:\WINDOWS\System32\bcrypt.dll
0x00007fffafb90000 - 0x00007fffafca4000 	C:\WINDOWS\System32\RPCRT4.dll
0x00007fffb01f0000 - 0x00007fffb02c7000 	C:\WINDOWS\System32\OLEAUT32.dll
0x00007fffaf660000 - 0x00007fffaf6fa000 	C:\WINDOWS\System32\msvcp_win.dll
0x00007fffaf830000 - 0x00007fffaf941000 	C:\WINDOWS\System32\ucrtbase.dll
0x00007fffb11f0000 - 0x00007fffb1578000 	C:\WINDOWS\System32\combase.dll
0x00007fffb0720000 - 0x00007fffb0f7f000 	C:\WINDOWS\System32\SHELL32.dll
0x00007fffa2c30000 - 0x00007fffa2e62000 	C:\WINDOWS\SYSTEM32\dbghelp.dll
0x00007fffb02d0000 - 0x00007fffb047e000 	C:\WINDOWS\System32\USER32.dll
0x00007fffaf950000 - 0x00007fffaf976000 	C:\WINDOWS\System32\win32u.dll
0x00007fffb0480000 - 0x00007fffb04a9000 	C:\WINDOWS\System32\GDI32.dll
0x00007fffaf160000 - 0x00007fffaf279000 	C:\WINDOWS\System32\gdi32full.dll
0x00007fffae7f0000 - 0x00007fffae818000 	C:\WINDOWS\SYSTEM32\USERENV.dll
0x00007fffa4280000 - 0x00007fffa42b4000 	C:\WINDOWS\SYSTEM32\WINMM.dll
0x00007fffae970000 - 0x00007fffae97c000 	C:\WINDOWS\SYSTEM32\CRYPTBASE.DLL
0x00007fffb1d00000 - 0x00007fffb1d31000 	C:\WINDOWS\System32\IMM32.DLL
0x00007fffad0c0000 - 0x00007fffad9bc000 	C:\WINDOWS\SYSTEM32\windows.storage.dll
0x00007fffacf80000 - 0x00007fffad0bf000 	C:\WINDOWS\SYSTEM32\wintypes.dll
0x00007fffb1ac0000 - 0x00007fffb1bb4000 	C:\WINDOWS\System32\SHCORE.dll
0x00007fffb1760000 - 0x00007fffb17be000 	C:\WINDOWS\System32\shlwapi.dll
0x00007fffaf090000 - 0x00007fffaf0b1000 	C:\WINDOWS\SYSTEM32\profapi.dll
0x00007fffae2a0000 - 0x00007fffae2d4000 	C:\WINDOWS\SYSTEM32\ntmarta.dll
0x00007ffefcfb0000 - 0x00007ffefdd67000 	C:\Program Files\JetBrains\JetBrains Rider 2024.2.7\jbr\bin\server\jvm.dll
0x00007fffb1a40000 - 0x00007fffb1ab1000 	C:\WINDOWS\System32\WS2_32.dll
0x00007fffadff0000 - 0x00007fffae03d000 	C:\WINDOWS\SYSTEM32\POWRPROF.dll
0x00007fffab010000 - 0x00007fffab01a000 	C:\WINDOWS\SYSTEM32\VERSION.dll
0x00007fffaa720000 - 0x00007fffaa72c000 	C:\Program Files\JetBrains\JetBrains Rider 2024.2.7\jbr\bin\VCRUNTIME140_1.dll
0x00007fffaa700000 - 0x00007fffaa71b000 	C:\Program Files\JetBrains\JetBrains Rider 2024.2.7\jbr\bin\VCRUNTIME140.dll
0x00007fffadfd0000 - 0x00007fffadfe3000 	C:\WINDOWS\SYSTEM32\UMPDC.dll
0x00007fffaa6f0000 - 0x00007fffaa6fa000 	C:\Program Files\JetBrains\JetBrains Rider 2024.2.7\jbr\bin\jimage.dll
0x00007fff84c20000 - 0x00007fff84c52000 	C:\WINDOWS\SYSTEM32\dbgcore.DLL
0x00007fffaf980000 - 0x00007fffaf9fb000 	C:\WINDOWS\System32\bcryptPrimitives.dll
0x00007fffaa660000 - 0x00007fffaa66e000 	C:\Program Files\JetBrains\JetBrains Rider 2024.2.7\jbr\bin\instrument.dll
0x00007fffa2b00000 - 0x00007fffa2b18000 	C:\Program Files\JetBrains\JetBrains Rider 2024.2.7\jbr\bin\jli.dll
0x00007fff981e0000 - 0x00007fff981ff000 	C:\Program Files\JetBrains\JetBrains Rider 2024.2.7\jbr\bin\java.dll
0x00007fff98420000 - 0x00007fff984d3000 	C:\WINDOWS\WinSxS\amd64_microsoft.windows.common-controls_6595b64144ccf1df_5.82.22621.3527_none_b43b7f4b638cc64f\COMCTL32.dll
0x00007fffae280000 - 0x00007fffae298000 	C:\WINDOWS\SYSTEM32\kernel.appcore.dll
0x00007fff981c0000 - 0x00007fff981d8000 	C:\Program Files\JetBrains\JetBrains Rider 2024.2.7\jbr\bin\zip.dll
0x00007fffaa650000 - 0x00007fffaa660000 	C:\Program Files\JetBrains\JetBrains Rider 2024.2.7\jbr\bin\net.dll
0x00007fffaae20000 - 0x00007fffaaf56000 	C:\WINDOWS\SYSTEM32\WINHTTP.dll
0x00007fffae6f0000 - 0x00007fffae759000 	C:\WINDOWS\system32\mswsock.dll
0x00007fff96490000 - 0x00007fff964a6000 	C:\Program Files\JetBrains\JetBrains Rider 2024.2.7\jbr\bin\nio.dll
0x00007fffa8300000 - 0x00007fffa8309000 	C:\Program Files\JetBrains\JetBrains Rider 2024.2.7\jbr\bin\management.dll
0x00007fffa4240000 - 0x00007fffa424b000 	C:\Program Files\JetBrains\JetBrains Rider 2024.2.7\jbr\bin\management_ext.dll
0x00007fffb18c0000 - 0x00007fffb18c8000 	C:\WINDOWS\System32\PSAPI.DLL
0x00007fff94d30000 - 0x00007fff94d47000 	C:\WINDOWS\system32\napinsp.dll
0x00007fff93bc0000 - 0x00007fff93bdb000 	C:\WINDOWS\system32\pnrpnsp.dll
0x00007fffadd00000 - 0x00007fffaddf8000 	C:\WINDOWS\SYSTEM32\DNSAPI.dll
0x00007fffadc90000 - 0x00007fffadcbd000 	C:\WINDOWS\SYSTEM32\IPHLPAPI.DLL
0x00007fffb1a30000 - 0x00007fffb1a39000 	C:\WINDOWS\System32\NSI.dll
0x00007fff93500000 - 0x00007fff93511000 	C:\WINDOWS\System32\winrnr.dll
0x00007fff891c0000 - 0x00007fff891e7000 	C:\WINDOWS\system32\nlansp_c.dll
0x00007fffa87b0000 - 0x00007fffa87c5000 	C:\WINDOWS\system32\wshbth.dll
0x00007fff9d400000 - 0x00007fff9d40a000 	C:\Windows\System32\rasadhlp.dll
0x00007fffa86e0000 - 0x00007fffa8763000 	C:\WINDOWS\System32\fwpuclnt.dll
0x00007fff981b0000 - 0x00007fff981c0000 	C:\Program Files\JetBrains\JetBrains Rider 2024.2.7\jbr\bin\verify.dll
0x00007fff725a0000 - 0x00007fff72738000 	C:\Program Files\JetBrains\JetBrains Rider 2024.2.7\jbr\bin\awt.dll
0x00007fff95c30000 - 0x00007fff95cbd000 	C:\Program Files\JetBrains\JetBrains Rider 2024.2.7\bin\MSVCP140.dll
0x00007fff83e30000 - 0x00007fff83e74000 	C:\Program Files\JetBrains\JetBrains Rider 2024.2.7\jbr\bin\nvdaControllerClient64.dll
0x00007fffac870000 - 0x00007fffac89b000 	C:\WINDOWS\SYSTEM32\dwmapi.dll
0x00007fffaac70000 - 0x00007fffaad07000 	C:\WINDOWS\SYSTEM32\apphelp.dll
0x00007fff98040000 - 0x00007fff9804e000 	C:\Program Files\JetBrains\JetBrains Rider 2024.2.7\jbr\bin\sunmscapi.dll
0x00007fffafa00000 - 0x00007fffafb67000 	C:\WINDOWS\System32\CRYPT32.dll
0x00007fffaeaf0000 - 0x00007fffaeb1e000 	C:\WINDOWS\SYSTEM32\ncrypt.dll
0x00007fffaeab0000 - 0x00007fffaeae7000 	C:\WINDOWS\SYSTEM32\NTASN1.dll
0x00007fff97cf0000 - 0x00007fff97cf9000 	C:\Program Files\JetBrains\JetBrains Rider 2024.2.7\jbr\bin\prefs.dll
0x00007fffac5f0000 - 0x00007fffac69f000 	C:\WINDOWS\system32\uxtheme.dll
0x00007fffb18d0000 - 0x00007fffb1a23000 	C:\WINDOWS\System32\MSCTF.dll
0x00007fffb0510000 - 0x00007fffb06b5000 	C:\WINDOWS\System32\ole32.dll
0x00007fff7aaf0000 - 0x00007fff7aaf8000 	C:\WINDOWS\system32\wshunix.dll
0x00007fff83de0000 - 0x00007fff83e29000 	C:\Program Files\JetBrains\JetBrains Rider 2024.2.7\jbr\bin\javaaccessbridge.dll
0x00007fff96480000 - 0x00007fff96487000 	C:\Program Files\JetBrains\JetBrains Rider 2024.2.7\jbr\bin\jawt.dll
0x00007fff95c20000 - 0x00007fff95c29000 	C:\Program Files\JetBrains\JetBrains Rider 2024.2.7\jbr\bin\extnet.dll
0x00007fff98850000 - 0x00007fff98ae3000 	C:\WINDOWS\WinSxS\amd64_microsoft.windows.common-controls_6595b64144ccf1df_6.0.22621.3672_none_2713b9d173822955\comctl32.DLL
0x00007fff72510000 - 0x00007fff72597000 	C:\Program Files\JetBrains\JetBrains Rider 2024.2.7\jbr\bin\freetype.dll
0x00007fff72420000 - 0x00007fff72505000 	C:\Program Files\JetBrains\JetBrains Rider 2024.2.7\jbr\bin\fontmanager.dll
0x00007fff83d90000 - 0x00007fff83dd5000 	C:\Program Files\JetBrains\JetBrains Rider 2024.2.7\lib\jna\amd64\jnidispatch.dll
0x00007fff3ee90000 - 0x00007fff3ef90000 	C:\WINDOWS\system32\opengl32.dll
0x00007fff3ee60000 - 0x00007fff3ee8d000 	C:\WINDOWS\SYSTEM32\GLU32.dll
0x00007fffac8e0000 - 0x00007fffac919000 	C:\WINDOWS\SYSTEM32\dxcore.dll
0x00007fffae950000 - 0x00007fffae96b000 	C:\WINDOWS\SYSTEM32\CRYPTSP.dll
0x00007fffae1e0000 - 0x00007fffae215000 	C:\WINDOWS\system32\rsaenh.dll
0x00007fffaedf0000 - 0x00007fffaee02000 	C:\WINDOWS\SYSTEM32\MSASN1.dll
0x00007fffaadc0000 - 0x00007fffaadd9000 	C:\WINDOWS\SYSTEM32\dhcpcsvc6.DLL
0x00007fffaada0000 - 0x00007fffaadbf000 	C:\WINDOWS\SYSTEM32\dhcpcsvc.DLL
0x00007fff98af0000 - 0x00007fff98ca9000 	C:\WINDOWS\WinSxS\amd64_microsoft.windows.gdiplus_6595b64144ccf1df_1.1.22621.3810_none_57f8d842ce19d879\gdiplus.dll
0x00007fff96ff0000 - 0x00007fff9713e000 	C:\WINDOWS\SYSTEM32\textinputframework.dll
0x00007fffaa770000 - 0x00007fffaa8a3000 	C:\WINDOWS\SYSTEM32\CoreMessaging.dll
0x00007fffa6740000 - 0x00007fffa6aad000 	C:\WINDOWS\SYSTEM32\CoreUIComponents.dll
0x00007fffb1d40000 - 0x00007fffb1df0000 	C:\WINDOWS\System32\clbcatq.dll
0x00007fffac400000 - 0x00007fffac5b0000 	C:\WINDOWS\SYSTEM32\WindowsCodecs.dll
0x00007fff8d590000 - 0x00007fff8d5ee000 	C:\WINDOWS\system32\dataexchange.dll
0x00007fffa2440000 - 0x00007fffa26ca000 	C:\WINDOWS\system32\twinapi.appcore.dll
0x00007ffefe510000 - 0x00007ffefe548000 	C:\Program Files\JetBrains\JetBrains Rider 2024.2.7\bin\WinShellIntegrationBridge.dll
0x00007fff8ef80000 - 0x00007fff8f01f000 	C:\Windows\System32\appresolver.dll
0x00007fffabf60000 - 0x00007fffac060000 	C:\WINDOWS\system32\propsys.dll
0x00007fffa79f0000 - 0x00007fffa7a50000 	C:\Windows\System32\Bcp47Langs.dll
0x00007fffb0f90000 - 0x00007fffb100d000 	C:\WINDOWS\System32\coml2.dll
0x00007fff23660000 - 0x00007fff23815000 	C:\Windows\System32\TaskFlowDataEngine.dll
0x00007fff96740000 - 0x00007fff967ee000 	C:\Windows\System32\OneCoreCommonProxyStub.dll
0x00007fffaee40000 - 0x00007fffaee8e000 	C:\WINDOWS\SYSTEM32\CFGMGR32.dll
0x00007fff8eec0000 - 0x00007fff8ef75000 	C:\Windows\System32\Windows.FileExplorer.Common.dll
0x00007fff8bcd0000 - 0x00007fff8bcdd000 	C:\WINDOWS\SYSTEM32\LINKINFO.dll
0x00007fff8c600000 - 0x00007fff8c69b000 	C:\WINDOWS\SYSTEM32\ntshrui.dll
0x00007fffae4e0000 - 0x00007fffae523000 	C:\WINDOWS\SYSTEM32\SspiCli.dll
0x00007fffa0cd0000 - 0x00007fffa0cf8000 	C:\WINDOWS\SYSTEM32\srvcli.dll
0x00007fff97cd0000 - 0x00007fff97ce2000 	C:\WINDOWS\SYSTEM32\cscapi.dll
0x00007fffac0a0000 - 0x00007fffac145000 	C:\WINDOWS\SYSTEM32\policymanager.dll
0x00007fffabc80000 - 0x00007fffabd13000 	C:\WINDOWS\SYSTEM32\msvcp110_win.dll
0x00007fff8a070000 - 0x00007fff8a4b4000 	C:\Windows\System32\uiautomationcore.dll
0x00007fff986c0000 - 0x00007fff98729000 	C:\Windows\System32\OLEACC.dll
0x00007fffaeeb0000 - 0x00007fffaeeba000 	C:\WINDOWS\SYSTEM32\DPAPI.dll
0x00007fffa7780000 - 0x00007fffa7790000 	C:\WINDOWS\system32\wbem\wbemprox.dll
0x00007fffa0820000 - 0x00007fffa08a0000 	C:\WINDOWS\SYSTEM32\wbemcomn.dll
0x00007fff9d670000 - 0x00007fff9d684000 	C:\WINDOWS\system32\wbem\wbemsvc.dll
0x00007fff9da20000 - 0x00007fff9db18000 	C:\WINDOWS\system32\wbem\fastprox.dll
0x00007fff98d50000 - 0x00007fff98d6d000 	C:\WINDOWS\SYSTEM32\amsi.dll
0x00007fff98cc0000 - 0x00007fff98d41000 	C:\ProgramData\Microsoft\Windows Defender\Platform\4.18.24080.9-0\MpOav.dll
0x00007fff8d140000 - 0x00007fff8d3e8000 	C:\WINDOWS\system32\explorerframe.dll
0x00007fff85a60000 - 0x00007fff85ab0000 	C:\WINDOWS\SYSTEM32\pdh.dll
0x00007fffa4250000 - 0x00007fffa4260000 	C:\WINDOWS\System32\perfos.dll

dbghelp: loaded successfully - version: 4.0.5 - missing functions: none
symbol engine: initialized successfully - sym options: 0x614 - pdb path: .;C:\Program Files\JetBrains\JetBrains Rider 2024.2.7\bin;C:\WINDOWS\SYSTEM32;C:\Program Files\JetBrains\JetBrains Rider 2024.2.7\jbr\bin\server;C:\Program Files\JetBrains\JetBrains Rider 2024.2.7\jbr\bin;C:\WINDOWS\WinSxS\amd64_microsoft.windows.common-controls_6595b64144ccf1df_5.82.22621.3527_none_b43b7f4b638cc64f;C:\WINDOWS\WinSxS\amd64_microsoft.windows.common-controls_6595b64144ccf1df_6.0.22621.3672_none_2713b9d173822955;C:\Program Files\JetBrains\JetBrains Rider 2024.2.7\lib\jna\amd64;C:\WINDOWS\WinSxS\amd64_microsoft.windows.gdiplus_6595b64144ccf1df_1.1.22621.3810_none_57f8d842ce19d879;C:\WINDOWS\system32\wbem;C:\ProgramData\Microsoft\Windows Defender\Platform\4.18.24080.9-0

VM Arguments:
jvm_args: abort vfprintf -XX:ErrorFile=C:\Users\HLC_2021\java_error_in_rider_%p.log -XX:HeapDumpPath=C:\Users\HLC_2021\java_error_in_rider.hprof -Xms128m -Xmx2048m -XX:+HeapDumpOnOutOfMemoryError -XX:-OmitStackTraceInFastThrow -XX:+IgnoreUnrecognizedVMOptions -ea -Dsun.io.useCanonCaches=false -Dsun.java2d.metal=true -Djbr.catch.SIGABRT=true -Djdk.http.auth.tunneling.disabledSchemes="" -Djdk.attach.allowAttachSelf=true -Djdk.module.illegalAccess.silent=true -Dkotlinx.coroutines.debug=off -XX:CICompilerCount=2 -XX:ReservedCodeCacheSize=512m -XX:+UnlockDiagnosticVMOptions -XX:TieredOldPercentage=100000 -Xms128m -Xmx4075m -XX:ReservedCodeCacheSize=512m -XX:+IgnoreUnrecognizedVMOptions -XX:+UseG1GC -XX:SoftRefLRUPolicyMSPerMB=50 -XX:CICompilerCount=2 -XX:+HeapDumpOnOutOfMemoryError -XX:-OmitStackTraceInFastThrow -ea -Dsun.io.useCanonCaches=false -Djdk.http.auth.tunneling.disabledSchemes="" -Djdk.attach.allowAttachSelf=true -Djdk.module.illegalAccess.silent=true -Dkotlinx.coroutines.debug=off -XX:ErrorFile=$USER_HOME/java_error_in_idea_%p.log -XX:HeapDumpPath=$USER_HOME/java_error_in_idea.hprof --add-opens=java.base/jdk.internal.org.objectweb.asm=ALL-UNNAMED --add-opens=java.base/jdk.internal.org.objectweb.asm.tree=ALL-UNNAMED -javaagent:C:\Users\HLC_2021\Downloads\jetbra-ded4f9dc4fcb60294b21669dafa90330f2713ce4 (1)\jetbra\ja-netfilter.jar=jetbrains -Djb.vmOptionsFile=C:\Users\HLC_2021\Downloads\jetbra-ded4f9dc4fcb60294b21669dafa90330f2713ce4 (1)\jetbra\vmoptions\rider.vmoptions -Djava.system.class.loader=com.intellij.util.lang.PathClassLoader -Didea.vendor.name=JetBrains -Didea.paths.selector=Rider2024.2 -Djna.boot.library.path=C:\Program Files\JetBrains\JetBrains Rider 2024.2.7/lib/jna/amd64 -Dpty4j.preferred.native.folder=C:\Program Files\JetBrains\JetBrains Rider 2024.2.7/lib/pty4j -Djna.nosys=true -Djna.noclasspath=true -Dintellij.platform.runtime.repository.path=C:\Program Files\JetBrains\JetBrains Rider 2024.2.7/modules/module-descriptors.jar -Didea.platform.prefix=Rider -Dide.native.launcher=true -Didea.class.before.app=com.jetbrains.rider.protocol.EarlyBackendStarter -Didea.show.customize.ide.wizard=true -DFilePageCache.THROW_ERROR_ON_DUPLICATE_STORAGE_REGISTRATION=false -Dsplash=true -Daether.connector.resumeDownloads=false --add-opens=java.base/java.io=ALL-UNNAMED --add-opens=java.base/java.lang=ALL-UNNAMED --add-opens=java.base/java.lang.ref=ALL-UNNAMED --add-opens=java.base/java.lang.reflect=ALL-UNNAMED --add-opens=java.base/java.net=ALL-UNNAMED --add-opens=java.base/java.nio=ALL-UNNAMED --add-opens=java.base/java.nio.charset=ALL-UNNAMED --add-opens=java.base/java.text=ALL-UNNAMED --add-opens=java.base/java.time=ALL-UNNAMED --add-opens=java.base/java.util=ALL-UNNAMED --add-opens=java.base/java.util.concurrent=ALL-UNNAMED --add-opens=java.base/java.util.concurrent.atomic=ALL-UNNAMED --add-opens=java.base/java.util.concurrent.locks=ALL-UNNAMED --add-opens=java.base/jdk.internal.vm=ALL-UNNAMED --add-opens=java.base/sun.net.dns=ALL-UNNAMED --add-opens=java.base/sun.nio.ch=ALL-UNNAMED --add-opens=java.base/sun.nio.fs=ALL-UNNAMED --add-opens=java.base/sun.security.ssl=ALL-UNNAMED --add-opens=java.base/sun.security.util=ALL-UNNAMED --add-opens=java.desktop/com.sun.java.swing=ALL-UNNAMED --add-opens=java.desktop/java.awt=ALL-UNNAMED --add-opens=java.desktop/java.awt.dnd.peer=ALL-UNNAMED --add-opens=java.desktop/java.awt.event=ALL-UNNAMED --add-opens=java.desktop/java.awt.font=ALL-UNNAMED --add-opens=java.desktop/java.awt.image=ALL-UNNAMED --add-opens=java.desktop/java.awt.peer=ALL-UNNAMED --add-opens=java.desktop/javax.swing=ALL-UNNAMED --add-opens=java.desktop/javax.swing.plaf.basic=ALL-UNNAMED --add-opens=java.desktop/javax.swing.text=ALL-UNNAMED --add-opens=java.desktop/javax.swing.text.html=ALL-UNNAMED --add-opens=java.desktop/sun.awt=ALL-UNNAMED --add-opens=java.desktop/sun.awt.datatransfer=ALL-UNNAMED --add-opens=java.desktop/sun.awt.image=ALL-UNNAMED --add-opens=java.desktop/sun.awt.windows=ALL-UNNAMED --add-opens=java.desktop/sun.font=ALL-UNNAMED --add-opens=java.desktop/sun.java2d=ALL-UNNAMED --add-opens=java.desktop/sun.swing=ALL-UNNAMED --add-opens=java.management/sun.management=ALL-UNNAMED --add-opens=jdk.attach/sun.tools.attach=ALL-UNNAMED --add-opens=jdk.compiler/com.sun.tools.javac.api=ALL-UNNAMED --add-opens=jdk.internal.jvmstat/sun.jvmstat.monitor=ALL-UNNAMED --add-opens=jdk.jdi/com.sun.tools.jdi=ALL-UNNAMED -Dide.native.launcher=true -Djcef.sandbox.ptr=0000023062552090 -Djcef.sandbox.cefVersion=122.1.9+gd14e051+chromium-122.0.6261.94 
java_command: com.intellij.idea.Main E:\Project\SD Playable Ads\SD Playable Ads.sln --line -1 --column -1 E:\Project\SD Playable Ads\Assets\Script\Bot\Bot.cs
java_class_path (initial): C:\Program Files\JetBrains\JetBrains Rider 2024.2.7\lib\platform-loader.jar;C:\Program Files\JetBrains\JetBrains Rider 2024.2.7\lib\util-8.jar;C:\Program Files\JetBrains\JetBrains Rider 2024.2.7\lib\util.jar;C:\Program Files\JetBrains\JetBrains Rider 2024.2.7\lib\app-client.jar;C:\Program Files\JetBrains\JetBrains Rider 2024.2.7\lib\util_rt.jar;C:\Program Files\JetBrains\JetBrains Rider 2024.2.7\lib\product.jar;C:\Program Files\JetBrains\JetBrains Rider 2024.2.7\lib\opentelemetry.jar;C:\Program Files\JetBrains\JetBrains Rider 2024.2.7\lib\app.jar;C:\Program Files\JetBrains\JetBrains Rider 2024.2.7\lib\product-client.jar;C:\Program Files\JetBrains\JetBrains Rider 2024.2.7\lib\lib-client.jar;C:\Program Files\JetBrains\JetBrains Rider 2024.2.7\lib\stats.jar;C:\Program Files\JetBrains\JetBrains Rider 2024.2.7\lib\jps-model.jar;C:\Program Files\JetBrains\JetBrains Rider 2024.2.7\lib\external-system-rt.jar;C:\Program Files\JetBrains\JetBrains Rider 2024.2.7\lib\rd.jar;C:\Program Files\JetBrains\JetBrains Rider 2024.2.7\lib\bouncy-castle.jar;C:\Program Files\JetBrains\JetBrains Rider 2024.2.7\lib\protobuf.jar;C:\Program Files\JetBrains\JetBrains Rider 2024.2.7\lib\forms_rt.jar;C:\Program Files\JetBrains\JetBrains Rider 2024.2.7\lib\lib.jar;C:\Program Files\JetBrains\JetBrains Rider 2024.2.7\lib\externalProcess-rt.jar;C:\Program Files\JetBrains\JetBrains Rider 2024.2.7\lib\groovy.jar;C:\Program Files\JetBrains\JetBrains Rider 2024.2.7\lib\annotations.jar;C:\Program Files\JetBrains\JetBrains Rider 2024.2.7\lib\jsch-agent.jar;C:\Program Files\JetBrains\JetBrains Rider 2024.2.7\lib\nio-fs.jar;C:\Program Files\JetBrains\JetBrains Rider 2024.2.7\lib\trove.jar
Launcher Type: generic

[Global flags]
     intx CICompilerCount                          = 2                                         {product} {command line}
     uint ConcGCThreads                            = 3                                         {product} {ergonomic}
    ccstr ErrorFile                                = $USER_HOME/java_error_in_idea_%p.log            {product} {command line}
     uint G1ConcRefinementThreads                  = 13                                        {product} {ergonomic}
   size_t G1HeapRegionSize                         = 2097152                                   {product} {ergonomic}
    uintx GCDrainStackTargetSize                   = 64                                        {product} {ergonomic}
     bool HeapDumpOnOutOfMemoryError               = true                                   {manageable} {command line}
    ccstr HeapDumpPath                             = $USER_HOME/java_error_in_idea.hprof         {manageable} {command line}
     bool IgnoreUnrecognizedVMOptions              = true                                      {product} {command line}
   size_t InitialHeapSize                          = 134217728                                 {product} {command line}
   size_t MarkStackSize                            = 4194304                                   {product} {ergonomic}
   size_t MaxHeapSize                              = 4273995776                                {product} {command line, ergonomic}
   size_t MaxNewSize                               = 2562719744                                {product} {ergonomic}
   size_t MinHeapDeltaBytes                        = 2097152                                   {product} {ergonomic}
   size_t MinHeapSize                              = 134217728                                 {product} {command line}
    uintx NonNMethodCodeHeapSize                   = 5826188                                {pd product} {ergonomic}
    uintx NonProfiledCodeHeapSize                  = 265522362                              {pd product} {ergonomic}
     bool OmitStackTraceInFastThrow                = false                                     {product} {command line}
    uintx ProfiledCodeHeapSize                     = 265522362                              {pd product} {ergonomic}
    uintx ReservedCodeCacheSize                    = 536870912                              {pd product} {command line}
     bool SegmentedCodeCache                       = true                                      {product} {ergonomic}
   size_t SoftMaxHeapSize                          = 4273995776                             {manageable} {ergonomic}
     intx SoftRefLRUPolicyMSPerMB                  = 50                                        {product} {command line}
     intx TieredOldPercentage                      = 100000                                 {diagnostic} {command line}
     bool UnlockDiagnosticVMOptions                = true                                   {diagnostic} {command line}
     bool UseCompressedOops                        = true                           {product lp64_product} {ergonomic}
     bool UseG1GC                                  = true                                      {product} {command line}
     bool UseLargePagesIndividualAllocation        = false                                  {pd product} {ergonomic}

Logging:
Log output configuration:
 #0: stdout all=warning uptime,level,tags foldmultilines=false
 #1: stderr all=off uptime,level,tags foldmultilines=false

Environment Variables:
PATH=C:\WINDOWS\system32;C:\WINDOWS;C:\WINDOWS\System32\Wbem;C:\WINDOWS\System32\WindowsPowerShell\v1.0\;C:\WINDOWS\System32\OpenSSH\;C:\Program Files\Git\cmd;C:\Program Files\Microsoft SQL Server\150\Tools\Binn\;C:\Program Files\Microsoft SQL Server\Client SDK\ODBC\170\Tools\Binn\;C:\Program Files\dotnet\;C:\Program Files (x86)\NVIDIA Corporation\PhysX\Common;C:\Program Files\NVIDIA Corporation\NVIDIA NvDLISR;C:\Program Files\Calibre2\;C:\Program Files\GameBench\GameBench\lib;C:\Users\HLC_2021\AppData\Local\Microsoft\WindowsApps;C:\Users\HLC_2021\AppData\Local\GitHubDesktop\bin;C:\Program Files\JetBrains\JetBrains Rider 2024.1.3\bin;;C:\Users\HLC_2021\.dotnet\tools
USERNAME=Namhp
OS=Windows_NT
PROCESSOR_IDENTIFIER=Intel64 Family 6 Model 167 Stepping 1, GenuineIntel
TMP=C:\Users\HLC_2021\AppData\Local\Temp
TEMP=C:\Users\HLC_2021\AppData\Local\Temp




Periodic native trim disabled

JNI global refs:
JNI global refs: 137, weak refs: 308

JNI global refs memory usage: 2099, weak refs: 11393

Process memory usage:
Resident Set Size: 2305312K (6% of 33387840K total physical memory with 8560568K free physical memory)

OOME stack traces (most recent first):
Classloader memory used:
Loader com.intellij.util.lang.PathClassLoader                                          : 227M
Loader com.intellij.ide.plugins.cl.PluginClassLoader                                   : 87017K
Loader bootstrap                                                                       : 56622K
Loader jdk.internal.loader.ClassLoaders$PlatformClassLoader                            : 3094K
Loader jdk.internal.loader.ClassLoaders$AppClassLoader                                 : 611K
Loader sun.reflect.misc.MethodUtil                                                     : 4216B

Classes loaded by more than one classloader:
Class com.intellij.ultimate.PluginVerifier                                            : loaded 3 times (x 67B)
Class kotlin.collections.CollectionsKt__ReversedViewsKt                               : loaded 2 times (x 67B)
Class ai.grazie.nlp.patterns.standard.LikelyPatterns$ActionNameEllipsis$1             : loaded 2 times (x 91B)
Class ai.grazie.text.TextRange$Companion                                              : loaded 2 times (x 67B)
Class com.jetbrains.rd.rdtext.intrinsics.RdTextChange$Companion                       : loaded 2 times (x 67B)
Class ai.grazie.nlp.patterns.standard.StrictPatterns$IsApostrophe$1                   : loaded 2 times (x 74B)
Class ai.grazie.nlp.langs.LanguageISO$Companion                                       : loaded 2 times (x 67B)
Class ai.grazie.nlp.patterns.standard.StrictPatterns$HasNoLetters$1                   : loaded 2 times (x 74B)
Class ai.grazie.nlp.langs.alphabet.NoneAlphabet                                       : loaded 2 times (x 72B)
Class [Lai.grazie.nlp.patterns.MatchPattern;                                          : loaded 2 times (x 65B)
Class ai.grazie.nlp.langs.Language$Companion$1                                        : loaded 2 times (x 74B)
Class [Lai.grazie.nlp.langs.alphabet.Alphabet;                                        : loaded 2 times (x 65B)
Class ai.grazie.nlp.tokenizer.word.HeuristicWordTokenizer                             : loaded 2 times (x 82B)
Class [Lai.grazie.nlp.langs.LanguageISO;                                              : loaded 2 times (x 65B)
Class ai.grazie.nlp.tokenizer.sequence.NonDestructiveCharSequenceTokenizer            : loaded 2 times (x 66B)
Class ai.grazie.nlp.patterns.Pattern                                                  : loaded 2 times (x 66B)
Class ai.grazie.utils.mpp.RootDataLoader                                              : loaded 2 times (x 66B)
Class ai.grazie.utils.TextKt                                                          : loaded 2 times (x 67B)
Class ai.grazie.nlp.patterns.standard.StrictPatterns$LatinPhrase$1$1                  : loaded 2 times (x 74B)
Class kotlin.coroutines.jvm.internal.SuspendLambda                                    : loaded 2 times (x 87B)
Class ai.grazie.nlp.patterns.MatchPattern                                             : loaded 2 times (x 66B)
Class kotlin.collections.CollectionsKt__CollectionsKt                                 : loaded 2 times (x 67B)
Class [Lai.grazie.nlp.langs.alphabet.Alphabet$Group;                                  : loaded 2 times (x 65B)
Class ai.grazie.nlp.langs.alphabet.Alphabet$Group                                     : loaded 2 times (x 75B)
Class kotlin.jvm.internal.FunctionBase                                                : loaded 2 times (x 66B)
Class kotlin.enums.EnumEntriesList                                                    : loaded 2 times (x 219B)
Class ai.grazie.nlp.patterns.standard.LikelyPatterns$IsCompositeInflection$1$1        : loaded 2 times (x 91B)
Class ai.grazie.nlp.langs.Language$Companion                                          : loaded 2 times (x 67B)
Class kotlin.collections.CollectionsKt__IteratorsJVMKt                                : loaded 2 times (x 67B)
Class ai.grazie.nlp.patterns.Pattern$Exclusion                                        : loaded 2 times (x 89B)
Class ai.grazie.nlp.patterns.standard.LikelyPatterns$ChatTextEmoji$1                  : loaded 2 times (x 91B)
Class ai.grazie.nlp.patterns.standard.LikelyPatterns$IsMention$1$1                    : loaded 2 times (x 91B)
Class ai.grazie.nlp.tokenizer.Tokenizer$Keys                                          : loaded 2 times (x 67B)
Class kotlin.collections.CollectionsKt__MutableCollectionsKt                          : loaded 2 times (x 67B)
Class ai.grazie.DataHolder$Key                                                        : loaded 2 times (x 67B)
Class ai.grazie.text.Text                                                             : loaded 2 times (x 81B)
Class ai.grazie.DataHolder                                                            : loaded 2 times (x 68B)
Class ai.grazie.nlp.patterns.standard.LikelyPatterns$Chemical$1$1                     : loaded 2 times (x 91B)
Class ai.grazie.nlp.tokenizer.Tokenizer                                               : loaded 2 times (x 66B)
Class ai.grazie.nlp.patterns.ext.AbbreviationPatterns                                 : loaded 2 times (x 67B)
Class ai.grazie.utils.CollectionsKt                                                   : loaded 2 times (x 67B)
Class kotlin.collections.EmptyList                                                    : loaded 2 times (x 170B)
Class ai.grazie.nlp.utils.Symbols                                                     : loaded 2 times (x 67B)
Class ai.grazie.nlp.patterns.standard.LikelyPatterns$ChainedName$1$1                  : loaded 2 times (x 91B)
Class ai.grazie.nlp.patterns.standard.LikelyPatterns$CommandLineOption$1              : loaded 2 times (x 91B)
Class ai.grazie.nlp.patterns.standard.LikelyPatterns$IsURL$1                          : loaded 2 times (x 89B)
Class kotlin.ResultKt                                                                 : loaded 2 times (x 67B)
Class ai.grazie.utils.mpp.TextRegex                                                   : loaded 2 times (x 67B)
Class ai.grazie.nlp.patterns.Pattern$After                                            : loaded 2 times (x 89B)
Class ai.grazie.nlp.langs.alphabet.Alphabet$Companion                                 : loaded 2 times (x 67B)
Class ai.grazie.nlp.patterns.ext.AbbreviationPatterns$All$1                           : loaded 2 times (x 91B)
Class ai.grazie.nlp.patterns.standard.LikelyPatterns                                  : loaded 2 times (x 67B)
Class ai.grazie.nlp.patterns.standard.StrictPatterns                                  : loaded 2 times (x 67B)
Class ai.grazie.nlp.patterns.AhoCorasickPattern$TrieNode                              : loaded 2 times (x 68B)
Class ai.grazie.nlp.tokenizer.NonDestructiveTokenizer                                 : loaded 2 times (x 66B)
Class ai.grazie.nlp.patterns.ext.AbbreviationPatterns$Ukrainian$1$1                   : loaded 2 times (x 91B)
Class ai.grazie.nlp.patterns.AhoCorasickPattern$AhoCorasickBuilder                    : loaded 2 times (x 68B)
Class ai.grazie.nlp.langs.alphabet.Alphabet$Group$1                                   : loaded 2 times (x 74B)
Class ai.grazie.nlp.patterns.Pattern$Before                                           : loaded 2 times (x 92B)
Class ai.grazie.nlp.langs.alphabet.Alphabet$Group$2                                   : loaded 2 times (x 74B)
Class ai.grazie.nlp.langs.alphabet.Alphabet$Group$3                                   : loaded 2 times (x 74B)
Class ai.grazie.nlp.langs.alphabet.Alphabet$Group$4                                   : loaded 2 times (x 74B)
Class kotlin.NotImplementedError                                                      : loaded 2 times (x 78B)
Class kotlin.Metadata                                                                 : loaded 2 times (x 66B)
Class kotlin.UninitializedPropertyAccessException                                     : loaded 2 times (x 78B)
Class ai.grazie.nlp.patterns.standard.LikelyPatterns$IsIBAN$1$1                       : loaded 2 times (x 91B)
Class ai.grazie.nlp.patterns.LambdaMatchPattern                                       : loaded 2 times (x 71B)
Class [Lai.grazie.nlp.patterns.Pattern;                                               : loaded 2 times (x 65B)
Class ai.grazie.nlp.langs.alphabet.Alphabet$Group$5                                   : loaded 2 times (x 74B)
Class ai.grazie.nlp.langs.LanguageISO$Companion$1                                     : loaded 2 times (x 74B)
Class ai.grazie.nlp.langs.alphabet.Alphabet$Group$6                                   : loaded 2 times (x 74B)
Class ai.grazie.nlp.patterns.Pattern$beforeWordBoundary$1                             : loaded 2 times (x 92B)
Class ai.grazie.nlp.langs.alphabet.Alphabet$Group$7                                   : loaded 2 times (x 74B)
Class ai.grazie.nlp.patterns.standard.LikelyPatterns$IsEmail$1                        : loaded 2 times (x 91B)
Class ai.grazie.nlp.langs.Language$Companion$all$2                                    : loaded 2 times (x 74B)
Class ai.grazie.nlp.langs.alphabet.Alphabet$Group$8                                   : loaded 2 times (x 74B)
Class kotlin.coroutines.intrinsics.IntrinsicsKt__IntrinsicsKt                         : loaded 2 times (x 67B)
Class kotlin.collections.CollectionsKt__CollectionsJVMKt                              : loaded 2 times (x 67B)
Class kotlin.collections.CollectionsKt__IteratorsKt                                   : loaded 2 times (x 67B)
Class ai.grazie.nlp.langs.LanguageISO                                                 : loaded 2 times (x 75B)
Class ai.grazie.nlp.patterns.ext.AbbreviationPatterns$UpperCaseSequence$1             : loaded 2 times (x 91B)
Class [Lai.grazie.nlp.patterns.AhoCorasickPattern$AhoCorasickBuilder$AutomataBuilderNode;: loaded 2 times (x 65B)
Class ai.grazie.nlp.patterns.standard.LikelyPatterns$IsFilePath$1$1                   : loaded 2 times (x 91B)
Class kotlin.enums.EnumEntries                                                        : loaded 2 times (x 66B)
Class ai.grazie.nlp.patterns.standard.LikelyPatterns$IsEncodedBinary$1                : loaded 2 times (x 74B)
Class ai.grazie.nlp.langs.alphabet.RegexAlphabet                                      : loaded 2 times (x 72B)
Class ai.grazie.nlp.patterns.AggregatedPattern                                        : loaded 2 times (x 91B)
Class ai.grazie.nlp.patterns.ext.AbbreviationPatterns$CaseDotVaryingAhoCorasickPattern: loaded 2 times (x 92B)
Class kotlin.collections.EmptyIterator                                                : loaded 2 times (x 85B)
Class ai.grazie.nlp.patterns.Pattern$before$1                                         : loaded 2 times (x 92B)
Class ai.grazie.utils.CollectionFactory                                               : loaded 2 times (x 67B)
Class ai.grazie.utils.mpp.Resources                                                   : loaded 2 times (x 67B)
Class ai.grazie.utils.mpp.StreamDataLoader                                            : loaded 2 times (x 66B)
Class com.jetbrains.rd.rdtext.intrinsics.RdTextChange                                 : loaded 2 times (x 71B)
Class ai.grazie.nlp.patterns.standard.LikelyPatterns$GeneratedId$1                    : loaded 2 times (x 91B)
Class ai.grazie.nlp.langs.alphabet.Alphabet$Group$Companion                           : loaded 2 times (x 67B)
Class ai.grazie.nlp.patterns.standard.StrictPatterns$IsNumber$1                       : loaded 2 times (x 74B)
Class ai.grazie.nlp.patterns.standard.LikelyPatterns$IsGermanNumeral$1                : loaded 2 times (x 91B)
Class kotlin.collections.CollectionsKt___CollectionsJvmKt                             : loaded 2 times (x 67B)
Class [Lai.grazie.nlp.langs.Language;                                                 : loaded 2 times (x 65B)
Class ai.grazie.nlp.langs.alphabet.Alphabet                                           : loaded 2 times (x 72B)
Class ai.grazie.nlp.patterns.Pattern$afterWordBoundary$1                              : loaded 2 times (x 89B)
Class ai.grazie.text.TextRange                                                        : loaded 2 times (x 67B)
Class ai.grazie.utils.mpp.DataLoader                                                  : loaded 2 times (x 66B)
Class kotlin.collections.CollectionsKt___CollectionsKt                                : loaded 2 times (x 67B)
Class kotlin.annotation.Target                                                        : loaded 2 times (x 66B)
Class kotlin.annotation.Retention                                                     : loaded 2 times (x 66B)
Class ai.grazie.utils.mpp.RootStreamDataLoader                                        : loaded 2 times (x 66B)
Class ai.grazie.nlp.patterns.standard.StrictPatterns$HasNumber$1                      : loaded 2 times (x 74B)
Class kotlin.collections.CollectionsKt__MutableCollectionsJVMKt                       : loaded 2 times (x 67B)
Class kotlin.enums.EnumEntriesKt                                                      : loaded 2 times (x 67B)
Class ai.grazie.nlp.patterns.ext.AbbreviationPatterns$Russian$1                       : loaded 2 times (x 91B)
Class kotlin.coroutines.intrinsics.IntrinsicsKt                                       : loaded 2 times (x 67B)
Class kotlin.jvm.internal.Intrinsics                                                  : loaded 2 times (x 67B)
Class ai.grazie.nlp.patterns.standard.LikelyPatterns$NameInitials$1                   : loaded 2 times (x 91B)
Class ai.grazie.utils.mpp.DataLoader$Path                                             : loaded 2 times (x 68B)
Class kotlin.collections.CollectionsKt__IterablesKt                                   : loaded 2 times (x 67B)
Class ai.grazie.nlp.patterns.standard.LikelyPatterns$TicketName$1                     : loaded 2 times (x 91B)
Class ai.grazie.nlp.patterns.standard.LikelyPatterns$IsOrdinalNumeral$1               : loaded 2 times (x 91B)
Class kotlin.KotlinNullPointerException                                               : loaded 2 times (x 79B)
Class ai.grazie.nlp.patterns.standard.LikelyPatterns$PunctuationOperator$1$1          : loaded 2 times (x 91B)
Class ai.grazie.nlp.tokenizer.sequence.CharSequenceTokenizer                          : loaded 2 times (x 66B)
Class ai.grazie.utils.mpp.FromResourcesDataLoader                                     : loaded 2 times (x 91B)
Class ai.grazie.nlp.patterns.RegexPattern                                             : loaded 2 times (x 91B)
Class kotlin.jvm.internal.markers.KMappedMarker                                       : loaded 2 times (x 66B)
Class ai.grazie.nlp.tokenizer.Tokenizer$Token                                         : loaded 2 times (x 68B)
Class ai.grazie.nlp.patterns.AhoCorasickPattern$AhoCorasickBuilder$AutomataBuilderNode: loaded 2 times (x 68B)
Class ai.grazie.nlp.langs.alphabet.SetBasedAlphabet                                   : loaded 2 times (x 72B)
Class kotlin.coroutines.jvm.internal.SuspendFunction                                  : loaded 2 times (x 66B)
Class ai.grazie.nlp.patterns.standard.LikelyPatterns$IsIPv4$1                         : loaded 2 times (x 91B)
Class kotlin.coroutines.intrinsics.IntrinsicsKt__IntrinsicsJvmKt                      : loaded 2 times (x 67B)
Class kotlin.collections.CollectionsKt                                                : loaded 2 times (x 67B)
Class ai.grazie.nlp.langs.Language                                                    : loaded 2 times (x 75B)
Class ai.grazie.DataHolder$data$2                                                     : loaded 2 times (x 74B)
Class ai.grazie.nlp.patterns.AhoCorasickPattern                                       : loaded 2 times (x 92B)

---------------  S Y S T E M  ---------------

OS:
 Windows 11 , 64 bit Build 22621 (10.0.22621.3672)
OS uptime: 0 days 2:10 hours

CPU: total 16 (initial active 16) (8 cores per cpu, 2 threads per core) family 6 model 167 stepping 1 microcode 0x40, cx8, cmov, fxsr, ht, mmx, 3dnowpref, sse, sse2, sse3, ssse3, sse4.1, sse4.2, popcnt, lzcnt, tsc, tscinvbit, avx, avx2, aes, erms, clmul, bmi1, bmi2, adx, avx512f, avx512dq, avx512cd, avx512bw, avx512vl, sha, fma, vzeroupper, avx512_vpopcntdq, avx512_vpclmulqdq, avx512_vaes, avx512_vnni, clflush, clflushopt, avx512_vbmi2, avx512_vbmi, rdtscp, rdpid, fsrm, gfni, avx512_bitalg, f16c, pku, avx512_ifma
Processor Information for all 16 processors :
  Max Mhz: 2496, Current Mhz: 2496, Mhz Limit: 2496

Memory: 4k page, system-wide physical 32605M (8361M free)
TotalPageFile size 59229M (AvailPageFile size 19088M)
current process WorkingSet (physical memory assigned to process): 2251M, peak: 2742M
current process commit charge ("private bytes"): 2479M, peak: 2494M

vm_info: OpenJDK 64-Bit Server VM (21.0.4+13-b509.26) for windows-amd64 JRE (21.0.4+13-b509.26), built on 2024-09-27 by "builduser" with MS VC++ 16.10 / 16.11 (VS2019)

END.
