#
# A fatal error has been detected by the Java Runtime Environment:
#
#  Internal Error (relocInfo_x86.cpp:106), pid=38052, tid=24892
#  Error: ShouldNotReachHere()
#
# JRE version: OpenJDK Runtime Environment JBR-21.0.4+13-509.26-jcef (21.0.4+13) (build 21.0.4+13-b509.26)
# Java VM: OpenJDK 64-Bit Server VM JBR-21.0.4+13-509.26-jcef (21.0.4+13-b509.26, mixed mode, tiered, compressed oops, compressed class ptrs, g1 gc, windows-amd64)
# No core dump will be written. Minidumps are not enabled by default on client versions of Windows
#
# If you would like to submit a bug report, please visit:
#   https://youtrack.jetbrains.com/issues/JBR
#

---------------  S U M M A R Y ------------

Command Line: abort vfprintf -XX:ErrorFile=C:\Users\HLC_2021\java_error_in_rider_%p.log -XX:HeapDumpPath=C:\Users\HLC_2021\java_error_in_rider.hprof -Xms128m -Xmx2048m -XX:+HeapDumpOnOutOfMemoryError -XX:-OmitStackTraceInFastThrow -XX:+IgnoreUnrecognizedVMOptions -ea -Dsun.io.useCanonCaches=false -Dsun.java2d.metal=true -Djbr.catch.SIGABRT=true -Djdk.http.auth.tunneling.disabledSchemes="" -Djdk.attach.allowAttachSelf=true -Djdk.module.illegalAccess.silent=true -Dkotlinx.coroutines.debug=off -XX:CICompilerCount=2 -XX:ReservedCodeCacheSize=512m -XX:+UnlockDiagnosticVMOptions -XX:TieredOldPercentage=100000 -Xms128m -Xmx4075m -XX:ReservedCodeCacheSize=512m -XX:+IgnoreUnrecognizedVMOptions -XX:+UseG1GC -XX:SoftRefLRUPolicyMSPerMB=50 -XX:CICompilerCount=2 -XX:+HeapDumpOnOutOfMemoryError -XX:-OmitStackTraceInFastThrow -ea -Dsun.io.useCanonCaches=false -Djdk.http.auth.tunneling.disabledSchemes="" -Djdk.attach.allowAttachSelf=true -Djdk.module.illegalAccess.silent=true -Dkotlinx.coroutines.debug=off -XX:ErrorFile=$USER_HOME/java_error_in_idea_%p.log -XX:HeapDumpPath=$USER_HOME/java_error_in_idea.hprof --add-opens=java.base/jdk.internal.org.objectweb.asm=ALL-UNNAMED --add-opens=java.base/jdk.internal.org.objectweb.asm.tree=ALL-UNNAMED -javaagent:C:\Users\HLC_2021\Downloads\jetbra-ded4f9dc4fcb60294b21669dafa90330f2713ce4 (1)\jetbra\ja-netfilter.jar=jetbrains -Djb.vmOptionsFile=C:\Users\HLC_2021\Downloads\jetbra-ded4f9dc4fcb60294b21669dafa90330f2713ce4 (1)\jetbra\vmoptions\rider.vmoptions -Djava.system.class.loader=com.intellij.util.lang.PathClassLoader -Didea.vendor.name=JetBrains -Didea.paths.selector=Rider2024.2 -Djna.boot.library.path=C:\Program Files\JetBrains\JetBrains Rider 2024.2.7/lib/jna/amd64 -Dpty4j.preferred.native.folder=C:\Program Files\JetBrains\JetBrains Rider 2024.2.7/lib/pty4j -Djna.nosys=true -Djna.noclasspath=true -Dintellij.platform.runtime.repository.path=C:\Program Files\JetBrains\JetBrains Rider 2024.2.7/modules/module-descriptors.jar -Didea.platform.prefix=Rider -Dide.native.launcher=true -Didea.class.before.app=com.jetbrains.rider.protocol.EarlyBackendStarter -Didea.show.customize.ide.wizard=true -DFilePageCache.THROW_ERROR_ON_DUPLICATE_STORAGE_REGISTRATION=false -Dsplash=true -Daether.connector.resumeDownloads=false --add-opens=java.base/java.io=ALL-UNNAMED --add-opens=java.base/java.lang=ALL-UNNAMED --add-opens=java.base/java.lang.ref=ALL-UNNAMED --add-opens=java.base/java.lang.reflect=ALL-UNNAMED --add-opens=java.base/java.net=ALL-UNNAMED --add-opens=java.base/java.nio=ALL-UNNAMED --add-opens=java.base/java.nio.charset=ALL-UNNAMED --add-opens=java.base/java.text=ALL-UNNAMED --add-opens=java.base/java.time=ALL-UNNAMED --add-opens=java.base/java.util=ALL-UNNAMED --add-opens=java.base/java.util.concurrent=ALL-UNNAMED --add-opens=java.base/java.util.concurrent.atomic=ALL-UNNAMED --add-opens=java.base/java.util.concurrent.locks=ALL-UNNAMED --add-opens=java.base/jdk.internal.vm=ALL-UNNAMED --add-opens=java.base/sun.net.dns=ALL-UNNAMED --add-opens=java.base/sun.nio.ch=ALL-UNNAMED --add-opens=java.base/sun.nio.fs=ALL-UNNAMED --add-opens=java.base/sun.security.ssl=ALL-UNNAMED --add-opens=java.base/sun.security.util=ALL-UNNAMED --add-opens=java.desktop/com.sun.java.swing=ALL-UNNAMED --add-opens=java.desktop/java.awt=ALL-UNNAMED --add-opens=java.desktop/java.awt.dnd.peer=ALL-UNNAMED --add-opens=java.desktop/java.awt.event=ALL-UNNAMED --add-opens=java.desktop/java.awt.font=ALL-UNNAMED --add-opens=java.desktop/java.awt.image=ALL-UNNAMED --add-opens=java.desktop/java.awt.peer=ALL-UNNAMED --add-opens=java.desktop/javax.swing=ALL-UNNAMED --add-opens=java.desktop/javax.swing.plaf.basic=ALL-UNNAMED --add-opens=java.desktop/javax.swing.text=ALL-UNNAMED --add-opens=java.desktop/javax.swing.text.html=ALL-UNNAMED --add-opens=java.desktop/sun.awt=ALL-UNNAMED --add-opens=java.desktop/sun.awt.datatransfer=ALL-UNNAMED --add-opens=java.desktop/sun.awt.image=ALL-UNNAMED --add-opens=java.desktop/sun.awt.windows=ALL-UNNAMED --add-opens=java.desktop/sun.font=ALL-UNNAMED --add-opens=java.desktop/sun.java2d=ALL-UNNAMED --add-opens=java.desktop/sun.swing=ALL-UNNAMED --add-opens=java.management/sun.management=ALL-UNNAMED --add-opens=jdk.attach/sun.tools.attach=ALL-UNNAMED --add-opens=jdk.compiler/com.sun.tools.javac.api=ALL-UNNAMED --add-opens=jdk.internal.jvmstat/sun.jvmstat.monitor=ALL-UNNAMED --add-opens=jdk.jdi/com.sun.tools.jdi=ALL-UNNAMED -Dide.native.launcher=true -Djcef.sandbox.ptr=000001CB6D831FE0 -Djcef.sandbox.cefVersion=122.1.9+gd14e051+chromium-122.0.6261.94 com.intellij.idea.Main E:\Project\SD Playable Ads\SD Playable Ads.sln --line -1 --column -1 E:\Project\SD Playable Ads\Assets\Script\WeaponViewController.cs

Host: 11th Gen Intel(R) Core(TM) i7-11700 @ 2.50GHz, 16 cores, 31G,  Windows 11 , 64 bit Build 22621 (10.0.22621.3672)
Time: Tue Oct 29 10:35:04 2024 SE Asia Standard Time elapsed time: 62.055438 seconds (0d 0h 1m 2s)

---------------  T H R E A D  ---------------

Current thread (0x000001cb7ca66920):  JavaThread "C1 CompilerThread0" daemon [_thread_in_vm, id=24892, stack(0x000000b28d200000,0x000000b28d300000) (1024K)]


Current CompileTask:
C1:  62055 40808 %     3       kotlin.reflect.jvm.internal.impl.metadata.jvm.deserialization.UtfEncodingKt::stringsToBytes @ 97 (173 bytes)

Stack: [0x000000b28d200000,0x000000b28d300000]
Native frames: (J=compiled Java code, j=interpreted, Vv=VM code, C=native code)
V  [jvm.dll+0x6e3739]
V  [jvm.dll+0x8c0c33]
V  [jvm.dll+0x8c318e]
V  [jvm.dll+0x8c3827]
V  [jvm.dll+0x2881d7]
V  [jvm.dll+0x2881fc]
V  [jvm.dll+0x288150]
V  [jvm.dll+0x734195]
V  [jvm.dll+0x732030]
V  [jvm.dll+0x236d73]
V  [jvm.dll+0x234d17]
V  [jvm.dll+0x6b51f3]
V  [jvm.dll+0x6b85c1]
V  [jvm.dll+0x1f0940]
V  [jvm.dll+0x156da2]
V  [jvm.dll+0x15603f]
V  [jvm.dll+0x157e61]
V  [jvm.dll+0x25e88c]
V  [jvm.dll+0x25cdd6]
V  [jvm.dll+0x3fe076]
V  [jvm.dll+0x8688c8]
V  [jvm.dll+0x6e1f3d]
C  [ucrtbase.dll+0x29333]
C  [KERNEL32.DLL+0x1257d]
C  [ntdll.dll+0x5af28]


---------------  P R O C E S S  ---------------

Threads class SMR info:
_java_thread_list=0x000001cb49e729e0, length=169, elements={
0x000001cb6d858460, 0x000001cb7ca28170, 0x000001cb7ca2c150, 0x000001cb7ca2a1e0,
0x000001cb7ca4a630, 0x000001cb7ca4dc50, 0x000001cb7ca4ee50, 0x000001cb7ca53350,
0x000001cb7ca66920, 0x000001cb79a66110, 0x000001cb7d0b86e0, 0x000001cb4a3d7350,
0x000001cb4a429a40, 0x000001cb4a43c0e0, 0x000001cb4a454f00, 0x000001cb4a4595f0,
0x000001cb4a458f60, 0x000001cb4a4588d0, 0x000001cb4a459c80, 0x000001cb4a45b030,
0x000001cb4a45a310, 0x000001cb4a458240, 0x000001cb4a45a9a0, 0x000001cb4a45b6c0,
0x000001cb4a7ce840, 0x000001cb4a7d3070, 0x000001cb4a7d5140, 0x000001cb4a7d3d90,
0x000001cb4a7ce1b0, 0x000001cb4a7d4420, 0x000001cb4a7d0fa0, 0x000001cb4a7d0280,
0x000001cb4a7d0910, 0x000001cb4a7d29e0, 0x000001cb4a7cf560, 0x000001cb4a7d1cc0,
0x000001cb4b794f30, 0x000001cb4b795c50, 0x000001cb4b79a480, 0x000001cb4b79c550,
0x000001cbbe9a5a30, 0x000001cbbe9a2c40, 0x000001cbbe9a3ff0, 0x000001cbbf12ff40,
0x000001cbbf12cac0, 0x000001cbbf130c60, 0x000001cbbf12e500, 0x000001cbbf12bda0,
0x000001cbbf12f8b0, 0x000001cbbf12d150, 0x000001cbbf12c430, 0x000001cbbf5826a0,
0x000001cbbf57ff40, 0x000001cb531d1580, 0x000001cb531d22a0, 0x000001cb531cfb40,
0x000001cb5eab65b0, 0x000001cb5eabdbd0, 0x000001cb5eabe260, 0x000001cb5eac09c0,
0x000001cb5eac1050, 0x000001cb5eac16e0, 0x000001cb66a2e5d0, 0x000001cb66a2aac0,
0x000001cb66a2df40, 0x000001cb66a2be70, 0x000001cb66a30d30, 0x000001cb66a37630,
0x000001cc0f50af80, 0x000001cc0f50bca0, 0x000001cc0f504d10, 0x000001cc0f50d050,
0x000001cc10167760, 0x000001cc1a8ba000, 0x000001cc1a8c1cb0, 0x000001cc1c4a0640,
0x000001cc25e447c0, 0x000001cc2761a6f0, 0x000001cc276199d0, 0x000001cc27613760,
0x000001cc2761ad80, 0x000001cc27620960, 0x000001cc2761b410, 0x000001cc2761c7c0,
0x000001cc2761e890, 0x000001cc276230c0, 0x000001cc286be760, 0x000001cc286ba5c0,
0x000001cc286bfb10, 0x000001cc286bb2e0, 0x000001cc286c0ec0, 0x000001cc286c2270,
0x000001cc286c5d80, 0x000001cc286cf470, 0x000001cc286d49c0, 0x000001cc2ed73f80,
0x000001cc2ed759c0, 0x000001cc2ed77a90, 0x000001cc2ed78120, 0x000001cc2ed766e0,
0x000001cc2ed787b0, 0x000001cc2ed76d70, 0x000001cc2ed74610, 0x000001cc2ed78e40,
0x000001cc2ed72bd0, 0x000001cc2ed74ca0, 0x000001cc2ed76050, 0x000001cc2ed72540,
0x000001cc2ed7bc30, 0x000001cc2ed79b60, 0x000001cc2ed7a1f0, 0x000001cc2ed7a880,
0x000001cc2ed7af10, 0x000001cc2ed7b5a0, 0x000001cc2ed7c2c0, 0x000001cc2ed75330,
0x000001cc2ed7cfe0, 0x000001cc2ed7fdd0, 0x000001cc2ed838e0, 0x000001cc2ed80460,
0x000001cc2ed80af0, 0x000001cc2ed81180, 0x000001cc2ed7c950, 0x000001cc2ed7dd00,
0x000001cc2ed82bc0, 0x000001cc2ed83f70, 0x000001cc2ed81810, 0x000001cc2ed81ea0,
0x000001cc2ed82530, 0x000001cc2ed83250, 0x000001cc2ed84600, 0x000001cc2ed7f0b0,
0x000001cc2ed7d670, 0x000001cc2ed84c90, 0x000001cc2ed7ea20, 0x000001cc2ed85320,
0x000001cc2ed7e390, 0x000001cc2ed859b0, 0x000001cc2ed86040, 0x000001cc2ed866d0,
0x000001cc2ed7f740, 0x000001cc2ed8b590, 0x000001cc2ed873f0, 0x000001cc2ed8dcf0,
0x000001cc2ed90450, 0x000001cc2eda1e80, 0x000001cc2eda66b0, 0x000001cc2edac290,
0x000001cc2eda8780, 0x000001cc2edacfb0, 0x000001cc2edaa1c0, 0x000001cc2edab570,
0x000001cc2eda9b30, 0x000001cc2edaa850, 0x000001cc2edabc00, 0x000001cc2edad640,
0x000001cc2edadcd0, 0x000001cc2eda6d40, 0x000001cc3473c260, 0x000001cc34758730,
0x000001cc3474aea0, 0x000001cc3474e9b0, 0x000001cc34747a20, 0x000001cc3474f040,
0x000001cc347480b0, 0x000001cc3474f6d0, 0x000001cc347652a0, 0x000001cc34768720,
0x000001cc34766650
}

Java Threads: ( => current thread )
  0x000001cb6d858460 JavaThread "main"                              [_thread_blocked, id=36548, stack(0x000000b28c200000,0x000000b28c400000) (2048K)]
  0x000001cb7ca28170 JavaThread "Reference Handler"          daemon [_thread_blocked, id=26316, stack(0x000000b28cb00000,0x000000b28cc00000) (1024K)]
  0x000001cb7ca2c150 JavaThread "Finalizer"                  daemon [_thread_blocked, id=26064, stack(0x000000b28cc00000,0x000000b28cd00000) (1024K)]
  0x000001cb7ca2a1e0 JavaThread "Signal Dispatcher"          daemon [_thread_blocked, id=36540, stack(0x000000b28cd00000,0x000000b28ce00000) (1024K)]
  0x000001cb7ca4a630 JavaThread "Attach Listener"            daemon [_thread_blocked, id=38868, stack(0x000000b28ce00000,0x000000b28cf00000) (1024K)]
  0x000001cb7ca4dc50 JavaThread "Service Thread"             daemon [_thread_blocked, id=38560, stack(0x000000b28cf00000,0x000000b28d000000) (1024K)]
  0x000001cb7ca4ee50 JavaThread "Monitor Deflation Thread"   daemon [_thread_blocked, id=36220, stack(0x000000b28d000000,0x000000b28d100000) (1024K)]
  0x000001cb7ca53350 JavaThread "C2 CompilerThread0"         daemon [_thread_blocked, id=38252, stack(0x000000b28d100000,0x000000b28d200000) (1024K)]
=>0x000001cb7ca66920 JavaThread "C1 CompilerThread0"         daemon [_thread_in_vm, id=24892, stack(0x000000b28d200000,0x000000b28d300000) (1024K)]
  0x000001cb79a66110 JavaThread "Common-Cleaner"             daemon [_thread_blocked, id=6744, stack(0x000000b28d300000,0x000000b28d400000) (1024K)]
  0x000001cb7d0b86e0 JavaThread "Notification Thread"        daemon [_thread_blocked, id=36872, stack(0x000000b28d900000,0x000000b28da00000) (1024K)]
  0x000001cb4a3d7350 JavaThread "DefaultDispatcher-worker-1" daemon [_thread_blocked, id=36924, stack(0x000000b28da00000,0x000000b28db00000) (1024K)]
  0x000001cb4a429a40 JavaThread "DefaultDispatcher-worker-2" daemon [_thread_blocked, id=25716, stack(0x000000b28db00000,0x000000b28dc00000) (1024K)]
  0x000001cb4a43c0e0 JavaThread "DefaultDispatcher-worker-3" daemon [_thread_blocked, id=24040, stack(0x000000b28dc00000,0x000000b28dd00000) (1024K)]
  0x000001cb4a454f00 JavaThread "DefaultDispatcher-worker-4" daemon [_thread_blocked, id=27528, stack(0x000000b28dd00000,0x000000b28de00000) (1024K)]
  0x000001cb4a4595f0 JavaThread "DefaultDispatcher-worker-5" daemon [_thread_blocked, id=35236, stack(0x000000b28de00000,0x000000b28df00000) (1024K)]
  0x000001cb4a458f60 JavaThread "DefaultDispatcher-worker-6" daemon [_thread_blocked, id=33100, stack(0x000000b28df00000,0x000000b28e000000) (1024K)]
  0x000001cb4a4588d0 JavaThread "DefaultDispatcher-worker-7" daemon [_thread_blocked, id=36888, stack(0x000000b28e000000,0x000000b28e100000) (1024K)]
  0x000001cb4a459c80 JavaThread "DefaultDispatcher-worker-8" daemon [_thread_blocked, id=36012, stack(0x000000b28e100000,0x000000b28e200000) (1024K)]
  0x000001cb4a45b030 JavaThread "DefaultDispatcher-worker-9" daemon [_thread_blocked, id=4296, stack(0x000000b28e200000,0x000000b28e300000) (1024K)]
  0x000001cb4a45a310 JavaThread "DefaultDispatcher-worker-10" daemon [_thread_blocked, id=37572, stack(0x000000b28e300000,0x000000b28e400000) (1024K)]
  0x000001cb4a458240 JavaThread "DefaultDispatcher-worker-11" daemon [_thread_blocked, id=1252, stack(0x000000b28e400000,0x000000b28e500000) (1024K)]
  0x000001cb4a45a9a0 JavaThread "DefaultDispatcher-worker-12" daemon [_thread_blocked, id=25868, stack(0x000000b28e500000,0x000000b28e600000) (1024K)]
  0x000001cb4a45b6c0 JavaThread "DefaultDispatcher-worker-13" daemon [_thread_blocked, id=36088, stack(0x000000b28e600000,0x000000b28e700000) (1024K)]
  0x000001cb4a7ce840 JavaThread "DefaultDispatcher-worker-14" daemon [_thread_blocked, id=38080, stack(0x000000b28e700000,0x000000b28e800000) (1024K)]
  0x000001cb4a7d3070 JavaThread "DefaultDispatcher-worker-15" daemon [_thread_blocked, id=37112, stack(0x000000b28e800000,0x000000b28e900000) (1024K)]
  0x000001cb4a7d5140 JavaThread "DefaultDispatcher-worker-16" daemon [_thread_blocked, id=28468, stack(0x000000b28e900000,0x000000b28ea00000) (1024K)]
  0x000001cb4a7d3d90 JavaThread "DefaultDispatcher-worker-17" daemon [_thread_blocked, id=30824, stack(0x000000b28ea00000,0x000000b28eb00000) (1024K)]
  0x000001cb4a7ce1b0 JavaThread "Java2D Disposer"            daemon [_thread_blocked, id=35540, stack(0x000000b28f200000,0x000000b28f300000) (1024K)]
  0x000001cb4a7d4420 JavaThread "AWT-Shutdown"                      [_thread_blocked, id=28284, stack(0x000000b28f300000,0x000000b28f400000) (1024K)]
  0x000001cb4a7d0fa0 JavaThread "AWT-Windows"                daemon [_thread_in_native, id=37588, stack(0x000000b28f400000,0x000000b28f500000) (1024K)]
  0x000001cb4a7d0280 JavaThread "DefaultDispatcher-worker-18" daemon [_thread_blocked, id=12456, stack(0x000000b28f500000,0x000000b28f600000) (1024K)]
  0x000001cb4a7d0910 JavaThread "External Command Listener"  daemon [_thread_in_native, id=36164, stack(0x000000b28f600000,0x000000b28f700000) (1024K)]
  0x000001cb4a7d29e0 JavaThread "kotlinx.coroutines.DefaultExecutor" daemon [_thread_blocked, id=31848, stack(0x000000b28f700000,0x000000b28f800000) (1024K)]
  0x000001cb4a7cf560 JavaThread "EventQueueMonitor-ComponentEvtDispatch" daemon [_thread_blocked, id=25280, stack(0x000000b28f800000,0x000000b28f900000) (1024K)]
  0x000001cb4a7d1cc0 JavaThread "Thread-19"                  daemon [_thread_in_native, id=26168, stack(0x000000b28f900000,0x000000b28fa00000) (1024K)]
  0x000001cb4b794f30 JavaThread "AWT-EventQueue-0"                  [_thread_blocked, id=2544, stack(0x000000b28fa00000,0x000000b28fb00000) (1024K)]
  0x000001cb4b795c50 JavaThread "EarlyStartServerWire/Sender" daemon [_thread_blocked, id=25880, stack(0x000000b28fd00000,0x000000b28fe00000) (1024K)]
  0x000001cb4b79a480 JavaThread "EarlyStartServerWire"       daemon [_thread_in_native, id=26764, stack(0x000000b28fe00000,0x000000b28ff00000) (1024K)]
  0x000001cb4b79c550 JavaThread "SerializersBackgroundRegistrar" daemon [_thread_blocked, id=25384, stack(0x000000b28ff00000,0x000000b290000000) (1024K)]
  0x000001cbbe9a5a30 JavaThread "Program"                           [_thread_in_native, id=30152, stack(0x000000b290000000,0x000000b290100000) (1024K)]
  0x000001cbbe9a2c40 JavaThread "BaseDataReader: output stream of Program"        [_thread_in_native, id=27532, stack(0x000000b290100000,0x000000b290200000) (1024K)]
  0x000001cbbe9a3ff0 JavaThread "BaseDataReader: error stream of Program"        [_thread_in_native, id=35888, stack(0x000000b290200000,0x000000b290300000) (1024K)]
  0x000001cbbf12ff40 JavaThread "DefaultDispatcher-worker-19" daemon [_thread_blocked, id=34036, stack(0x000000b290400000,0x000000b290500000) (1024K)]
  0x000001cbbf12cac0 JavaThread "DefaultDispatcher-worker-21" daemon [_thread_blocked, id=2632, stack(0x000000b290500000,0x000000b290600000) (1024K)]
  0x000001cbbf130c60 JavaThread "DefaultDispatcher-worker-20" daemon [_thread_blocked, id=7172, stack(0x000000b290600000,0x000000b290700000) (1024K)]
  0x000001cbbf12e500 JavaThread "DefaultDispatcher-worker-22" daemon [_thread_blocked, id=34556, stack(0x000000b290700000,0x000000b290800000) (1024K)]
  0x000001cbbf12bda0 JavaThread "DefaultDispatcher-worker-23" daemon [_thread_blocked, id=36168, stack(0x000000b290800000,0x000000b290900000) (1024K)]
  0x000001cbbf12f8b0 JavaThread "DefaultDispatcher-worker-24" daemon [_thread_blocked, id=36836, stack(0x000000b290900000,0x000000b290a00000) (1024K)]
  0x000001cbbf12d150 JavaThread "DefaultDispatcher-worker-25" daemon [_thread_blocked, id=37960, stack(0x000000b290a00000,0x000000b290b00000) (1024K)]
  0x000001cbbf12c430 JavaThread "PeriodicMetricReader"       daemon [_thread_blocked, id=22944, stack(0x000000b290b00000,0x000000b290c00000) (1024K)]
  0x000001cbbf5826a0 JavaThread "Coroutines Debugger Cleaner" daemon [_thread_blocked, id=33524, stack(0x000000b290c00000,0x000000b290d00000) (1024K)]
  0x000001cbbf57ff40 JavaThread "JVMResponsivenessMonitor"   daemon [_thread_blocked, id=38644, stack(0x000000b290d00000,0x000000b290e00000) (1024K)]
  0x000001cb531d1580 JavaThread "Periodic tasks thread"      daemon [_thread_blocked, id=38432, stack(0x000000b290e00000,0x000000b290f00000) (1024K)]
  0x000001cb531d22a0 JavaThread "Storage Diagnostic Dumper"         [_thread_blocked, id=30384, stack(0x000000b290f00000,0x000000b291000000) (1024K)]
  0x000001cb531cfb40 JavaThread "JNA Cleaner"                daemon [_thread_blocked, id=38712, stack(0x000000b291000000,0x000000b291100000) (1024K)]
  0x000001cb5eab65b0 JavaThread "Netty Builtin Server 1"     daemon [_thread_in_native, id=31980, stack(0x000000b291200000,0x000000b291300000) (1024K)]
  0x000001cb5eabdbd0 JavaThread "ApplicationImpl pooled thread 2"        [_thread_blocked, id=38872, stack(0x000000b291300000,0x000000b291400000) (1024K)]
  0x000001cb5eabe260 JavaThread "fsnotifier.exe"                    [_thread_in_native, id=38664, stack(0x000000b291400000,0x000000b291500000) (1024K)]
  0x000001cb5eac09c0 JavaThread "BaseDataReader: output stream of fsnotifier.exe"        [_thread_in_native, id=37904, stack(0x000000b291500000,0x000000b291600000) (1024K)]
  0x000001cb5eac1050 JavaThread "BaseDataReader: error stream of fsnotifier.exe"        [_thread_in_native, id=38504, stack(0x000000b291600000,0x000000b291700000) (1024K)]
  0x000001cb5eac16e0 JavaThread "pool-4-thread-1"                   [_thread_blocked, id=36820, stack(0x000000b291700000,0x000000b291800000) (1024K)]
  0x000001cb66a2e5d0 JavaThread "DefaultDispatcher-worker-26" daemon [_thread_blocked, id=32776, stack(0x000000b291800000,0x000000b291900000) (1024K)]
  0x000001cb66a2aac0 JavaThread "DefaultDispatcher-worker-27" daemon [_thread_blocked, id=38460, stack(0x000000b291900000,0x000000b291a00000) (1024K)]
  0x000001cb66a2df40 JavaThread "DefaultDispatcher-worker-28" daemon [_thread_blocked, id=38420, stack(0x000000b291a00000,0x000000b291b00000) (1024K)]
  0x000001cb66a2be70 JavaThread "DefaultDispatcher-worker-29" daemon [_thread_blocked, id=17548, stack(0x000000b291b00000,0x000000b291c00000) (1024K)]
  0x000001cb66a30d30 JavaThread "BackgroundScheduler"        daemon [_thread_blocked, id=37464, stack(0x000000b291c00000,0x000000b291d00000) (1024K)]
  0x000001cb66a37630 JavaThread "I/O pool 7"                        [_thread_blocked, id=30120, stack(0x000000b291d00000,0x000000b291e00000) (1024K)]
  0x000001cc0f50af80 JavaThread "DefaultDispatcher-worker-30" daemon [_thread_blocked, id=36324, stack(0x000000b291e00000,0x000000b291f00000) (1024K)]
  0x000001cc0f50bca0 JavaThread "DefaultDispatcher-worker-31" daemon [_thread_blocked, id=38448, stack(0x000000b291f00000,0x000000b292000000) (1024K)]
  0x000001cc0f504d10 JavaThread "DefaultDispatcher-worker-32" daemon [_thread_blocked, id=25020, stack(0x000000b292000000,0x000000b292100000) (1024K)]
  0x000001cc0f50d050 JavaThread "TimerQueue"                 daemon [_thread_blocked, id=18648, stack(0x000000b292100000,0x000000b292200000) (1024K)]
  0x000001cc10167760 JavaThread "Jndi-Dns-address-change-listener" daemon [_thread_in_native, id=36448, stack(0x000000b292200000,0x000000b292300000) (1024K)]
  0x000001cc1a8ba000 JavaThread "JobScheduler FJ pool 0/15"  daemon [_thread_blocked, id=27376, stack(0x000000b292700000,0x000000b292800000) (1024K)]
  0x000001cc1a8c1cb0 JavaThread "ApplicationImpl pooled thread 3"        [_thread_blocked, id=25768, stack(0x000000b292900000,0x000000b292a00000) (1024K)]
  0x000001cc1c4a0640 JavaThread "I/O pool 8"                        [_thread_blocked, id=36036, stack(0x000000b292b00000,0x000000b292c00000) (1024K)]
  0x000001cc25e447c0 JavaThread "rd throttler"               daemon [_thread_blocked, id=12304, stack(0x000000b292c00000,0x000000b292d00000) (1024K)]
  0x000001cc2761a6f0 JavaThread "ApplicationImpl pooled thread 4"        [_thread_blocked, id=26548, stack(0x000000b290300000,0x000000b290400000) (1024K)]
  0x000001cc276199d0 JavaThread "AndroidAdbSessionHost"             [_thread_in_native, id=33048, stack(0x000000b292d00000,0x000000b292e00000) (1024K)]
  0x000001cc27613760 JavaThread "ApplicationImpl pooled thread 6"        [_thread_blocked, id=33608, stack(0x000000b292e00000,0x000000b292f00000) (1024K)]
  0x000001cc2761ad80 JavaThread "ApplicationImpl pooled thread 7"        [_thread_blocked, id=34256, stack(0x000000b292f00000,0x000000b293000000) (1024K)]
  0x000001cc27620960 JavaThread "ApplicationImpl pooled thread 8"        [_thread_blocked, id=33956, stack(0x000000b293000000,0x000000b293100000) (1024K)]
  0x000001cc2761b410 JavaThread "ApplicationImpl pooled thread 9"        [_thread_blocked, id=28328, stack(0x000000b293100000,0x000000b293200000) (1024K)]
  0x000001cc2761c7c0 JavaThread "Thread-37"                  daemon [_thread_in_native, id=36200, stack(0x000000b293200000,0x000000b293300000) (1024K)]
  0x000001cc2761e890 JavaThread "I/O pool 9"                        [_thread_blocked, id=37992, stack(0x000000b293300000,0x000000b293400000) (1024K)]
  0x000001cc276230c0 JavaThread "WorkspaceModelUpdater"      daemon [_thread_blocked, id=36584, stack(0x000000b293400000,0x000000b293500000) (1024K)]
  0x000001cc286be760 JavaThread "JobScheduler FJ pool 1/15"  daemon [_thread_blocked, id=23700, stack(0x000000b293500000,0x000000b293600000) (1024K)]
  0x000001cc286ba5c0 JavaThread "JobScheduler FJ pool 2/15"  daemon [_thread_blocked, id=35736, stack(0x000000b293600000,0x000000b293700000) (1024K)]
  0x000001cc286bfb10 JavaThread "Windows Shell integration"  daemon [_thread_blocked, id=35000, stack(0x000000b293700000,0x000000b293800000) (1024K)]
  0x000001cc286bb2e0 JavaThread "I/O pool 10"                       [_thread_blocked, id=36344, stack(0x000000b293a00000,0x000000b293b00000) (1024K)]
  0x000001cc286c0ec0 JavaThread "I/O pool 11"                       [_thread_blocked, id=33020, stack(0x000000b293b00000,0x000000b293c00000) (1024K)]
  0x000001cc286c2270 JavaThread "I/O pool 12"                       [_thread_blocked, id=26960, stack(0x000000b293c00000,0x000000b293d00000) (1024K)]
  0x000001cc286c5d80 JavaThread "I/O pool 13"                       [_thread_blocked, id=11976, stack(0x000000b293e00000,0x000000b293f00000) (1024K)]
  0x000001cc286cf470 JavaThread "DefaultDispatcher-worker-33" daemon [_thread_blocked, id=26272, stack(0x000000b293f00000,0x000000b294000000) (1024K)]
  0x000001cc286d49c0 JavaThread "I/O pool 14"                       [_thread_blocked, id=16916, stack(0x000000b294000000,0x000000b294100000) (1024K)]
  0x000001cc2ed73f80 JavaThread "DefaultDispatcher-worker-34" daemon [_thread_blocked, id=34768, stack(0x000000b294100000,0x000000b294200000) (1024K)]
  0x000001cc2ed759c0 JavaThread "DefaultDispatcher-worker-35" daemon [_thread_blocked, id=26700, stack(0x000000b294200000,0x000000b294300000) (1024K)]
  0x000001cc2ed77a90 JavaThread "DefaultDispatcher-worker-36" daemon [_thread_blocked, id=4372, stack(0x000000b294300000,0x000000b294400000) (1024K)]
  0x000001cc2ed78120 JavaThread "DefaultDispatcher-worker-37" daemon [_thread_blocked, id=32040, stack(0x000000b294400000,0x000000b294500000) (1024K)]
  0x000001cc2ed766e0 JavaThread "DefaultDispatcher-worker-38" daemon [_thread_blocked, id=31580, stack(0x000000b294500000,0x000000b294600000) (1024K)]
  0x000001cc2ed787b0 JavaThread "DefaultDispatcher-worker-39" daemon [_thread_blocked, id=3800, stack(0x000000b294600000,0x000000b294700000) (1024K)]
  0x000001cc2ed76d70 JavaThread "DefaultDispatcher-worker-40" daemon [_thread_blocked, id=26056, stack(0x000000b294700000,0x000000b294800000) (1024K)]
  0x000001cc2ed74610 JavaThread "DefaultDispatcher-worker-41" daemon [_thread_blocked, id=5824, stack(0x000000b294800000,0x000000b294900000) (1024K)]
  0x000001cc2ed78e40 JavaThread "DefaultDispatcher-worker-42" daemon [_thread_blocked, id=34688, stack(0x000000b294900000,0x000000b294a00000) (1024K)]
  0x000001cc2ed72bd0 JavaThread "DefaultDispatcher-worker-43" daemon [_thread_blocked, id=27396, stack(0x000000b294a00000,0x000000b294b00000) (1024K)]
  0x000001cc2ed74ca0 JavaThread "DefaultDispatcher-worker-44" daemon [_thread_blocked, id=37880, stack(0x000000b294b00000,0x000000b294c00000) (1024K)]
  0x000001cc2ed76050 JavaThread "DefaultDispatcher-worker-45" daemon [_thread_blocked, id=36544, stack(0x000000b294c00000,0x000000b294d00000) (1024K)]
  0x000001cc2ed72540 JavaThread "DefaultDispatcher-worker-46" daemon [_thread_blocked, id=13948, stack(0x000000b294d00000,0x000000b294e00000) (1024K)]
  0x000001cc2ed7bc30 JavaThread "DefaultDispatcher-worker-47" daemon [_thread_blocked, id=28480, stack(0x000000b294e00000,0x000000b294f00000) (1024K)]
  0x000001cc2ed79b60 JavaThread "DefaultDispatcher-worker-48" daemon [_thread_blocked, id=33264, stack(0x000000b294f00000,0x000000b295000000) (1024K)]
  0x000001cc2ed7a1f0 JavaThread "DefaultDispatcher-worker-49" daemon [_thread_blocked, id=34708, stack(0x000000b295000000,0x000000b295100000) (1024K)]
  0x000001cc2ed7a880 JavaThread "DefaultDispatcher-worker-50" daemon [_thread_blocked, id=33612, stack(0x000000b295100000,0x000000b295200000) (1024K)]
  0x000001cc2ed7af10 JavaThread "DefaultDispatcher-worker-51" daemon [_thread_blocked, id=9320, stack(0x000000b295200000,0x000000b295300000) (1024K)]
  0x000001cc2ed7b5a0 JavaThread "DefaultDispatcher-worker-52" daemon [_thread_blocked, id=32160, stack(0x000000b295300000,0x000000b295400000) (1024K)]
  0x000001cc2ed7c2c0 JavaThread "DefaultDispatcher-worker-53" daemon [_thread_blocked, id=35516, stack(0x000000b295400000,0x000000b295500000) (1024K)]
  0x000001cc2ed75330 JavaThread "DefaultDispatcher-worker-54" daemon [_thread_blocked, id=4472, stack(0x000000b295500000,0x000000b295600000) (1024K)]
  0x000001cc2ed7cfe0 JavaThread "DefaultDispatcher-worker-55" daemon [_thread_blocked, id=28628, stack(0x000000b295600000,0x000000b295700000) (1024K)]
  0x000001cc2ed7fdd0 JavaThread "DefaultDispatcher-worker-56" daemon [_thread_blocked, id=28384, stack(0x000000b295700000,0x000000b295800000) (1024K)]
  0x000001cc2ed838e0 JavaThread "DefaultDispatcher-worker-57" daemon [_thread_blocked, id=29736, stack(0x000000b295800000,0x000000b295900000) (1024K)]
  0x000001cc2ed80460 JavaThread "DefaultDispatcher-worker-58" daemon [_thread_blocked, id=30312, stack(0x000000b295900000,0x000000b295a00000) (1024K)]
  0x000001cc2ed80af0 JavaThread "DefaultDispatcher-worker-59" daemon [_thread_blocked, id=27516, stack(0x000000b295a00000,0x000000b295b00000) (1024K)]
  0x000001cc2ed81180 JavaThread "DefaultDispatcher-worker-60" daemon [_thread_blocked, id=37628, stack(0x000000b295b00000,0x000000b295c00000) (1024K)]
  0x000001cc2ed7c950 JavaThread "DefaultDispatcher-worker-61" daemon [_thread_blocked, id=33184, stack(0x000000b295c00000,0x000000b295d00000) (1024K)]
  0x000001cc2ed7dd00 JavaThread "DefaultDispatcher-worker-62" daemon [_thread_blocked, id=32772, stack(0x000000b295d00000,0x000000b295e00000) (1024K)]
  0x000001cc2ed82bc0 JavaThread "DefaultDispatcher-worker-63" daemon [_thread_blocked, id=38288, stack(0x000000b295e00000,0x000000b295f00000) (1024K)]
  0x000001cc2ed83f70 JavaThread "DefaultDispatcher-worker-64" daemon [_thread_blocked, id=37996, stack(0x000000b295f00000,0x000000b296000000) (1024K)]
  0x000001cc2ed81810 JavaThread "DefaultDispatcher-worker-65" daemon [_thread_blocked, id=32356, stack(0x000000b296000000,0x000000b296100000) (1024K)]
  0x000001cc2ed81ea0 JavaThread "DefaultDispatcher-worker-66" daemon [_thread_blocked, id=14316, stack(0x000000b296100000,0x000000b296200000) (1024K)]
  0x000001cc2ed82530 JavaThread "DefaultDispatcher-worker-67" daemon [_thread_blocked, id=37648, stack(0x000000b296200000,0x000000b296300000) (1024K)]
  0x000001cc2ed83250 JavaThread "DefaultDispatcher-worker-68" daemon [_thread_blocked, id=27072, stack(0x000000b296300000,0x000000b296400000) (1024K)]
  0x000001cc2ed84600 JavaThread "DefaultDispatcher-worker-69" daemon [_thread_blocked, id=27128, stack(0x000000b296400000,0x000000b296500000) (1024K)]
  0x000001cc2ed7f0b0 JavaThread "DefaultDispatcher-worker-70" daemon [_thread_blocked, id=26524, stack(0x000000b296500000,0x000000b296600000) (1024K)]
  0x000001cc2ed7d670 JavaThread "DefaultDispatcher-worker-71" daemon [_thread_blocked, id=35612, stack(0x000000b296600000,0x000000b296700000) (1024K)]
  0x000001cc2ed84c90 JavaThread "DefaultDispatcher-worker-72" daemon [_thread_blocked, id=25988, stack(0x000000b296700000,0x000000b296800000) (1024K)]
  0x000001cc2ed7ea20 JavaThread "DefaultDispatcher-worker-73" daemon [_thread_blocked, id=28512, stack(0x000000b296800000,0x000000b296900000) (1024K)]
  0x000001cc2ed85320 JavaThread "DefaultDispatcher-worker-74" daemon [_thread_blocked, id=35936, stack(0x000000b296900000,0x000000b296a00000) (1024K)]
  0x000001cc2ed7e390 JavaThread "DefaultDispatcher-worker-75" daemon [_thread_blocked, id=30712, stack(0x000000b296a00000,0x000000b296b00000) (1024K)]
  0x000001cc2ed859b0 JavaThread "DefaultDispatcher-worker-76" daemon [_thread_blocked, id=35708, stack(0x000000b296b00000,0x000000b296c00000) (1024K)]
  0x000001cc2ed86040 JavaThread "DefaultDispatcher-worker-77" daemon [_thread_blocked, id=35548, stack(0x000000b296c00000,0x000000b296d00000) (1024K)]
  0x000001cc2ed866d0 JavaThread "DefaultDispatcher-worker-78" daemon [_thread_blocked, id=36340, stack(0x000000b296d00000,0x000000b296e00000) (1024K)]
  0x000001cc2ed7f740 JavaThread "DefaultDispatcher-worker-79" daemon [_thread_blocked, id=25096, stack(0x000000b296e00000,0x000000b296f00000) (1024K)]
  0x000001cc2ed8b590 JavaThread "DefaultDispatcher-worker-80" daemon [_thread_blocked, id=38004, stack(0x000000b296f00000,0x000000b297000000) (1024K)]
  0x000001cc2ed873f0 JavaThread "DefaultDispatcher-worker-81" daemon [_thread_blocked, id=23528, stack(0x000000b297000000,0x000000b297100000) (1024K)]
  0x000001cc2ed8dcf0 JavaThread "I/O pool 15"                       [_thread_blocked, id=38480, stack(0x000000b297100000,0x000000b297200000) (1024K)]
  0x000001cc2ed90450 JavaThread "I/O pool 16"                       [_thread_blocked, id=37976, stack(0x000000b297200000,0x000000b297300000) (1024K)]
  0x000001cc2eda1e80 JavaThread "Monitor"                           [_thread_in_native, id=20412, stack(0x000000b297300000,0x000000b297400000) (1024K)]
  0x000001cc2eda66b0 JavaThread "JobScheduler FJ pool 3/15"  daemon [_thread_blocked, id=1280, stack(0x000000b297600000,0x000000b297700000) (1024K)]
  0x000001cc2edac290 JavaThread "JobScheduler FJ pool 4/15"  daemon [_thread_blocked, id=26376, stack(0x000000b297700000,0x000000b297800000) (1024K)]
  0x000001cc2eda8780 JavaThread "JobScheduler FJ pool 5/15"  daemon [_thread_blocked, id=29748, stack(0x000000b297800000,0x000000b297900000) (1024K)]
  0x000001cc2edacfb0 JavaThread "JobScheduler FJ pool 6/15"  daemon [_thread_blocked, id=22180, stack(0x000000b297900000,0x000000b297a00000) (1024K)]
  0x000001cc2edaa1c0 JavaThread "JobScheduler FJ pool 7/15"  daemon [_thread_blocked, id=26816, stack(0x000000b297a00000,0x000000b297b00000) (1024K)]
  0x000001cc2edab570 JavaThread "JobScheduler FJ pool 8/15"  daemon [_thread_blocked, id=36288, stack(0x000000b297b00000,0x000000b297c00000) (1024K)]
  0x000001cc2eda9b30 JavaThread "JobScheduler FJ pool 9/15"  daemon [_thread_blocked, id=38632, stack(0x000000b297c00000,0x000000b297d00000) (1024K)]
  0x000001cc2edaa850 JavaThread "JobScheduler FJ pool 10/15" daemon [_thread_blocked, id=35980, stack(0x000000b297d00000,0x000000b297e00000) (1024K)]
  0x000001cc2edabc00 JavaThread "JobScheduler FJ pool 11/15" daemon [_thread_blocked, id=38056, stack(0x000000b297e00000,0x000000b297f00000) (1024K)]
  0x000001cc2edad640 JavaThread "JobScheduler FJ pool 12/15" daemon [_thread_blocked, id=27212, stack(0x000000b297f00000,0x000000b298000000) (1024K)]
  0x000001cc2edadcd0 JavaThread "JobScheduler FJ pool 13/15" daemon [_thread_blocked, id=5088, stack(0x000000b298000000,0x000000b298100000) (1024K)]
  0x000001cc2eda6d40 JavaThread "JobScheduler FJ pool 14/15" daemon [_thread_blocked, id=35956, stack(0x000000b298100000,0x000000b298200000) (1024K)]
  0x000001cc3473c260 JavaThread "Device List Monitor"               [_thread_in_native, id=36612, stack(0x000000b297400000,0x000000b297500000) (1024K)]
  0x000001cc34758730 JavaThread "Thread-87"                  daemon [_thread_blocked, id=26408, stack(0x000000b297500000,0x000000b297600000) (1024K)]
  0x000001cc3474aea0 JavaThread "I/O pool 17"                       [_thread_blocked, id=28156, stack(0x000000b298200000,0x000000b298300000) (1024K)]
  0x000001cc3474e9b0 JavaThread "I/O pool 18"                       [_thread_blocked, id=26888, stack(0x000000b298300000,0x000000b298400000) (1024K)]
  0x000001cc34747a20 JavaThread "I/O pool 19"                       [_thread_blocked, id=37596, stack(0x000000b298400000,0x000000b298500000) (1024K)]
  0x000001cc3474f040 JavaThread "I/O pool 20"                       [_thread_blocked, id=12776, stack(0x000000b298500000,0x000000b298600000) (1024K)]
  0x000001cc347480b0 JavaThread "I/O pool 21"                       [_thread_blocked, id=38232, stack(0x000000b298600000,0x000000b298700000) (1024K)]
  0x000001cc3474f6d0 JavaThread "I/O pool 22"                       [_thread_blocked, id=32068, stack(0x000000b298700000,0x000000b298800000) (1024K)]
  0x000001cc347652a0 JavaThread "ProtocolInstanceWatcher"           [_thread_blocked, id=26220, stack(0x000000b298800000,0x000000b298900000) (1024K)]
  0x000001cc34768720 JavaThread "FileSystemWatchService"     daemon [_thread_in_native, id=26092, stack(0x000000b298900000,0x000000b298a00000) (1024K)]
  0x000001cc34766650 JavaThread "TodoBrowserHostScheduler"   daemon [_thread_blocked, id=17612, stack(0x000000b298a00000,0x000000b298b00000) (1024K)]
Total: 169

Other Threads:
  0x000001cb7c9c87d0 VMThread "VM Thread"                           [id=30264, stack(0x000000b28ca00000,0x000000b28cb00000) (1024K)]
  0x000001cb79a650e0 WatcherThread "VM Periodic Task Thread"        [id=32632, stack(0x000000b28c900000,0x000000b28ca00000) (1024K)]
  0x000001cb6db6c4e0 WorkerThread "GC Thread#0"                     [id=21720, stack(0x000000b28c400000,0x000000b28c500000) (1024K)]
  0x000001cb7d0c20f0 WorkerThread "GC Thread#1"                     [id=37680, stack(0x000000b28d400000,0x000000b28d500000) (1024K)]
  0x000001cb7d0c28a0 WorkerThread "GC Thread#2"                     [id=37624, stack(0x000000b28d500000,0x000000b28d600000) (1024K)]
  0x000001cb7d31d070 WorkerThread "GC Thread#3"                     [id=38748, stack(0x000000b28d600000,0x000000b28d700000) (1024K)]
  0x000001cb7d31d410 WorkerThread "GC Thread#4"                     [id=32076, stack(0x000000b28d700000,0x000000b28d800000) (1024K)]
  0x000001cb7d31d7b0 WorkerThread "GC Thread#5"                     [id=33688, stack(0x000000b28d800000,0x000000b28d900000) (1024K)]
  0x000001cb4a5b6f50 WorkerThread "GC Thread#6"                     [id=33996, stack(0x000000b28eb00000,0x000000b28ec00000) (1024K)]
  0x000001cb4aab86b0 WorkerThread "GC Thread#7"                     [id=37924, stack(0x000000b28ec00000,0x000000b28ed00000) (1024K)]
  0x000001cb4aab5b30 WorkerThread "GC Thread#8"                     [id=34616, stack(0x000000b28ed00000,0x000000b28ee00000) (1024K)]
  0x000001cb4aab6610 WorkerThread "GC Thread#9"                     [id=24968, stack(0x000000b28ee00000,0x000000b28ef00000) (1024K)]
  0x000001cb4aab5790 WorkerThread "GC Thread#10"                    [id=35104, stack(0x000000b28ef00000,0x000000b28f000000) (1024K)]
  0x000001cb4aab6d50 WorkerThread "GC Thread#11"                    [id=11268, stack(0x000000b28fb00000,0x000000b28fc00000) (1024K)]
  0x000001cb4aab7490 WorkerThread "GC Thread#12"                    [id=36076, stack(0x000000b28fc00000,0x000000b28fd00000) (1024K)]
  0x000001cb6db7e370 ConcurrentGCThread "G1 Main Marker"            [id=36764, stack(0x000000b28c500000,0x000000b28c600000) (1024K)]
  0x000001cb798b0820 WorkerThread "G1 Conc#0"                       [id=36284, stack(0x000000b28c600000,0x000000b28c700000) (1024K)]
  0x000001cb4aab5ed0 WorkerThread "G1 Conc#1"                       [id=38276, stack(0x000000b28f000000,0x000000b28f100000) (1024K)]
  0x000001cb4aab8a50 WorkerThread "G1 Conc#2"                       [id=27504, stack(0x000000b28f100000,0x000000b28f200000) (1024K)]
  0x000001cb799385b0 ConcurrentGCThread "G1 Refine#0"               [id=34604, stack(0x000000b28c700000,0x000000b28c800000) (1024K)]
  0x000001cb79939030 ConcurrentGCThread "G1 Service"                [id=36608, stack(0x000000b28c800000,0x000000b28c900000) (1024K)]
Total: 21

Threads with active compile tasks:
C1 CompilerThread0    62079 40808 %     3       kotlin.reflect.jvm.internal.impl.metadata.jvm.deserialization.UtfEncodingKt::stringsToBytes @ 97 (173 bytes)
Total: 1

VM state: not at safepoint (normal execution)

VM Mutex/Monitor currently owned by a thread:  ([mutex/lock_event])
[0x00007ffd425b53c8] MethodCompileQueue_lock - owner thread: 0x000001cb7ca66920
[0x00007ffd425b6848] CodeCache_lock - owner thread: 0x000001cb7ca66920
[0x00007ffd425b69c8] Compile_lock - owner thread: 0x000001cb7ca66920

Heap address: 0x0000000701400000, size: 4076 MB, Compressed Oops mode: Zero based, Oop shift amount: 3

CDS archive(s) not mapped
Compressed class space mapped at: 0x0000000800000000-0x0000000840000000, reserved size: 1073741824
Narrow klass base: 0x0000000800000000, Narrow klass shift: 0, Narrow klass range: 0x40000000

GC Precious Log:
 CardTable entry size: 512
 Card Set container configuration: InlinePtr #cards 4 size 8 Array Of Cards #cards 16 size 48 Howl #buckets 8 coarsen threshold 3686 Howl Bitmap #cards 512 size 80 coarsen threshold 460 Card regions per heap region 1 cards per card region 4096
 CPUs: 16 total, 16 available
 Memory: 32605M
 Large Page Support: Disabled
 NUMA Support: Disabled
 Compressed Oops: Enabled (Zero based)
 Heap Region Size: 2M
 Heap Min Capacity: 128M
 Heap Initial Capacity: 128M
 Heap Max Capacity: 4076M
 Pre-touch: Disabled
 Parallel Workers: 13
 Concurrent Workers: 3
 Concurrent Refinement Workers: 13
 Periodic GC: Disabled

Heap:
 garbage-first heap   total 1208320K, used 978078K [0x0000000701400000, 0x0000000800000000)
  region size 2048K, 289 young (591872K), 43 survivors (88064K)
 Metaspace       used 326755K, committed 330944K, reserved 1376256K
  class space    used 39379K, committed 41280K, reserved 1048576K

Heap Regions: E=young(eden), S=young(survivor), O=old, HS=humongous(starts), HC=humongous(continues), CS=collection set, F=free, TAMS=top-at-mark-start, PB=parsable bottom
|   0|0x0000000701400000, 0x0000000701600000, 0x0000000701600000|100%|HS|  |TAMS 0x0000000701400000| PB 0x0000000701400000| Complete 
|   1|0x0000000701600000, 0x0000000701800000, 0x0000000701800000|100%|HS|  |TAMS 0x0000000701600000| PB 0x0000000701600000| Complete 
|   2|0x0000000701800000, 0x0000000701a00000, 0x0000000701a00000|100%| O|  |TAMS 0x0000000701800000| PB 0x0000000701800000| Untracked 
|   3|0x0000000701a00000, 0x0000000701c00000, 0x0000000701c00000|100%| O|  |TAMS 0x0000000701a00000| PB 0x0000000701a00000| Untracked 
|   4|0x0000000701c00000, 0x0000000701e00000, 0x0000000701e00000|100%| O|  |TAMS 0x0000000701c00000| PB 0x0000000701c00000| Untracked 
|   5|0x0000000701e00000, 0x0000000702000000, 0x0000000702000000|100%| O|  |TAMS 0x0000000701e00000| PB 0x0000000701e00000| Untracked 
|   6|0x0000000702000000, 0x0000000702200000, 0x0000000702200000|100%| O|  |TAMS 0x0000000702000000| PB 0x0000000702000000| Untracked 
|   7|0x0000000702200000, 0x0000000702400000, 0x0000000702400000|100%|HS|  |TAMS 0x0000000702200000| PB 0x0000000702200000| Complete 
|   8|0x0000000702400000, 0x0000000702600000, 0x0000000702600000|100%|HC|  |TAMS 0x0000000702400000| PB 0x0000000702400000| Complete 
|   9|0x0000000702600000, 0x0000000702800000, 0x0000000702800000|100%|HS|  |TAMS 0x0000000702600000| PB 0x0000000702600000| Complete 
|  10|0x0000000702800000, 0x0000000702a00000, 0x0000000702a00000|100%|HC|  |TAMS 0x0000000702800000| PB 0x0000000702800000| Complete 
|  11|0x0000000702a00000, 0x0000000702c00000, 0x0000000702c00000|100%| O|  |TAMS 0x0000000702a00000| PB 0x0000000702a00000| Untracked 
|  12|0x0000000702c00000, 0x0000000702e00000, 0x0000000702e00000|100%| O|  |TAMS 0x0000000702c00000| PB 0x0000000702c00000| Untracked 
|  13|0x0000000702e00000, 0x0000000703000000, 0x0000000703000000|100%| O|  |TAMS 0x0000000702e00000| PB 0x0000000702e00000| Untracked 
|  14|0x0000000703000000, 0x0000000703200000, 0x0000000703200000|100%| O|  |TAMS 0x0000000703000000| PB 0x0000000703000000| Untracked 
|  15|0x0000000703200000, 0x0000000703400000, 0x0000000703400000|100%| O|  |TAMS 0x0000000703200000| PB 0x0000000703200000| Untracked 
|  16|0x0000000703400000, 0x0000000703600000, 0x0000000703600000|100%| O|  |TAMS 0x0000000703400000| PB 0x0000000703400000| Untracked 
|  17|0x0000000703600000, 0x0000000703800000, 0x0000000703800000|100%| O|  |TAMS 0x0000000703600000| PB 0x0000000703600000| Untracked 
|  18|0x0000000703800000, 0x0000000703a00000, 0x0000000703a00000|100%| O|  |TAMS 0x0000000703800000| PB 0x0000000703800000| Untracked 
|  19|0x0000000703a00000, 0x0000000703c00000, 0x0000000703c00000|100%| O|  |TAMS 0x0000000703a00000| PB 0x0000000703a00000| Untracked 
|  20|0x0000000703c00000, 0x0000000703e00000, 0x0000000703e00000|100%| O|  |TAMS 0x0000000703c00000| PB 0x0000000703c00000| Untracked 
|  21|0x0000000703e00000, 0x0000000704000000, 0x0000000704000000|100%| O|  |TAMS 0x0000000703e00000| PB 0x0000000703e00000| Untracked 
|  22|0x0000000704000000, 0x0000000704200000, 0x0000000704200000|100%| O|  |TAMS 0x0000000704000000| PB 0x0000000704000000| Untracked 
|  23|0x0000000704200000, 0x0000000704400000, 0x0000000704400000|100%| O|  |TAMS 0x0000000704200000| PB 0x0000000704200000| Untracked 
|  24|0x0000000704400000, 0x0000000704600000, 0x0000000704600000|100%| O|  |TAMS 0x0000000704400000| PB 0x0000000704400000| Untracked 
|  25|0x0000000704600000, 0x0000000704800000, 0x0000000704800000|100%| O|  |TAMS 0x0000000704600000| PB 0x0000000704600000| Untracked 
|  26|0x0000000704800000, 0x0000000704a00000, 0x0000000704a00000|100%| O|  |TAMS 0x0000000704800000| PB 0x0000000704800000| Untracked 
|  27|0x0000000704a00000, 0x0000000704c00000, 0x0000000704c00000|100%| O|  |TAMS 0x0000000704a00000| PB 0x0000000704a00000| Untracked 
|  28|0x0000000704c00000, 0x0000000704e00000, 0x0000000704e00000|100%| O|  |TAMS 0x0000000704c00000| PB 0x0000000704c00000| Untracked 
|  29|0x0000000704e00000, 0x0000000705000000, 0x0000000705000000|100%| O|  |TAMS 0x0000000704e00000| PB 0x0000000704e00000| Untracked 
|  30|0x0000000705000000, 0x0000000705200000, 0x0000000705200000|100%| O|  |TAMS 0x0000000705000000| PB 0x0000000705000000| Untracked 
|  31|0x0000000705200000, 0x0000000705400000, 0x0000000705400000|100%|HS|  |TAMS 0x0000000705200000| PB 0x0000000705200000| Complete 
|  32|0x0000000705400000, 0x0000000705600000, 0x0000000705600000|100%|HS|  |TAMS 0x0000000705400000| PB 0x0000000705400000| Complete 
|  33|0x0000000705600000, 0x0000000705800000, 0x0000000705800000|100%|HS|  |TAMS 0x0000000705600000| PB 0x0000000705600000| Complete 
|  34|0x0000000705800000, 0x0000000705a00000, 0x0000000705a00000|100%|HC|  |TAMS 0x0000000705800000| PB 0x0000000705800000| Complete 
|  35|0x0000000705a00000, 0x0000000705c00000, 0x0000000705c00000|100%|HC|  |TAMS 0x0000000705a00000| PB 0x0000000705a00000| Complete 
|  36|0x0000000705c00000, 0x0000000705e00000, 0x0000000705e00000|100%| O|  |TAMS 0x0000000705c00000| PB 0x0000000705c00000| Untracked 
|  37|0x0000000705e00000, 0x0000000706000000, 0x0000000706000000|100%| O|  |TAMS 0x0000000705e00000| PB 0x0000000705e00000| Untracked 
|  38|0x0000000706000000, 0x0000000706200000, 0x0000000706200000|100%| O|  |TAMS 0x0000000706000000| PB 0x0000000706000000| Untracked 
|  39|0x0000000706200000, 0x0000000706400000, 0x0000000706400000|100%| O|  |TAMS 0x0000000706200000| PB 0x0000000706200000| Untracked 
|  40|0x0000000706400000, 0x0000000706600000, 0x0000000706600000|100%| O|  |TAMS 0x0000000706400000| PB 0x0000000706400000| Untracked 
|  41|0x0000000706600000, 0x0000000706800000, 0x0000000706800000|100%| O|  |TAMS 0x0000000706600000| PB 0x0000000706600000| Untracked 
|  42|0x0000000706800000, 0x0000000706a00000, 0x0000000706a00000|100%| O|  |TAMS 0x0000000706800000| PB 0x0000000706800000| Untracked 
|  43|0x0000000706a00000, 0x0000000706c00000, 0x0000000706c00000|100%| O|  |TAMS 0x0000000706a00000| PB 0x0000000706a00000| Untracked 
|  44|0x0000000706c00000, 0x0000000706e00000, 0x0000000706e00000|100%| O|  |TAMS 0x0000000706c00000| PB 0x0000000706c00000| Untracked 
|  45|0x0000000706e00000, 0x0000000707000000, 0x0000000707000000|100%| O|  |TAMS 0x0000000706e00000| PB 0x0000000706e00000| Untracked 
|  46|0x0000000707000000, 0x0000000707200000, 0x0000000707200000|100%| O|  |TAMS 0x0000000707000000| PB 0x0000000707000000| Untracked 
|  47|0x0000000707200000, 0x0000000707400000, 0x0000000707400000|100%| O|  |TAMS 0x0000000707200000| PB 0x0000000707200000| Untracked 
|  48|0x0000000707400000, 0x0000000707600000, 0x0000000707600000|100%| O|  |TAMS 0x0000000707400000| PB 0x0000000707400000| Untracked 
|  49|0x0000000707600000, 0x0000000707800000, 0x0000000707800000|100%| O|  |TAMS 0x0000000707600000| PB 0x0000000707600000| Untracked 
|  50|0x0000000707800000, 0x0000000707a00000, 0x0000000707a00000|100%| O|  |TAMS 0x0000000707800000| PB 0x0000000707800000| Untracked 
|  51|0x0000000707a00000, 0x0000000707c00000, 0x0000000707c00000|100%| O|  |TAMS 0x0000000707a00000| PB 0x0000000707a00000| Untracked 
|  52|0x0000000707c00000, 0x0000000707e00000, 0x0000000707e00000|100%| O|  |TAMS 0x0000000707c00000| PB 0x0000000707c00000| Untracked 
|  53|0x0000000707e00000, 0x0000000708000000, 0x0000000708000000|100%| O|  |TAMS 0x0000000707e00000| PB 0x0000000707e00000| Untracked 
|  54|0x0000000708000000, 0x0000000708200000, 0x0000000708200000|100%| O|  |TAMS 0x0000000708000000| PB 0x0000000708000000| Untracked 
|  55|0x0000000708200000, 0x0000000708400000, 0x0000000708400000|100%| O|  |TAMS 0x0000000708200000| PB 0x0000000708200000| Untracked 
|  56|0x0000000708400000, 0x0000000708600000, 0x0000000708600000|100%| O|  |TAMS 0x0000000708400000| PB 0x0000000708400000| Untracked 
|  57|0x0000000708600000, 0x0000000708800000, 0x0000000708800000|100%| O|  |TAMS 0x0000000708600000| PB 0x0000000708600000| Untracked 
|  58|0x0000000708800000, 0x0000000708a00000, 0x0000000708a00000|100%| O|  |TAMS 0x0000000708800000| PB 0x0000000708800000| Untracked 
|  59|0x0000000708a00000, 0x0000000708c00000, 0x0000000708c00000|100%| O|  |TAMS 0x0000000708a00000| PB 0x0000000708a00000| Untracked 
|  60|0x0000000708c00000, 0x0000000708e00000, 0x0000000708e00000|100%| O|  |TAMS 0x0000000708c00000| PB 0x0000000708c00000| Untracked 
|  61|0x0000000708e00000, 0x0000000709000000, 0x0000000709000000|100%| O|  |TAMS 0x0000000708e00000| PB 0x0000000708e00000| Untracked 
|  62|0x0000000709000000, 0x0000000709200000, 0x0000000709200000|100%| O|  |TAMS 0x0000000709000000| PB 0x0000000709000000| Untracked 
|  63|0x0000000709200000, 0x0000000709400000, 0x0000000709400000|100%| O|  |TAMS 0x0000000709200000| PB 0x0000000709200000| Untracked 
|  64|0x0000000709400000, 0x0000000709600000, 0x0000000709600000|100%| O|  |TAMS 0x0000000709400000| PB 0x0000000709400000| Untracked 
|  65|0x0000000709600000, 0x0000000709800000, 0x0000000709800000|100%|HS|  |TAMS 0x0000000709600000| PB 0x0000000709600000| Complete 
|  66|0x0000000709800000, 0x0000000709a00000, 0x0000000709a00000|100%| O|  |TAMS 0x0000000709800000| PB 0x0000000709800000| Untracked 
|  67|0x0000000709a00000, 0x0000000709c00000, 0x0000000709c00000|100%| O|  |TAMS 0x0000000709a00000| PB 0x0000000709a00000| Untracked 
|  68|0x0000000709c00000, 0x0000000709e00000, 0x0000000709e00000|100%| O|  |TAMS 0x0000000709c00000| PB 0x0000000709c00000| Untracked 
|  69|0x0000000709e00000, 0x000000070a000000, 0x000000070a000000|100%| O|  |TAMS 0x0000000709e00000| PB 0x0000000709e00000| Untracked 
|  70|0x000000070a000000, 0x000000070a200000, 0x000000070a200000|100%| O|  |TAMS 0x000000070a000000| PB 0x000000070a000000| Untracked 
|  71|0x000000070a200000, 0x000000070a400000, 0x000000070a400000|100%| O|  |TAMS 0x000000070a200000| PB 0x000000070a200000| Untracked 
|  72|0x000000070a400000, 0x000000070a600000, 0x000000070a600000|100%|HS|  |TAMS 0x000000070a400000| PB 0x000000070a400000| Complete 
|  73|0x000000070a600000, 0x000000070a800000, 0x000000070a800000|100%|HC|  |TAMS 0x000000070a600000| PB 0x000000070a600000| Complete 
|  74|0x000000070a800000, 0x000000070aa00000, 0x000000070aa00000|100%|HC|  |TAMS 0x000000070a800000| PB 0x000000070a800000| Complete 
|  75|0x000000070aa00000, 0x000000070ac00000, 0x000000070ac00000|100%|HC|  |TAMS 0x000000070aa00000| PB 0x000000070aa00000| Complete 
|  76|0x000000070ac00000, 0x000000070ae00000, 0x000000070ae00000|100%|HC|  |TAMS 0x000000070ac00000| PB 0x000000070ac00000| Complete 
|  77|0x000000070ae00000, 0x000000070b000000, 0x000000070b000000|100%|HC|  |TAMS 0x000000070ae00000| PB 0x000000070ae00000| Complete 
|  78|0x000000070b000000, 0x000000070b200000, 0x000000070b200000|100%|HC|  |TAMS 0x000000070b000000| PB 0x000000070b000000| Complete 
|  79|0x000000070b200000, 0x000000070b400000, 0x000000070b400000|100%|HS|  |TAMS 0x000000070b200000| PB 0x000000070b200000| Complete 
|  80|0x000000070b400000, 0x000000070b600000, 0x000000070b600000|100%|HC|  |TAMS 0x000000070b400000| PB 0x000000070b400000| Complete 
|  81|0x000000070b600000, 0x000000070b800000, 0x000000070b800000|100%|HC|  |TAMS 0x000000070b600000| PB 0x000000070b600000| Complete 
|  82|0x000000070b800000, 0x000000070ba00000, 0x000000070ba00000|100%|HC|  |TAMS 0x000000070b800000| PB 0x000000070b800000| Complete 
|  83|0x000000070ba00000, 0x000000070bc00000, 0x000000070bc00000|100%| O|  |TAMS 0x000000070ba00000| PB 0x000000070ba00000| Untracked 
|  84|0x000000070bc00000, 0x000000070be00000, 0x000000070be00000|100%| O|  |TAMS 0x000000070bc00000| PB 0x000000070bc00000| Untracked 
|  85|0x000000070be00000, 0x000000070c000000, 0x000000070c000000|100%| O|  |TAMS 0x000000070be00000| PB 0x000000070be00000| Untracked 
|  86|0x000000070c000000, 0x000000070c200000, 0x000000070c200000|100%| O|  |TAMS 0x000000070c000000| PB 0x000000070c000000| Untracked 
|  87|0x000000070c200000, 0x000000070c400000, 0x000000070c400000|100%| O|  |TAMS 0x000000070c200000| PB 0x000000070c200000| Untracked 
|  88|0x000000070c400000, 0x000000070c600000, 0x000000070c600000|100%| O|  |TAMS 0x000000070c400000| PB 0x000000070c400000| Untracked 
|  89|0x000000070c600000, 0x000000070c800000, 0x000000070c800000|100%| O|  |TAMS 0x000000070c600000| PB 0x000000070c600000| Untracked 
|  90|0x000000070c800000, 0x000000070ca00000, 0x000000070ca00000|100%| O|  |TAMS 0x000000070c800000| PB 0x000000070c800000| Untracked 
|  91|0x000000070ca00000, 0x000000070cc00000, 0x000000070cc00000|100%| O|  |TAMS 0x000000070ca00000| PB 0x000000070ca00000| Untracked 
|  92|0x000000070cc00000, 0x000000070ce00000, 0x000000070ce00000|100%| O|  |TAMS 0x000000070cc00000| PB 0x000000070cc00000| Untracked 
|  93|0x000000070ce00000, 0x000000070d000000, 0x000000070d000000|100%| O|  |TAMS 0x000000070ce00000| PB 0x000000070ce00000| Untracked 
|  94|0x000000070d000000, 0x000000070d200000, 0x000000070d200000|100%| O|  |TAMS 0x000000070d000000| PB 0x000000070d000000| Untracked 
|  95|0x000000070d200000, 0x000000070d400000, 0x000000070d400000|100%| O|  |TAMS 0x000000070d200000| PB 0x000000070d200000| Untracked 
|  96|0x000000070d400000, 0x000000070d600000, 0x000000070d600000|100%| O|  |TAMS 0x000000070d400000| PB 0x000000070d400000| Untracked 
|  97|0x000000070d600000, 0x000000070d800000, 0x000000070d800000|100%| O|  |TAMS 0x000000070d600000| PB 0x000000070d600000| Untracked 
|  98|0x000000070d800000, 0x000000070da00000, 0x000000070da00000|100%| O|  |TAMS 0x000000070d800000| PB 0x000000070d800000| Untracked 
|  99|0x000000070da00000, 0x000000070dc00000, 0x000000070dc00000|100%|HS|  |TAMS 0x000000070da00000| PB 0x000000070da00000| Complete 
| 100|0x000000070dc00000, 0x000000070de00000, 0x000000070de00000|100%| O|  |TAMS 0x000000070dc00000| PB 0x000000070dc00000| Untracked 
| 101|0x000000070de00000, 0x000000070e000000, 0x000000070e000000|100%|HS|  |TAMS 0x000000070de00000| PB 0x000000070de00000| Complete 
| 102|0x000000070e000000, 0x000000070e200000, 0x000000070e200000|100%| O|  |TAMS 0x000000070e000000| PB 0x000000070e000000| Untracked 
| 103|0x000000070e200000, 0x000000070e400000, 0x000000070e400000|100%| O|  |TAMS 0x000000070e200000| PB 0x000000070e200000| Untracked 
| 104|0x000000070e400000, 0x000000070e600000, 0x000000070e600000|100%| O|  |TAMS 0x000000070e400000| PB 0x000000070e400000| Untracked 
| 105|0x000000070e600000, 0x000000070e800000, 0x000000070e800000|100%| O|  |TAMS 0x000000070e600000| PB 0x000000070e600000| Untracked 
| 106|0x000000070e800000, 0x000000070ea00000, 0x000000070ea00000|100%| O|  |TAMS 0x000000070e800000| PB 0x000000070e800000| Untracked 
| 107|0x000000070ea00000, 0x000000070ec00000, 0x000000070ec00000|100%| O|  |TAMS 0x000000070ea00000| PB 0x000000070ea00000| Untracked 
| 108|0x000000070ec00000, 0x000000070ee00000, 0x000000070ee00000|100%| O|  |TAMS 0x000000070ec00000| PB 0x000000070ec00000| Untracked 
| 109|0x000000070ee00000, 0x000000070f000000, 0x000000070f000000|100%| O|  |TAMS 0x000000070ee00000| PB 0x000000070ee00000| Untracked 
| 110|0x000000070f000000, 0x000000070f200000, 0x000000070f200000|100%| O|  |TAMS 0x000000070f000000| PB 0x000000070f000000| Untracked 
| 111|0x000000070f200000, 0x000000070f400000, 0x000000070f400000|100%| O|  |TAMS 0x000000070f200000| PB 0x000000070f200000| Untracked 
| 112|0x000000070f400000, 0x000000070f600000, 0x000000070f600000|100%|HS|  |TAMS 0x000000070f400000| PB 0x000000070f400000| Complete 
| 113|0x000000070f600000, 0x000000070f800000, 0x000000070f800000|100%| O|  |TAMS 0x000000070f600000| PB 0x000000070f600000| Untracked 
| 114|0x000000070f800000, 0x000000070fa00000, 0x000000070fa00000|100%| O|  |TAMS 0x000000070f800000| PB 0x000000070f800000| Untracked 
| 115|0x000000070fa00000, 0x000000070fc00000, 0x000000070fc00000|100%| O|  |TAMS 0x000000070fa00000| PB 0x000000070fa00000| Untracked 
| 116|0x000000070fc00000, 0x000000070fe00000, 0x000000070fe00000|100%| O|  |TAMS 0x000000070fc00000| PB 0x000000070fc00000| Untracked 
| 117|0x000000070fe00000, 0x0000000710000000, 0x0000000710000000|100%| O|  |TAMS 0x000000070fe00000| PB 0x000000070fe00000| Untracked 
| 118|0x0000000710000000, 0x0000000710200000, 0x0000000710200000|100%| O|  |TAMS 0x0000000710000000| PB 0x0000000710000000| Untracked 
| 119|0x0000000710200000, 0x0000000710400000, 0x0000000710400000|100%| O|  |TAMS 0x0000000710200000| PB 0x0000000710200000| Untracked 
| 120|0x0000000710400000, 0x0000000710600000, 0x0000000710600000|100%| O|  |TAMS 0x0000000710400000| PB 0x0000000710400000| Untracked 
| 121|0x0000000710600000, 0x0000000710800000, 0x0000000710800000|100%| O|  |TAMS 0x0000000710600000| PB 0x0000000710600000| Untracked 
| 122|0x0000000710800000, 0x0000000710a00000, 0x0000000710a00000|100%| O|  |TAMS 0x0000000710800000| PB 0x0000000710800000| Untracked 
| 123|0x0000000710a00000, 0x0000000710c00000, 0x0000000710c00000|100%|HS|  |TAMS 0x0000000710a00000| PB 0x0000000710a00000| Complete 
| 124|0x0000000710c00000, 0x0000000710e00000, 0x0000000710e00000|100%| O|  |TAMS 0x0000000710c00000| PB 0x0000000710c00000| Untracked 
| 125|0x0000000710e00000, 0x0000000711000000, 0x0000000711000000|100%| O|  |TAMS 0x0000000710e00000| PB 0x0000000710e00000| Untracked 
| 126|0x0000000711000000, 0x0000000711200000, 0x0000000711200000|100%| O|  |TAMS 0x0000000711000000| PB 0x0000000711000000| Untracked 
| 127|0x0000000711200000, 0x0000000711400000, 0x0000000711400000|100%| O|  |TAMS 0x0000000711200000| PB 0x0000000711200000| Untracked 
| 128|0x0000000711400000, 0x0000000711600000, 0x0000000711600000|100%|HS|  |TAMS 0x0000000711400000| PB 0x0000000711400000| Complete 
| 129|0x0000000711600000, 0x0000000711800000, 0x0000000711800000|100%| O|  |TAMS 0x0000000711600000| PB 0x0000000711600000| Untracked 
| 130|0x0000000711800000, 0x0000000711a00000, 0x0000000711a00000|100%| O|  |TAMS 0x0000000711800000| PB 0x0000000711800000| Untracked 
| 131|0x0000000711a00000, 0x0000000711c00000, 0x0000000711c00000|100%| O|  |TAMS 0x0000000711a00000| PB 0x0000000711a00000| Untracked 
| 132|0x0000000711c00000, 0x0000000711e00000, 0x0000000711e00000|100%| O|  |TAMS 0x0000000711c00000| PB 0x0000000711c00000| Untracked 
| 133|0x0000000711e00000, 0x0000000712000000, 0x0000000712000000|100%| O|  |TAMS 0x0000000711e00000| PB 0x0000000711e00000| Untracked 
| 134|0x0000000712000000, 0x00000007121e1d60, 0x0000000712200000| 94%| O|  |TAMS 0x0000000712000000| PB 0x0000000712000000| Untracked 
| 135|0x0000000712200000, 0x0000000712400000, 0x0000000712400000|100%| O|  |TAMS 0x0000000712200000| PB 0x0000000712200000| Untracked 
| 136|0x0000000712400000, 0x0000000712600000, 0x0000000712600000|100%| O|  |TAMS 0x0000000712400000| PB 0x0000000712400000| Untracked 
| 137|0x0000000712600000, 0x0000000712800000, 0x0000000712800000|100%| O|  |TAMS 0x0000000712600000| PB 0x0000000712600000| Untracked 
| 138|0x0000000712800000, 0x0000000712a00000, 0x0000000712a00000|100%| O|  |TAMS 0x0000000712800000| PB 0x0000000712800000| Untracked 
| 139|0x0000000712a00000, 0x0000000712c00000, 0x0000000712c00000|100%| O|  |TAMS 0x0000000712a00000| PB 0x0000000712a00000| Untracked 
| 140|0x0000000712c00000, 0x0000000712e00000, 0x0000000712e00000|100%| O|  |TAMS 0x0000000712c00000| PB 0x0000000712c00000| Untracked 
| 141|0x0000000712e00000, 0x0000000713000000, 0x0000000713000000|100%| O|  |TAMS 0x0000000712e00000| PB 0x0000000712e00000| Untracked 
| 142|0x0000000713000000, 0x0000000713200000, 0x0000000713200000|100%| O|  |TAMS 0x0000000713000000| PB 0x0000000713000000| Untracked 
| 143|0x0000000713200000, 0x0000000713400000, 0x0000000713400000|100%| O|  |TAMS 0x0000000713200000| PB 0x0000000713200000| Untracked 
| 144|0x0000000713400000, 0x0000000713600000, 0x0000000713600000|100%| O|  |TAMS 0x0000000713400000| PB 0x0000000713400000| Untracked 
| 145|0x0000000713600000, 0x0000000713800000, 0x0000000713800000|100%| O|  |TAMS 0x0000000713600000| PB 0x0000000713600000| Untracked 
| 146|0x0000000713800000, 0x0000000713a00000, 0x0000000713a00000|100%| O|  |TAMS 0x0000000713800000| PB 0x0000000713800000| Untracked 
| 147|0x0000000713a00000, 0x0000000713c00000, 0x0000000713c00000|100%| O|  |TAMS 0x0000000713a00000| PB 0x0000000713a00000| Untracked 
| 148|0x0000000713c00000, 0x0000000713e00000, 0x0000000713e00000|100%| O|  |TAMS 0x0000000713c00000| PB 0x0000000713c00000| Untracked 
| 149|0x0000000713e00000, 0x0000000714000000, 0x0000000714000000|100%| O|  |TAMS 0x0000000713e00000| PB 0x0000000713e00000| Untracked 
| 150|0x0000000714000000, 0x0000000714200000, 0x0000000714200000|100%| O|  |TAMS 0x0000000714000000| PB 0x0000000714000000| Untracked 
| 151|0x0000000714200000, 0x0000000714400000, 0x0000000714400000|100%| O|  |TAMS 0x0000000714200000| PB 0x0000000714200000| Untracked 
| 152|0x0000000714400000, 0x0000000714600000, 0x0000000714600000|100%| O|  |TAMS 0x0000000714400000| PB 0x0000000714400000| Untracked 
| 153|0x0000000714600000, 0x0000000714800000, 0x0000000714800000|100%| O|  |TAMS 0x0000000714600000| PB 0x0000000714600000| Untracked 
| 154|0x0000000714800000, 0x0000000714a00000, 0x0000000714a00000|100%| O|  |TAMS 0x0000000714800000| PB 0x0000000714800000| Untracked 
| 155|0x0000000714a00000, 0x0000000714c00000, 0x0000000714c00000|100%| O|  |TAMS 0x0000000714a00000| PB 0x0000000714a00000| Untracked 
| 156|0x0000000714c00000, 0x0000000714e00000, 0x0000000714e00000|100%| O|  |TAMS 0x0000000714c00000| PB 0x0000000714c00000| Untracked 
| 157|0x0000000714e00000, 0x0000000715000000, 0x0000000715000000|100%| O|  |TAMS 0x0000000714e00000| PB 0x0000000714e00000| Untracked 
| 158|0x0000000715000000, 0x0000000715200000, 0x0000000715200000|100%| O|  |TAMS 0x0000000715000000| PB 0x0000000715000000| Untracked 
| 159|0x0000000715200000, 0x0000000715345d08, 0x0000000715400000| 63%| O|  |TAMS 0x0000000715200000| PB 0x0000000715200000| Untracked 
| 160|0x0000000715400000, 0x0000000715600000, 0x0000000715600000|100%| O|  |TAMS 0x0000000715400000| PB 0x0000000715400000| Untracked 
| 161|0x0000000715600000, 0x0000000715800000, 0x0000000715800000|100%| O|  |TAMS 0x0000000715600000| PB 0x0000000715600000| Untracked 
| 162|0x0000000715800000, 0x0000000715a00000, 0x0000000715a00000|100%|HS|  |TAMS 0x0000000715800000| PB 0x0000000715800000| Complete 
| 163|0x0000000715a00000, 0x0000000715a00000, 0x0000000715c00000|  0%| F|  |TAMS 0x0000000715a00000| PB 0x0000000715a00000| Untracked 
| 164|0x0000000715c00000, 0x0000000715c00000, 0x0000000715e00000|  0%| F|  |TAMS 0x0000000715c00000| PB 0x0000000715c00000| Untracked 
| 165|0x0000000715e00000, 0x0000000715e00000, 0x0000000716000000|  0%| F|  |TAMS 0x0000000715e00000| PB 0x0000000715e00000| Untracked 
| 166|0x0000000716000000, 0x0000000716000000, 0x0000000716200000|  0%| F|  |TAMS 0x0000000716000000| PB 0x0000000716000000| Untracked 
| 167|0x0000000716200000, 0x0000000716200000, 0x0000000716400000|  0%| F|  |TAMS 0x0000000716200000| PB 0x0000000716200000| Untracked 
| 168|0x0000000716400000, 0x0000000716400000, 0x0000000716600000|  0%| F|  |TAMS 0x0000000716400000| PB 0x0000000716400000| Untracked 
| 169|0x0000000716600000, 0x0000000716600000, 0x0000000716800000|  0%| F|  |TAMS 0x0000000716600000| PB 0x0000000716600000| Untracked 
| 170|0x0000000716800000, 0x0000000716800000, 0x0000000716a00000|  0%| F|  |TAMS 0x0000000716800000| PB 0x0000000716800000| Untracked 
| 171|0x0000000716a00000, 0x0000000716a00000, 0x0000000716c00000|  0%| F|  |TAMS 0x0000000716a00000| PB 0x0000000716a00000| Untracked 
| 172|0x0000000716c00000, 0x0000000716c00000, 0x0000000716e00000|  0%| F|  |TAMS 0x0000000716c00000| PB 0x0000000716c00000| Untracked 
| 173|0x0000000716e00000, 0x0000000716e00000, 0x0000000717000000|  0%| F|  |TAMS 0x0000000716e00000| PB 0x0000000716e00000| Untracked 
| 174|0x0000000717000000, 0x0000000717000000, 0x0000000717200000|  0%| F|  |TAMS 0x0000000717000000| PB 0x0000000717000000| Untracked 
| 175|0x0000000717200000, 0x0000000717400000, 0x0000000717400000|100%| S|CS|TAMS 0x0000000717200000| PB 0x0000000717200000| Complete 
| 176|0x0000000717400000, 0x0000000717600000, 0x0000000717600000|100%| S|CS|TAMS 0x0000000717400000| PB 0x0000000717400000| Complete 
| 177|0x0000000717600000, 0x0000000717800000, 0x0000000717800000|100%| S|CS|TAMS 0x0000000717600000| PB 0x0000000717600000| Complete 
| 178|0x0000000717800000, 0x0000000717a00000, 0x0000000717a00000|100%| S|CS|TAMS 0x0000000717800000| PB 0x0000000717800000| Complete 
| 179|0x0000000717a00000, 0x0000000717c00000, 0x0000000717c00000|100%|HS|  |TAMS 0x0000000717a00000| PB 0x0000000717a00000| Complete 
| 180|0x0000000717c00000, 0x0000000717e00000, 0x0000000717e00000|100%|HC|  |TAMS 0x0000000717c00000| PB 0x0000000717c00000| Complete 
| 181|0x0000000717e00000, 0x0000000718000000, 0x0000000718000000|100%|HC|  |TAMS 0x0000000717e00000| PB 0x0000000717e00000| Complete 
| 182|0x0000000718000000, 0x0000000718200000, 0x0000000718200000|100%|HC|  |TAMS 0x0000000718000000| PB 0x0000000718000000| Complete 
| 183|0x0000000718200000, 0x0000000718400000, 0x0000000718400000|100%|HC|  |TAMS 0x0000000718200000| PB 0x0000000718200000| Complete 
| 184|0x0000000718400000, 0x0000000718600000, 0x0000000718600000|100%|HC|  |TAMS 0x0000000718400000| PB 0x0000000718400000| Complete 
| 185|0x0000000718600000, 0x0000000718800000, 0x0000000718800000|100%|HC|  |TAMS 0x0000000718600000| PB 0x0000000718600000| Complete 
| 186|0x0000000718800000, 0x0000000718a00000, 0x0000000718a00000|100%|HC|  |TAMS 0x0000000718800000| PB 0x0000000718800000| Complete 
| 187|0x0000000718a00000, 0x0000000718c00000, 0x0000000718c00000|100%|HC|  |TAMS 0x0000000718a00000| PB 0x0000000718a00000| Complete 
| 188|0x0000000718c00000, 0x0000000718e00000, 0x0000000718e00000|100%| S|CS|TAMS 0x0000000718c00000| PB 0x0000000718c00000| Complete 
| 189|0x0000000718e00000, 0x0000000719000000, 0x0000000719000000|100%| S|CS|TAMS 0x0000000718e00000| PB 0x0000000718e00000| Complete 
| 190|0x0000000719000000, 0x0000000719200000, 0x0000000719200000|100%| S|CS|TAMS 0x0000000719000000| PB 0x0000000719000000| Complete 
| 191|0x0000000719200000, 0x0000000719400000, 0x0000000719400000|100%| S|CS|TAMS 0x0000000719200000| PB 0x0000000719200000| Complete 
| 192|0x0000000719400000, 0x0000000719600000, 0x0000000719600000|100%| S|CS|TAMS 0x0000000719400000| PB 0x0000000719400000| Complete 
| 193|0x0000000719600000, 0x0000000719800000, 0x0000000719800000|100%| S|CS|TAMS 0x0000000719600000| PB 0x0000000719600000| Complete 
| 194|0x0000000719800000, 0x0000000719a00000, 0x0000000719a00000|100%| S|CS|TAMS 0x0000000719800000| PB 0x0000000719800000| Complete 
| 195|0x0000000719a00000, 0x0000000719c00000, 0x0000000719c00000|100%| S|CS|TAMS 0x0000000719a00000| PB 0x0000000719a00000| Complete 
| 196|0x0000000719c00000, 0x0000000719e00000, 0x0000000719e00000|100%| S|CS|TAMS 0x0000000719c00000| PB 0x0000000719c00000| Complete 
| 197|0x0000000719e00000, 0x000000071a000000, 0x000000071a000000|100%| S|CS|TAMS 0x0000000719e00000| PB 0x0000000719e00000| Complete 
| 198|0x000000071a000000, 0x000000071a200000, 0x000000071a200000|100%| S|CS|TAMS 0x000000071a000000| PB 0x000000071a000000| Complete 
| 199|0x000000071a200000, 0x000000071a400000, 0x000000071a400000|100%| S|CS|TAMS 0x000000071a200000| PB 0x000000071a200000| Complete 
| 200|0x000000071a400000, 0x000000071a600000, 0x000000071a600000|100%| S|CS|TAMS 0x000000071a400000| PB 0x000000071a400000| Complete 
| 201|0x000000071a600000, 0x000000071a800000, 0x000000071a800000|100%| S|CS|TAMS 0x000000071a600000| PB 0x000000071a600000| Complete 
| 202|0x000000071a800000, 0x000000071aa00000, 0x000000071aa00000|100%| S|CS|TAMS 0x000000071a800000| PB 0x000000071a800000| Complete 
| 203|0x000000071aa00000, 0x000000071ac00000, 0x000000071ac00000|100%| S|CS|TAMS 0x000000071aa00000| PB 0x000000071aa00000| Complete 
| 204|0x000000071ac00000, 0x000000071ae00000, 0x000000071ae00000|100%| S|CS|TAMS 0x000000071ac00000| PB 0x000000071ac00000| Complete 
| 205|0x000000071ae00000, 0x000000071b000000, 0x000000071b000000|100%| S|CS|TAMS 0x000000071ae00000| PB 0x000000071ae00000| Complete 
| 206|0x000000071b000000, 0x000000071b200000, 0x000000071b200000|100%| S|CS|TAMS 0x000000071b000000| PB 0x000000071b000000| Complete 
| 207|0x000000071b200000, 0x000000071b400000, 0x000000071b400000|100%| S|CS|TAMS 0x000000071b200000| PB 0x000000071b200000| Complete 
| 208|0x000000071b400000, 0x000000071b600000, 0x000000071b600000|100%| S|CS|TAMS 0x000000071b400000| PB 0x000000071b400000| Complete 
| 209|0x000000071b600000, 0x000000071b800000, 0x000000071b800000|100%| S|CS|TAMS 0x000000071b600000| PB 0x000000071b600000| Complete 
| 210|0x000000071b800000, 0x000000071ba00000, 0x000000071ba00000|100%| S|CS|TAMS 0x000000071b800000| PB 0x000000071b800000| Complete 
| 211|0x000000071ba00000, 0x000000071bc00000, 0x000000071bc00000|100%| S|CS|TAMS 0x000000071ba00000| PB 0x000000071ba00000| Complete 
| 212|0x000000071bc00000, 0x000000071be00000, 0x000000071be00000|100%| S|CS|TAMS 0x000000071bc00000| PB 0x000000071bc00000| Complete 
| 213|0x000000071be00000, 0x000000071c000000, 0x000000071c000000|100%| S|CS|TAMS 0x000000071be00000| PB 0x000000071be00000| Complete 
| 214|0x000000071c000000, 0x000000071c200000, 0x000000071c200000|100%| S|CS|TAMS 0x000000071c000000| PB 0x000000071c000000| Complete 
| 215|0x000000071c200000, 0x000000071c400000, 0x000000071c400000|100%| S|CS|TAMS 0x000000071c200000| PB 0x000000071c200000| Complete 
| 216|0x000000071c400000, 0x000000071c600000, 0x000000071c600000|100%| S|CS|TAMS 0x000000071c400000| PB 0x000000071c400000| Complete 
| 217|0x000000071c600000, 0x000000071c800000, 0x000000071c800000|100%| S|CS|TAMS 0x000000071c600000| PB 0x000000071c600000| Complete 
| 218|0x000000071c800000, 0x000000071c800000, 0x000000071ca00000|  0%| F|  |TAMS 0x000000071c800000| PB 0x000000071c800000| Untracked 
| 219|0x000000071ca00000, 0x000000071ca00000, 0x000000071cc00000|  0%| F|  |TAMS 0x000000071ca00000| PB 0x000000071ca00000| Untracked 
| 220|0x000000071cc00000, 0x000000071cc00000, 0x000000071ce00000|  0%| F|  |TAMS 0x000000071cc00000| PB 0x000000071cc00000| Untracked 
| 221|0x000000071ce00000, 0x000000071ce00000, 0x000000071d000000|  0%| F|  |TAMS 0x000000071ce00000| PB 0x000000071ce00000| Untracked 
| 222|0x000000071d000000, 0x000000071d000000, 0x000000071d200000|  0%| F|  |TAMS 0x000000071d000000| PB 0x000000071d000000| Untracked 
| 223|0x000000071d200000, 0x000000071d200000, 0x000000071d400000|  0%| F|  |TAMS 0x000000071d200000| PB 0x000000071d200000| Untracked 
| 224|0x000000071d400000, 0x000000071d400000, 0x000000071d600000|  0%| F|  |TAMS 0x000000071d400000| PB 0x000000071d400000| Untracked 
| 225|0x000000071d600000, 0x000000071d600000, 0x000000071d800000|  0%| F|  |TAMS 0x000000071d600000| PB 0x000000071d600000| Untracked 
| 226|0x000000071d800000, 0x000000071d800000, 0x000000071da00000|  0%| F|  |TAMS 0x000000071d800000| PB 0x000000071d800000| Untracked 
| 227|0x000000071da00000, 0x000000071da00000, 0x000000071dc00000|  0%| F|  |TAMS 0x000000071da00000| PB 0x000000071da00000| Untracked 
| 228|0x000000071dc00000, 0x000000071dc00000, 0x000000071de00000|  0%| F|  |TAMS 0x000000071dc00000| PB 0x000000071dc00000| Untracked 
| 229|0x000000071de00000, 0x000000071de00000, 0x000000071e000000|  0%| F|  |TAMS 0x000000071de00000| PB 0x000000071de00000| Untracked 
| 230|0x000000071e000000, 0x000000071e000000, 0x000000071e200000|  0%| F|  |TAMS 0x000000071e000000| PB 0x000000071e000000| Untracked 
| 231|0x000000071e200000, 0x000000071e200000, 0x000000071e400000|  0%| F|  |TAMS 0x000000071e200000| PB 0x000000071e200000| Untracked 
| 232|0x000000071e400000, 0x000000071e400000, 0x000000071e600000|  0%| F|  |TAMS 0x000000071e400000| PB 0x000000071e400000| Untracked 
| 233|0x000000071e600000, 0x000000071e600000, 0x000000071e800000|  0%| F|  |TAMS 0x000000071e600000| PB 0x000000071e600000| Untracked 
| 234|0x000000071e800000, 0x000000071e800000, 0x000000071ea00000|  0%| F|  |TAMS 0x000000071e800000| PB 0x000000071e800000| Untracked 
| 235|0x000000071ea00000, 0x000000071ea00000, 0x000000071ec00000|  0%| F|  |TAMS 0x000000071ea00000| PB 0x000000071ea00000| Untracked 
| 236|0x000000071ec00000, 0x000000071ec00000, 0x000000071ee00000|  0%| F|  |TAMS 0x000000071ec00000| PB 0x000000071ec00000| Untracked 
| 237|0x000000071ee00000, 0x000000071ee00000, 0x000000071f000000|  0%| F|  |TAMS 0x000000071ee00000| PB 0x000000071ee00000| Untracked 
| 238|0x000000071f000000, 0x000000071f000000, 0x000000071f200000|  0%| F|  |TAMS 0x000000071f000000| PB 0x000000071f000000| Untracked 
| 239|0x000000071f200000, 0x000000071f200000, 0x000000071f400000|  0%| F|  |TAMS 0x000000071f200000| PB 0x000000071f200000| Untracked 
| 240|0x000000071f400000, 0x000000071f400000, 0x000000071f600000|  0%| F|  |TAMS 0x000000071f400000| PB 0x000000071f400000| Untracked 
| 241|0x000000071f600000, 0x000000071f800000, 0x000000071f800000|100%| S|CS|TAMS 0x000000071f600000| PB 0x000000071f600000| Complete 
| 242|0x000000071f800000, 0x000000071fa00000, 0x000000071fa00000|100%| S|CS|TAMS 0x000000071f800000| PB 0x000000071f800000| Complete 
| 243|0x000000071fa00000, 0x000000071fc00000, 0x000000071fc00000|100%| S|CS|TAMS 0x000000071fa00000| PB 0x000000071fa00000| Complete 
| 244|0x000000071fc00000, 0x000000071fe00000, 0x000000071fe00000|100%| S|CS|TAMS 0x000000071fc00000| PB 0x000000071fc00000| Complete 
| 245|0x000000071fe00000, 0x0000000720000000, 0x0000000720000000|100%| S|CS|TAMS 0x000000071fe00000| PB 0x000000071fe00000| Complete 
| 246|0x0000000720000000, 0x0000000720200000, 0x0000000720200000|100%| S|CS|TAMS 0x0000000720000000| PB 0x0000000720000000| Complete 
| 247|0x0000000720200000, 0x0000000720400000, 0x0000000720400000|100%| S|CS|TAMS 0x0000000720200000| PB 0x0000000720200000| Complete 
| 248|0x0000000720400000, 0x0000000720600000, 0x0000000720600000|100%| S|CS|TAMS 0x0000000720400000| PB 0x0000000720400000| Complete 
| 249|0x0000000720600000, 0x0000000720800000, 0x0000000720800000|100%| S|CS|TAMS 0x0000000720600000| PB 0x0000000720600000| Complete 
| 250|0x0000000720800000, 0x0000000720800000, 0x0000000720a00000|  0%| F|  |TAMS 0x0000000720800000| PB 0x0000000720800000| Untracked 
| 251|0x0000000720a00000, 0x0000000720a00000, 0x0000000720c00000|  0%| F|  |TAMS 0x0000000720a00000| PB 0x0000000720a00000| Untracked 
| 252|0x0000000720c00000, 0x0000000720c00000, 0x0000000720e00000|  0%| F|  |TAMS 0x0000000720c00000| PB 0x0000000720c00000| Untracked 
| 253|0x0000000720e00000, 0x0000000720e00000, 0x0000000721000000|  0%| F|  |TAMS 0x0000000720e00000| PB 0x0000000720e00000| Untracked 
| 254|0x0000000721000000, 0x0000000721000000, 0x0000000721200000|  0%| F|  |TAMS 0x0000000721000000| PB 0x0000000721000000| Untracked 
| 255|0x0000000721200000, 0x0000000721200000, 0x0000000721400000|  0%| F|  |TAMS 0x0000000721200000| PB 0x0000000721200000| Untracked 
| 256|0x0000000721400000, 0x0000000721400000, 0x0000000721600000|  0%| F|  |TAMS 0x0000000721400000| PB 0x0000000721400000| Untracked 
| 257|0x0000000721600000, 0x0000000721600000, 0x0000000721800000|  0%| F|  |TAMS 0x0000000721600000| PB 0x0000000721600000| Untracked 
| 258|0x0000000721800000, 0x0000000721800000, 0x0000000721a00000|  0%| F|  |TAMS 0x0000000721800000| PB 0x0000000721800000| Untracked 
| 259|0x0000000721a00000, 0x0000000721a00000, 0x0000000721c00000|  0%| F|  |TAMS 0x0000000721a00000| PB 0x0000000721a00000| Untracked 
| 260|0x0000000721c00000, 0x0000000721c00000, 0x0000000721e00000|  0%| F|  |TAMS 0x0000000721c00000| PB 0x0000000721c00000| Untracked 
| 261|0x0000000721e00000, 0x0000000722000000, 0x0000000722000000|100%|HS|  |TAMS 0x0000000721e00000| PB 0x0000000721e00000| Complete 
| 262|0x0000000722000000, 0x0000000722200000, 0x0000000722200000|100%|HC|  |TAMS 0x0000000722000000| PB 0x0000000722000000| Complete 
| 263|0x0000000722200000, 0x0000000722400000, 0x0000000722400000|100%|HC|  |TAMS 0x0000000722200000| PB 0x0000000722200000| Complete 
| 264|0x0000000722400000, 0x0000000722600000, 0x0000000722600000|100%|HC|  |TAMS 0x0000000722400000| PB 0x0000000722400000| Complete 
| 265|0x0000000722600000, 0x0000000722800000, 0x0000000722800000|100%|HC|  |TAMS 0x0000000722600000| PB 0x0000000722600000| Complete 
| 266|0x0000000722800000, 0x0000000722a00000, 0x0000000722a00000|100%|HC|  |TAMS 0x0000000722800000| PB 0x0000000722800000| Complete 
| 267|0x0000000722a00000, 0x0000000722c00000, 0x0000000722c00000|100%|HC|  |TAMS 0x0000000722a00000| PB 0x0000000722a00000| Complete 
| 268|0x0000000722c00000, 0x0000000722e00000, 0x0000000722e00000|100%|HC|  |TAMS 0x0000000722c00000| PB 0x0000000722c00000| Complete 
| 269|0x0000000722e00000, 0x0000000723000000, 0x0000000723000000|100%|HC|  |TAMS 0x0000000722e00000| PB 0x0000000722e00000| Complete 
| 270|0x0000000723000000, 0x0000000723000000, 0x0000000723200000|  0%| F|  |TAMS 0x0000000723000000| PB 0x0000000723000000| Untracked 
| 271|0x0000000723200000, 0x0000000723200000, 0x0000000723400000|  0%| F|  |TAMS 0x0000000723200000| PB 0x0000000723200000| Untracked 
| 272|0x0000000723400000, 0x0000000723400000, 0x0000000723600000|  0%| F|  |TAMS 0x0000000723400000| PB 0x0000000723400000| Untracked 
| 273|0x0000000723600000, 0x0000000723600000, 0x0000000723800000|  0%| F|  |TAMS 0x0000000723600000| PB 0x0000000723600000| Untracked 
| 274|0x0000000723800000, 0x0000000723800000, 0x0000000723a00000|  0%| F|  |TAMS 0x0000000723800000| PB 0x0000000723800000| Untracked 
| 275|0x0000000723a00000, 0x0000000723a00000, 0x0000000723c00000|  0%| F|  |TAMS 0x0000000723a00000| PB 0x0000000723a00000| Untracked 
| 276|0x0000000723c00000, 0x0000000723c00000, 0x0000000723e00000|  0%| F|  |TAMS 0x0000000723c00000| PB 0x0000000723c00000| Untracked 
| 277|0x0000000723e00000, 0x0000000723e00000, 0x0000000724000000|  0%| F|  |TAMS 0x0000000723e00000| PB 0x0000000723e00000| Untracked 
| 278|0x0000000724000000, 0x0000000724000000, 0x0000000724200000|  0%| F|  |TAMS 0x0000000724000000| PB 0x0000000724000000| Untracked 
| 279|0x0000000724200000, 0x0000000724200000, 0x0000000724400000|  0%| F|  |TAMS 0x0000000724200000| PB 0x0000000724200000| Untracked 
| 280|0x0000000724400000, 0x0000000724400000, 0x0000000724600000|  0%| F|  |TAMS 0x0000000724400000| PB 0x0000000724400000| Untracked 
| 281|0x0000000724600000, 0x0000000724600000, 0x0000000724800000|  0%| F|  |TAMS 0x0000000724600000| PB 0x0000000724600000| Untracked 
| 282|0x0000000724800000, 0x0000000724800000, 0x0000000724a00000|  0%| F|  |TAMS 0x0000000724800000| PB 0x0000000724800000| Untracked 
| 283|0x0000000724a00000, 0x0000000724a00000, 0x0000000724c00000|  0%| F|  |TAMS 0x0000000724a00000| PB 0x0000000724a00000| Untracked 
| 284|0x0000000724c00000, 0x0000000724c00000, 0x0000000724e00000|  0%| F|  |TAMS 0x0000000724c00000| PB 0x0000000724c00000| Untracked 
| 285|0x0000000724e00000, 0x0000000724e00000, 0x0000000725000000|  0%| F|  |TAMS 0x0000000724e00000| PB 0x0000000724e00000| Untracked 
| 286|0x0000000725000000, 0x0000000725000000, 0x0000000725200000|  0%| F|  |TAMS 0x0000000725000000| PB 0x0000000725000000| Untracked 
| 287|0x0000000725200000, 0x0000000725200000, 0x0000000725400000|  0%| F|  |TAMS 0x0000000725200000| PB 0x0000000725200000| Untracked 
| 288|0x0000000725400000, 0x0000000725400000, 0x0000000725600000|  0%| F|  |TAMS 0x0000000725400000| PB 0x0000000725400000| Untracked 
| 289|0x0000000725600000, 0x0000000725600000, 0x0000000725800000|  0%| F|  |TAMS 0x0000000725600000| PB 0x0000000725600000| Untracked 
| 290|0x0000000725800000, 0x0000000725800000, 0x0000000725a00000|  0%| F|  |TAMS 0x0000000725800000| PB 0x0000000725800000| Untracked 
| 291|0x0000000725a00000, 0x0000000725a00000, 0x0000000725c00000|  0%| F|  |TAMS 0x0000000725a00000| PB 0x0000000725a00000| Untracked 
| 292|0x0000000725c00000, 0x0000000725c00000, 0x0000000725e00000|  0%| F|  |TAMS 0x0000000725c00000| PB 0x0000000725c00000| Untracked 
| 293|0x0000000725e00000, 0x0000000725e00000, 0x0000000726000000|  0%| F|  |TAMS 0x0000000725e00000| PB 0x0000000725e00000| Untracked 
| 294|0x0000000726000000, 0x0000000726000000, 0x0000000726200000|  0%| F|  |TAMS 0x0000000726000000| PB 0x0000000726000000| Untracked 
| 295|0x0000000726200000, 0x0000000726200000, 0x0000000726400000|  0%| F|  |TAMS 0x0000000726200000| PB 0x0000000726200000| Untracked 
| 296|0x0000000726400000, 0x0000000726400000, 0x0000000726600000|  0%| F|  |TAMS 0x0000000726400000| PB 0x0000000726400000| Untracked 
| 297|0x0000000726600000, 0x0000000726600000, 0x0000000726800000|  0%| F|  |TAMS 0x0000000726600000| PB 0x0000000726600000| Untracked 
| 298|0x0000000726800000, 0x0000000726800000, 0x0000000726a00000|  0%| F|  |TAMS 0x0000000726800000| PB 0x0000000726800000| Untracked 
| 299|0x0000000726a00000, 0x0000000726a00000, 0x0000000726c00000|  0%| F|  |TAMS 0x0000000726a00000| PB 0x0000000726a00000| Untracked 
| 300|0x0000000726c00000, 0x0000000726c00000, 0x0000000726e00000|  0%| F|  |TAMS 0x0000000726c00000| PB 0x0000000726c00000| Untracked 
| 301|0x0000000726e00000, 0x0000000726e00000, 0x0000000727000000|  0%| F|  |TAMS 0x0000000726e00000| PB 0x0000000726e00000| Untracked 
| 302|0x0000000727000000, 0x0000000727000000, 0x0000000727200000|  0%| F|  |TAMS 0x0000000727000000| PB 0x0000000727000000| Untracked 
| 303|0x0000000727200000, 0x0000000727200000, 0x0000000727400000|  0%| F|  |TAMS 0x0000000727200000| PB 0x0000000727200000| Untracked 
| 304|0x0000000727400000, 0x0000000727400000, 0x0000000727600000|  0%| F|  |TAMS 0x0000000727400000| PB 0x0000000727400000| Untracked 
| 305|0x0000000727600000, 0x0000000727600000, 0x0000000727800000|  0%| F|  |TAMS 0x0000000727600000| PB 0x0000000727600000| Untracked 
| 306|0x0000000727800000, 0x0000000727800000, 0x0000000727a00000|  0%| F|  |TAMS 0x0000000727800000| PB 0x0000000727800000| Untracked 
| 307|0x0000000727a00000, 0x0000000727a00000, 0x0000000727c00000|  0%| F|  |TAMS 0x0000000727a00000| PB 0x0000000727a00000| Untracked 
| 308|0x0000000727c00000, 0x0000000727c00000, 0x0000000727e00000|  0%| F|  |TAMS 0x0000000727c00000| PB 0x0000000727c00000| Untracked 
| 309|0x0000000727e00000, 0x0000000727e00000, 0x0000000728000000|  0%| F|  |TAMS 0x0000000727e00000| PB 0x0000000727e00000| Untracked 
| 310|0x0000000728000000, 0x0000000728000000, 0x0000000728200000|  0%| F|  |TAMS 0x0000000728000000| PB 0x0000000728000000| Untracked 
| 311|0x0000000728200000, 0x0000000728200000, 0x0000000728400000|  0%| F|  |TAMS 0x0000000728200000| PB 0x0000000728200000| Untracked 
| 312|0x0000000728400000, 0x0000000728400000, 0x0000000728600000|  0%| F|  |TAMS 0x0000000728400000| PB 0x0000000728400000| Untracked 
| 313|0x0000000728600000, 0x0000000728600000, 0x0000000728800000|  0%| F|  |TAMS 0x0000000728600000| PB 0x0000000728600000| Untracked 
| 314|0x0000000728800000, 0x0000000728800000, 0x0000000728a00000|  0%| F|  |TAMS 0x0000000728800000| PB 0x0000000728800000| Untracked 
| 315|0x0000000728a00000, 0x0000000728a00000, 0x0000000728c00000|  0%| F|  |TAMS 0x0000000728a00000| PB 0x0000000728a00000| Untracked 
| 316|0x0000000728c00000, 0x0000000728c00000, 0x0000000728e00000|  0%| F|  |TAMS 0x0000000728c00000| PB 0x0000000728c00000| Untracked 
| 317|0x0000000728e00000, 0x0000000728e00000, 0x0000000729000000|  0%| F|  |TAMS 0x0000000728e00000| PB 0x0000000728e00000| Untracked 
| 318|0x0000000729000000, 0x0000000729000000, 0x0000000729200000|  0%| F|  |TAMS 0x0000000729000000| PB 0x0000000729000000| Untracked 
| 319|0x0000000729200000, 0x0000000729200000, 0x0000000729400000|  0%| F|  |TAMS 0x0000000729200000| PB 0x0000000729200000| Untracked 
| 320|0x0000000729400000, 0x0000000729400000, 0x0000000729600000|  0%| F|  |TAMS 0x0000000729400000| PB 0x0000000729400000| Untracked 
| 321|0x0000000729600000, 0x0000000729600000, 0x0000000729800000|  0%| F|  |TAMS 0x0000000729600000| PB 0x0000000729600000| Untracked 
| 322|0x0000000729800000, 0x0000000729800000, 0x0000000729a00000|  0%| F|  |TAMS 0x0000000729800000| PB 0x0000000729800000| Untracked 
| 323|0x0000000729a00000, 0x0000000729a00000, 0x0000000729c00000|  0%| F|  |TAMS 0x0000000729a00000| PB 0x0000000729a00000| Untracked 
| 324|0x0000000729c00000, 0x0000000729c00000, 0x0000000729e00000|  0%| F|  |TAMS 0x0000000729c00000| PB 0x0000000729c00000| Untracked 
| 325|0x0000000729e00000, 0x0000000729e00000, 0x000000072a000000|  0%| F|  |TAMS 0x0000000729e00000| PB 0x0000000729e00000| Untracked 
| 326|0x000000072a000000, 0x000000072a000000, 0x000000072a200000|  0%| F|  |TAMS 0x000000072a000000| PB 0x000000072a000000| Untracked 
| 327|0x000000072a200000, 0x000000072a200000, 0x000000072a400000|  0%| F|  |TAMS 0x000000072a200000| PB 0x000000072a200000| Untracked 
| 328|0x000000072a400000, 0x000000072a400000, 0x000000072a600000|  0%| F|  |TAMS 0x000000072a400000| PB 0x000000072a400000| Untracked 
| 329|0x000000072a600000, 0x000000072a600000, 0x000000072a800000|  0%| F|  |TAMS 0x000000072a600000| PB 0x000000072a600000| Untracked 
| 330|0x000000072a800000, 0x000000072a800000, 0x000000072aa00000|  0%| F|  |TAMS 0x000000072a800000| PB 0x000000072a800000| Untracked 
| 331|0x000000072aa00000, 0x000000072aa00000, 0x000000072ac00000|  0%| F|  |TAMS 0x000000072aa00000| PB 0x000000072aa00000| Untracked 
| 332|0x000000072ac00000, 0x000000072ac00000, 0x000000072ae00000|  0%| F|  |TAMS 0x000000072ac00000| PB 0x000000072ac00000| Untracked 
| 333|0x000000072ae00000, 0x000000072ae00000, 0x000000072b000000|  0%| F|  |TAMS 0x000000072ae00000| PB 0x000000072ae00000| Untracked 
| 334|0x000000072b000000, 0x000000072b0c7ce8, 0x000000072b200000| 39%| E|  |TAMS 0x000000072b000000| PB 0x000000072b000000| Complete 
| 335|0x000000072b200000, 0x000000072b400000, 0x000000072b400000|100%| E|CS|TAMS 0x000000072b200000| PB 0x000000072b200000| Complete 
| 336|0x000000072b400000, 0x000000072b600000, 0x000000072b600000|100%| E|CS|TAMS 0x000000072b400000| PB 0x000000072b400000| Complete 
| 337|0x000000072b600000, 0x000000072b800000, 0x000000072b800000|100%| E|CS|TAMS 0x000000072b600000| PB 0x000000072b600000| Complete 
| 338|0x000000072b800000, 0x000000072ba00000, 0x000000072ba00000|100%| E|CS|TAMS 0x000000072b800000| PB 0x000000072b800000| Complete 
| 339|0x000000072ba00000, 0x000000072bc00000, 0x000000072bc00000|100%| E|CS|TAMS 0x000000072ba00000| PB 0x000000072ba00000| Complete 
| 340|0x000000072bc00000, 0x000000072be00000, 0x000000072be00000|100%| E|CS|TAMS 0x000000072bc00000| PB 0x000000072bc00000| Complete 
| 341|0x000000072be00000, 0x000000072c000000, 0x000000072c000000|100%| E|CS|TAMS 0x000000072be00000| PB 0x000000072be00000| Complete 
| 342|0x000000072c000000, 0x000000072c200000, 0x000000072c200000|100%| E|CS|TAMS 0x000000072c000000| PB 0x000000072c000000| Complete 
| 343|0x000000072c200000, 0x000000072c400000, 0x000000072c400000|100%| E|CS|TAMS 0x000000072c200000| PB 0x000000072c200000| Complete 
| 344|0x000000072c400000, 0x000000072c600000, 0x000000072c600000|100%| E|CS|TAMS 0x000000072c400000| PB 0x000000072c400000| Complete 
| 345|0x000000072c600000, 0x000000072c800000, 0x000000072c800000|100%| E|CS|TAMS 0x000000072c600000| PB 0x000000072c600000| Complete 
| 346|0x000000072c800000, 0x000000072ca00000, 0x000000072ca00000|100%| E|CS|TAMS 0x000000072c800000| PB 0x000000072c800000| Complete 
| 347|0x000000072ca00000, 0x000000072cc00000, 0x000000072cc00000|100%| E|CS|TAMS 0x000000072ca00000| PB 0x000000072ca00000| Complete 
| 348|0x000000072cc00000, 0x000000072ce00000, 0x000000072ce00000|100%| E|CS|TAMS 0x000000072cc00000| PB 0x000000072cc00000| Complete 
| 349|0x000000072ce00000, 0x000000072d000000, 0x000000072d000000|100%| E|CS|TAMS 0x000000072ce00000| PB 0x000000072ce00000| Complete 
| 350|0x000000072d000000, 0x000000072d200000, 0x000000072d200000|100%| E|CS|TAMS 0x000000072d000000| PB 0x000000072d000000| Complete 
| 351|0x000000072d200000, 0x000000072d400000, 0x000000072d400000|100%| E|CS|TAMS 0x000000072d200000| PB 0x000000072d200000| Complete 
| 352|0x000000072d400000, 0x000000072d600000, 0x000000072d600000|100%| E|CS|TAMS 0x000000072d400000| PB 0x000000072d400000| Complete 
| 353|0x000000072d600000, 0x000000072d800000, 0x000000072d800000|100%| E|CS|TAMS 0x000000072d600000| PB 0x000000072d600000| Complete 
| 354|0x000000072d800000, 0x000000072da00000, 0x000000072da00000|100%| E|CS|TAMS 0x000000072d800000| PB 0x000000072d800000| Complete 
| 355|0x000000072da00000, 0x000000072dc00000, 0x000000072dc00000|100%| E|CS|TAMS 0x000000072da00000| PB 0x000000072da00000| Complete 
| 356|0x000000072dc00000, 0x000000072de00000, 0x000000072de00000|100%| E|CS|TAMS 0x000000072dc00000| PB 0x000000072dc00000| Complete 
| 357|0x000000072de00000, 0x000000072e000000, 0x000000072e000000|100%| E|CS|TAMS 0x000000072de00000| PB 0x000000072de00000| Complete 
| 358|0x000000072e000000, 0x000000072e200000, 0x000000072e200000|100%| E|CS|TAMS 0x000000072e000000| PB 0x000000072e000000| Complete 
| 359|0x000000072e200000, 0x000000072e400000, 0x000000072e400000|100%| E|CS|TAMS 0x000000072e200000| PB 0x000000072e200000| Complete 
| 360|0x000000072e400000, 0x000000072e600000, 0x000000072e600000|100%| E|CS|TAMS 0x000000072e400000| PB 0x000000072e400000| Complete 
| 361|0x000000072e600000, 0x000000072e800000, 0x000000072e800000|100%| E|CS|TAMS 0x000000072e600000| PB 0x000000072e600000| Complete 
| 362|0x000000072e800000, 0x000000072ea00000, 0x000000072ea00000|100%| E|CS|TAMS 0x000000072e800000| PB 0x000000072e800000| Complete 
| 363|0x000000072ea00000, 0x000000072ec00000, 0x000000072ec00000|100%| E|CS|TAMS 0x000000072ea00000| PB 0x000000072ea00000| Complete 
| 364|0x000000072ec00000, 0x000000072ee00000, 0x000000072ee00000|100%| E|CS|TAMS 0x000000072ec00000| PB 0x000000072ec00000| Complete 
| 365|0x000000072ee00000, 0x000000072f000000, 0x000000072f000000|100%| E|CS|TAMS 0x000000072ee00000| PB 0x000000072ee00000| Complete 
| 366|0x000000072f000000, 0x000000072f200000, 0x000000072f200000|100%| E|CS|TAMS 0x000000072f000000| PB 0x000000072f000000| Complete 
| 367|0x000000072f200000, 0x000000072f400000, 0x000000072f400000|100%| E|CS|TAMS 0x000000072f200000| PB 0x000000072f200000| Complete 
| 368|0x000000072f400000, 0x000000072f600000, 0x000000072f600000|100%| E|CS|TAMS 0x000000072f400000| PB 0x000000072f400000| Complete 
| 369|0x000000072f600000, 0x000000072f800000, 0x000000072f800000|100%| E|CS|TAMS 0x000000072f600000| PB 0x000000072f600000| Complete 
| 370|0x000000072f800000, 0x000000072fa00000, 0x000000072fa00000|100%| E|CS|TAMS 0x000000072f800000| PB 0x000000072f800000| Complete 
| 371|0x000000072fa00000, 0x000000072fc00000, 0x000000072fc00000|100%| E|CS|TAMS 0x000000072fa00000| PB 0x000000072fa00000| Complete 
| 372|0x000000072fc00000, 0x000000072fe00000, 0x000000072fe00000|100%| E|CS|TAMS 0x000000072fc00000| PB 0x000000072fc00000| Complete 
| 373|0x000000072fe00000, 0x0000000730000000, 0x0000000730000000|100%| E|CS|TAMS 0x000000072fe00000| PB 0x000000072fe00000| Complete 
| 374|0x0000000730000000, 0x0000000730200000, 0x0000000730200000|100%| E|CS|TAMS 0x0000000730000000| PB 0x0000000730000000| Complete 
| 375|0x0000000730200000, 0x0000000730400000, 0x0000000730400000|100%| E|CS|TAMS 0x0000000730200000| PB 0x0000000730200000| Complete 
| 376|0x0000000730400000, 0x0000000730600000, 0x0000000730600000|100%| E|CS|TAMS 0x0000000730400000| PB 0x0000000730400000| Complete 
| 377|0x0000000730600000, 0x0000000730800000, 0x0000000730800000|100%| E|CS|TAMS 0x0000000730600000| PB 0x0000000730600000| Complete 
| 378|0x0000000730800000, 0x0000000730a00000, 0x0000000730a00000|100%| E|CS|TAMS 0x0000000730800000| PB 0x0000000730800000| Complete 
| 379|0x0000000730a00000, 0x0000000730c00000, 0x0000000730c00000|100%| E|CS|TAMS 0x0000000730a00000| PB 0x0000000730a00000| Complete 
| 380|0x0000000730c00000, 0x0000000730e00000, 0x0000000730e00000|100%| E|CS|TAMS 0x0000000730c00000| PB 0x0000000730c00000| Complete 
| 381|0x0000000730e00000, 0x0000000731000000, 0x0000000731000000|100%| E|CS|TAMS 0x0000000730e00000| PB 0x0000000730e00000| Complete 
| 382|0x0000000731000000, 0x0000000731200000, 0x0000000731200000|100%| E|CS|TAMS 0x0000000731000000| PB 0x0000000731000000| Complete 
| 383|0x0000000731200000, 0x0000000731400000, 0x0000000731400000|100%| E|CS|TAMS 0x0000000731200000| PB 0x0000000731200000| Complete 
| 384|0x0000000731400000, 0x0000000731600000, 0x0000000731600000|100%| E|CS|TAMS 0x0000000731400000| PB 0x0000000731400000| Complete 
| 385|0x0000000731600000, 0x0000000731800000, 0x0000000731800000|100%| E|CS|TAMS 0x0000000731600000| PB 0x0000000731600000| Complete 
| 386|0x0000000731800000, 0x0000000731a00000, 0x0000000731a00000|100%| E|CS|TAMS 0x0000000731800000| PB 0x0000000731800000| Complete 
| 387|0x0000000731a00000, 0x0000000731c00000, 0x0000000731c00000|100%| E|CS|TAMS 0x0000000731a00000| PB 0x0000000731a00000| Complete 
| 388|0x0000000731c00000, 0x0000000731e00000, 0x0000000731e00000|100%| E|CS|TAMS 0x0000000731c00000| PB 0x0000000731c00000| Complete 
| 389|0x0000000731e00000, 0x0000000732000000, 0x0000000732000000|100%| E|  |TAMS 0x0000000731e00000| PB 0x0000000731e00000| Complete 
| 390|0x0000000732000000, 0x0000000732200000, 0x0000000732200000|100%| E|CS|TAMS 0x0000000732000000| PB 0x0000000732000000| Complete 
| 391|0x0000000732200000, 0x0000000732400000, 0x0000000732400000|100%| E|CS|TAMS 0x0000000732200000| PB 0x0000000732200000| Complete 
| 392|0x0000000732400000, 0x0000000732600000, 0x0000000732600000|100%| E|CS|TAMS 0x0000000732400000| PB 0x0000000732400000| Complete 
| 393|0x0000000732600000, 0x0000000732800000, 0x0000000732800000|100%| E|CS|TAMS 0x0000000732600000| PB 0x0000000732600000| Complete 
| 394|0x0000000732800000, 0x0000000732a00000, 0x0000000732a00000|100%| E|CS|TAMS 0x0000000732800000| PB 0x0000000732800000| Complete 
| 395|0x0000000732a00000, 0x0000000732c00000, 0x0000000732c00000|100%| E|CS|TAMS 0x0000000732a00000| PB 0x0000000732a00000| Complete 
| 396|0x0000000732c00000, 0x0000000732e00000, 0x0000000732e00000|100%| E|CS|TAMS 0x0000000732c00000| PB 0x0000000732c00000| Complete 
| 397|0x0000000732e00000, 0x0000000733000000, 0x0000000733000000|100%| E|CS|TAMS 0x0000000732e00000| PB 0x0000000732e00000| Complete 
| 398|0x0000000733000000, 0x0000000733200000, 0x0000000733200000|100%| E|CS|TAMS 0x0000000733000000| PB 0x0000000733000000| Complete 
| 399|0x0000000733200000, 0x0000000733400000, 0x0000000733400000|100%| E|CS|TAMS 0x0000000733200000| PB 0x0000000733200000| Complete 
| 400|0x0000000733400000, 0x0000000733600000, 0x0000000733600000|100%| E|CS|TAMS 0x0000000733400000| PB 0x0000000733400000| Complete 
| 401|0x0000000733600000, 0x0000000733800000, 0x0000000733800000|100%| E|CS|TAMS 0x0000000733600000| PB 0x0000000733600000| Complete 
| 402|0x0000000733800000, 0x0000000733a00000, 0x0000000733a00000|100%| E|CS|TAMS 0x0000000733800000| PB 0x0000000733800000| Complete 
| 403|0x0000000733a00000, 0x0000000733c00000, 0x0000000733c00000|100%| E|CS|TAMS 0x0000000733a00000| PB 0x0000000733a00000| Complete 
| 404|0x0000000733c00000, 0x0000000733e00000, 0x0000000733e00000|100%| E|CS|TAMS 0x0000000733c00000| PB 0x0000000733c00000| Complete 
| 405|0x0000000733e00000, 0x0000000734000000, 0x0000000734000000|100%| E|CS|TAMS 0x0000000733e00000| PB 0x0000000733e00000| Complete 
| 406|0x0000000734000000, 0x0000000734200000, 0x0000000734200000|100%| E|CS|TAMS 0x0000000734000000| PB 0x0000000734000000| Complete 
| 407|0x0000000734200000, 0x0000000734400000, 0x0000000734400000|100%| E|CS|TAMS 0x0000000734200000| PB 0x0000000734200000| Complete 
| 408|0x0000000734400000, 0x0000000734600000, 0x0000000734600000|100%| E|CS|TAMS 0x0000000734400000| PB 0x0000000734400000| Complete 
| 409|0x0000000734600000, 0x0000000734800000, 0x0000000734800000|100%| E|CS|TAMS 0x0000000734600000| PB 0x0000000734600000| Complete 
| 410|0x0000000734800000, 0x0000000734a00000, 0x0000000734a00000|100%| E|CS|TAMS 0x0000000734800000| PB 0x0000000734800000| Complete 
| 411|0x0000000734a00000, 0x0000000734c00000, 0x0000000734c00000|100%| E|CS|TAMS 0x0000000734a00000| PB 0x0000000734a00000| Complete 
| 412|0x0000000734c00000, 0x0000000734e00000, 0x0000000734e00000|100%| E|CS|TAMS 0x0000000734c00000| PB 0x0000000734c00000| Complete 
| 413|0x0000000734e00000, 0x0000000735000000, 0x0000000735000000|100%| E|CS|TAMS 0x0000000734e00000| PB 0x0000000734e00000| Complete 
| 414|0x0000000735000000, 0x0000000735200000, 0x0000000735200000|100%| E|CS|TAMS 0x0000000735000000| PB 0x0000000735000000| Complete 
| 415|0x0000000735200000, 0x0000000735400000, 0x0000000735400000|100%| E|CS|TAMS 0x0000000735200000| PB 0x0000000735200000| Complete 
| 416|0x0000000735400000, 0x0000000735600000, 0x0000000735600000|100%| E|CS|TAMS 0x0000000735400000| PB 0x0000000735400000| Complete 
| 417|0x0000000735600000, 0x0000000735800000, 0x0000000735800000|100%| E|CS|TAMS 0x0000000735600000| PB 0x0000000735600000| Complete 
| 418|0x0000000735800000, 0x0000000735a00000, 0x0000000735a00000|100%| E|CS|TAMS 0x0000000735800000| PB 0x0000000735800000| Complete 
| 419|0x0000000735a00000, 0x0000000735c00000, 0x0000000735c00000|100%| E|CS|TAMS 0x0000000735a00000| PB 0x0000000735a00000| Complete 
| 420|0x0000000735c00000, 0x0000000735e00000, 0x0000000735e00000|100%| E|CS|TAMS 0x0000000735c00000| PB 0x0000000735c00000| Complete 
| 421|0x0000000735e00000, 0x0000000736000000, 0x0000000736000000|100%| E|CS|TAMS 0x0000000735e00000| PB 0x0000000735e00000| Complete 
| 422|0x0000000736000000, 0x0000000736200000, 0x0000000736200000|100%| E|CS|TAMS 0x0000000736000000| PB 0x0000000736000000| Complete 
| 423|0x0000000736200000, 0x0000000736400000, 0x0000000736400000|100%| E|CS|TAMS 0x0000000736200000| PB 0x0000000736200000| Complete 
| 424|0x0000000736400000, 0x0000000736600000, 0x0000000736600000|100%| E|CS|TAMS 0x0000000736400000| PB 0x0000000736400000| Complete 
| 425|0x0000000736600000, 0x0000000736800000, 0x0000000736800000|100%| E|CS|TAMS 0x0000000736600000| PB 0x0000000736600000| Complete 
| 426|0x0000000736800000, 0x0000000736a00000, 0x0000000736a00000|100%| E|CS|TAMS 0x0000000736800000| PB 0x0000000736800000| Complete 
| 427|0x0000000736a00000, 0x0000000736c00000, 0x0000000736c00000|100%| E|CS|TAMS 0x0000000736a00000| PB 0x0000000736a00000| Complete 
| 428|0x0000000736c00000, 0x0000000736e00000, 0x0000000736e00000|100%| E|CS|TAMS 0x0000000736c00000| PB 0x0000000736c00000| Complete 
| 429|0x0000000736e00000, 0x0000000737000000, 0x0000000737000000|100%| E|CS|TAMS 0x0000000736e00000| PB 0x0000000736e00000| Complete 
| 430|0x0000000737000000, 0x0000000737200000, 0x0000000737200000|100%| E|CS|TAMS 0x0000000737000000| PB 0x0000000737000000| Complete 
| 431|0x0000000737200000, 0x0000000737400000, 0x0000000737400000|100%| E|CS|TAMS 0x0000000737200000| PB 0x0000000737200000| Complete 
| 432|0x0000000737400000, 0x0000000737600000, 0x0000000737600000|100%| E|CS|TAMS 0x0000000737400000| PB 0x0000000737400000| Complete 
| 433|0x0000000737600000, 0x0000000737800000, 0x0000000737800000|100%| E|CS|TAMS 0x0000000737600000| PB 0x0000000737600000| Complete 
| 434|0x0000000737800000, 0x0000000737a00000, 0x0000000737a00000|100%| E|CS|TAMS 0x0000000737800000| PB 0x0000000737800000| Complete 
| 435|0x0000000737a00000, 0x0000000737c00000, 0x0000000737c00000|100%| E|CS|TAMS 0x0000000737a00000| PB 0x0000000737a00000| Complete 
| 436|0x0000000737c00000, 0x0000000737e00000, 0x0000000737e00000|100%| E|CS|TAMS 0x0000000737c00000| PB 0x0000000737c00000| Complete 
| 437|0x0000000737e00000, 0x0000000738000000, 0x0000000738000000|100%| E|CS|TAMS 0x0000000737e00000| PB 0x0000000737e00000| Complete 
| 438|0x0000000738000000, 0x0000000738200000, 0x0000000738200000|100%| E|CS|TAMS 0x0000000738000000| PB 0x0000000738000000| Complete 
| 439|0x0000000738200000, 0x0000000738400000, 0x0000000738400000|100%| E|CS|TAMS 0x0000000738200000| PB 0x0000000738200000| Complete 
| 440|0x0000000738400000, 0x0000000738600000, 0x0000000738600000|100%| E|CS|TAMS 0x0000000738400000| PB 0x0000000738400000| Complete 
| 473|0x000000073c600000, 0x000000073c800000, 0x000000073c800000|100%| E|CS|TAMS 0x000000073c600000| PB 0x000000073c600000| Complete 
| 474|0x000000073c800000, 0x000000073ca00000, 0x000000073ca00000|100%| E|CS|TAMS 0x000000073c800000| PB 0x000000073c800000| Complete 
| 475|0x000000073ca00000, 0x000000073cc00000, 0x000000073cc00000|100%| E|CS|TAMS 0x000000073ca00000| PB 0x000000073ca00000| Complete 
| 476|0x000000073cc00000, 0x000000073ce00000, 0x000000073ce00000|100%| E|CS|TAMS 0x000000073cc00000| PB 0x000000073cc00000| Complete 
| 477|0x000000073ce00000, 0x000000073d000000, 0x000000073d000000|100%| E|CS|TAMS 0x000000073ce00000| PB 0x000000073ce00000| Complete 
| 478|0x000000073d000000, 0x000000073d200000, 0x000000073d200000|100%| E|CS|TAMS 0x000000073d000000| PB 0x000000073d000000| Complete 
| 479|0x000000073d200000, 0x000000073d400000, 0x000000073d400000|100%| E|CS|TAMS 0x000000073d200000| PB 0x000000073d200000| Complete 
| 480|0x000000073d400000, 0x000000073d600000, 0x000000073d600000|100%| E|CS|TAMS 0x000000073d400000| PB 0x000000073d400000| Complete 
| 481|0x000000073d600000, 0x000000073d800000, 0x000000073d800000|100%| E|CS|TAMS 0x000000073d600000| PB 0x000000073d600000| Complete 
| 482|0x000000073d800000, 0x000000073da00000, 0x000000073da00000|100%| E|CS|TAMS 0x000000073d800000| PB 0x000000073d800000| Complete 
| 483|0x000000073da00000, 0x000000073dc00000, 0x000000073dc00000|100%| E|CS|TAMS 0x000000073da00000| PB 0x000000073da00000| Complete 
| 484|0x000000073dc00000, 0x000000073de00000, 0x000000073de00000|100%| E|CS|TAMS 0x000000073dc00000| PB 0x000000073dc00000| Complete 
| 485|0x000000073de00000, 0x000000073e000000, 0x000000073e000000|100%| E|CS|TAMS 0x000000073de00000| PB 0x000000073de00000| Complete 
| 486|0x000000073e000000, 0x000000073e200000, 0x000000073e200000|100%| E|CS|TAMS 0x000000073e000000| PB 0x000000073e000000| Complete 
| 487|0x000000073e200000, 0x000000073e400000, 0x000000073e400000|100%| E|CS|TAMS 0x000000073e200000| PB 0x000000073e200000| Complete 
| 488|0x000000073e400000, 0x000000073e600000, 0x000000073e600000|100%| E|CS|TAMS 0x000000073e400000| PB 0x000000073e400000| Complete 
| 489|0x000000073e600000, 0x000000073e800000, 0x000000073e800000|100%| E|CS|TAMS 0x000000073e600000| PB 0x000000073e600000| Complete 
| 490|0x000000073e800000, 0x000000073ea00000, 0x000000073ea00000|100%| E|CS|TAMS 0x000000073e800000| PB 0x000000073e800000| Complete 
| 491|0x000000073ea00000, 0x000000073ec00000, 0x000000073ec00000|100%| E|CS|TAMS 0x000000073ea00000| PB 0x000000073ea00000| Complete 
| 492|0x000000073ec00000, 0x000000073ee00000, 0x000000073ee00000|100%| E|CS|TAMS 0x000000073ec00000| PB 0x000000073ec00000| Complete 
| 493|0x000000073ee00000, 0x000000073f000000, 0x000000073f000000|100%| E|CS|TAMS 0x000000073ee00000| PB 0x000000073ee00000| Complete 
| 494|0x000000073f000000, 0x000000073f200000, 0x000000073f200000|100%| E|CS|TAMS 0x000000073f000000| PB 0x000000073f000000| Complete 
| 495|0x000000073f200000, 0x000000073f400000, 0x000000073f400000|100%| E|CS|TAMS 0x000000073f200000| PB 0x000000073f200000| Complete 
| 496|0x000000073f400000, 0x000000073f600000, 0x000000073f600000|100%| E|CS|TAMS 0x000000073f400000| PB 0x000000073f400000| Complete 
| 497|0x000000073f600000, 0x000000073f800000, 0x000000073f800000|100%| E|CS|TAMS 0x000000073f600000| PB 0x000000073f600000| Complete 
| 498|0x000000073f800000, 0x000000073fa00000, 0x000000073fa00000|100%| E|CS|TAMS 0x000000073f800000| PB 0x000000073f800000| Complete 
| 499|0x000000073fa00000, 0x000000073fc00000, 0x000000073fc00000|100%| E|CS|TAMS 0x000000073fa00000| PB 0x000000073fa00000| Complete 
| 500|0x000000073fc00000, 0x000000073fe00000, 0x000000073fe00000|100%| E|CS|TAMS 0x000000073fc00000| PB 0x000000073fc00000| Complete 
| 501|0x000000073fe00000, 0x0000000740000000, 0x0000000740000000|100%| E|CS|TAMS 0x000000073fe00000| PB 0x000000073fe00000| Complete 
| 502|0x0000000740000000, 0x0000000740200000, 0x0000000740200000|100%| E|CS|TAMS 0x0000000740000000| PB 0x0000000740000000| Complete 
| 503|0x0000000740200000, 0x0000000740400000, 0x0000000740400000|100%| E|CS|TAMS 0x0000000740200000| PB 0x0000000740200000| Complete 
| 504|0x0000000740400000, 0x0000000740600000, 0x0000000740600000|100%| E|CS|TAMS 0x0000000740400000| PB 0x0000000740400000| Complete 
| 505|0x0000000740600000, 0x0000000740800000, 0x0000000740800000|100%| E|CS|TAMS 0x0000000740600000| PB 0x0000000740600000| Complete 
| 506|0x0000000740800000, 0x0000000740a00000, 0x0000000740a00000|100%| E|CS|TAMS 0x0000000740800000| PB 0x0000000740800000| Complete 
| 507|0x0000000740a00000, 0x0000000740c00000, 0x0000000740c00000|100%| E|CS|TAMS 0x0000000740a00000| PB 0x0000000740a00000| Complete 
| 508|0x0000000740c00000, 0x0000000740e00000, 0x0000000740e00000|100%| E|CS|TAMS 0x0000000740c00000| PB 0x0000000740c00000| Complete 
| 509|0x0000000740e00000, 0x0000000741000000, 0x0000000741000000|100%| E|CS|TAMS 0x0000000740e00000| PB 0x0000000740e00000| Complete 
| 510|0x0000000741000000, 0x0000000741200000, 0x0000000741200000|100%| E|CS|TAMS 0x0000000741000000| PB 0x0000000741000000| Complete 
| 511|0x0000000741200000, 0x0000000741400000, 0x0000000741400000|100%| E|CS|TAMS 0x0000000741200000| PB 0x0000000741200000| Complete 
| 512|0x0000000741400000, 0x0000000741600000, 0x0000000741600000|100%| E|CS|TAMS 0x0000000741400000| PB 0x0000000741400000| Complete 
| 513|0x0000000741600000, 0x0000000741800000, 0x0000000741800000|100%| E|CS|TAMS 0x0000000741600000| PB 0x0000000741600000| Complete 
| 514|0x0000000741800000, 0x0000000741a00000, 0x0000000741a00000|100%| E|CS|TAMS 0x0000000741800000| PB 0x0000000741800000| Complete 
| 515|0x0000000741a00000, 0x0000000741c00000, 0x0000000741c00000|100%| E|CS|TAMS 0x0000000741a00000| PB 0x0000000741a00000| Complete 
| 516|0x0000000741c00000, 0x0000000741e00000, 0x0000000741e00000|100%| E|CS|TAMS 0x0000000741c00000| PB 0x0000000741c00000| Complete 
| 517|0x0000000741e00000, 0x0000000742000000, 0x0000000742000000|100%| E|CS|TAMS 0x0000000741e00000| PB 0x0000000741e00000| Complete 
| 518|0x0000000742000000, 0x0000000742200000, 0x0000000742200000|100%| E|CS|TAMS 0x0000000742000000| PB 0x0000000742000000| Complete 
| 519|0x0000000742200000, 0x0000000742400000, 0x0000000742400000|100%| E|CS|TAMS 0x0000000742200000| PB 0x0000000742200000| Complete 
| 520|0x0000000742400000, 0x0000000742600000, 0x0000000742600000|100%| E|CS|TAMS 0x0000000742400000| PB 0x0000000742400000| Complete 
| 521|0x0000000742600000, 0x0000000742800000, 0x0000000742800000|100%| E|CS|TAMS 0x0000000742600000| PB 0x0000000742600000| Complete 
| 522|0x0000000742800000, 0x0000000742a00000, 0x0000000742a00000|100%| E|CS|TAMS 0x0000000742800000| PB 0x0000000742800000| Complete 
| 523|0x0000000742a00000, 0x0000000742c00000, 0x0000000742c00000|100%| E|CS|TAMS 0x0000000742a00000| PB 0x0000000742a00000| Complete 
| 524|0x0000000742c00000, 0x0000000742e00000, 0x0000000742e00000|100%| E|CS|TAMS 0x0000000742c00000| PB 0x0000000742c00000| Complete 
| 525|0x0000000742e00000, 0x0000000743000000, 0x0000000743000000|100%| E|CS|TAMS 0x0000000742e00000| PB 0x0000000742e00000| Complete 
| 526|0x0000000743000000, 0x0000000743200000, 0x0000000743200000|100%| E|CS|TAMS 0x0000000743000000| PB 0x0000000743000000| Complete 
| 527|0x0000000743200000, 0x0000000743400000, 0x0000000743400000|100%| E|CS|TAMS 0x0000000743200000| PB 0x0000000743200000| Complete 
| 528|0x0000000743400000, 0x0000000743600000, 0x0000000743600000|100%| E|CS|TAMS 0x0000000743400000| PB 0x0000000743400000| Complete 
| 529|0x0000000743600000, 0x0000000743800000, 0x0000000743800000|100%| E|CS|TAMS 0x0000000743600000| PB 0x0000000743600000| Complete 
| 530|0x0000000743800000, 0x0000000743a00000, 0x0000000743a00000|100%| E|CS|TAMS 0x0000000743800000| PB 0x0000000743800000| Complete 
| 531|0x0000000743a00000, 0x0000000743c00000, 0x0000000743c00000|100%| E|CS|TAMS 0x0000000743a00000| PB 0x0000000743a00000| Complete 
| 532|0x0000000743c00000, 0x0000000743e00000, 0x0000000743e00000|100%| E|CS|TAMS 0x0000000743c00000| PB 0x0000000743c00000| Complete 
| 533|0x0000000743e00000, 0x0000000744000000, 0x0000000744000000|100%| E|CS|TAMS 0x0000000743e00000| PB 0x0000000743e00000| Complete 
| 534|0x0000000744000000, 0x0000000744200000, 0x0000000744200000|100%| E|CS|TAMS 0x0000000744000000| PB 0x0000000744000000| Complete 
| 535|0x0000000744200000, 0x0000000744400000, 0x0000000744400000|100%| E|CS|TAMS 0x0000000744200000| PB 0x0000000744200000| Complete 
| 536|0x0000000744400000, 0x0000000744600000, 0x0000000744600000|100%| E|CS|TAMS 0x0000000744400000| PB 0x0000000744400000| Complete 
| 537|0x0000000744600000, 0x0000000744800000, 0x0000000744800000|100%| E|CS|TAMS 0x0000000744600000| PB 0x0000000744600000| Complete 
| 538|0x0000000744800000, 0x0000000744a00000, 0x0000000744a00000|100%| E|CS|TAMS 0x0000000744800000| PB 0x0000000744800000| Complete 
| 539|0x0000000744a00000, 0x0000000744c00000, 0x0000000744c00000|100%| E|CS|TAMS 0x0000000744a00000| PB 0x0000000744a00000| Complete 
| 540|0x0000000744c00000, 0x0000000744e00000, 0x0000000744e00000|100%| E|CS|TAMS 0x0000000744c00000| PB 0x0000000744c00000| Complete 
| 541|0x0000000744e00000, 0x0000000745000000, 0x0000000745000000|100%| E|CS|TAMS 0x0000000744e00000| PB 0x0000000744e00000| Complete 
| 542|0x0000000745000000, 0x0000000745200000, 0x0000000745200000|100%| E|CS|TAMS 0x0000000745000000| PB 0x0000000745000000| Complete 
| 543|0x0000000745200000, 0x0000000745400000, 0x0000000745400000|100%| E|CS|TAMS 0x0000000745200000| PB 0x0000000745200000| Complete 
| 544|0x0000000745400000, 0x0000000745600000, 0x0000000745600000|100%| E|CS|TAMS 0x0000000745400000| PB 0x0000000745400000| Complete 
| 545|0x0000000745600000, 0x0000000745800000, 0x0000000745800000|100%| E|CS|TAMS 0x0000000745600000| PB 0x0000000745600000| Complete 
| 546|0x0000000745800000, 0x0000000745a00000, 0x0000000745a00000|100%| E|CS|TAMS 0x0000000745800000| PB 0x0000000745800000| Complete 
| 547|0x0000000745a00000, 0x0000000745c00000, 0x0000000745c00000|100%| E|CS|TAMS 0x0000000745a00000| PB 0x0000000745a00000| Complete 
| 548|0x0000000745c00000, 0x0000000745e00000, 0x0000000745e00000|100%| E|CS|TAMS 0x0000000745c00000| PB 0x0000000745c00000| Complete 
| 549|0x0000000745e00000, 0x0000000746000000, 0x0000000746000000|100%| E|CS|TAMS 0x0000000745e00000| PB 0x0000000745e00000| Complete 
| 550|0x0000000746000000, 0x0000000746200000, 0x0000000746200000|100%| E|CS|TAMS 0x0000000746000000| PB 0x0000000746000000| Complete 
| 551|0x0000000746200000, 0x0000000746400000, 0x0000000746400000|100%| E|CS|TAMS 0x0000000746200000| PB 0x0000000746200000| Complete 
| 552|0x0000000746400000, 0x0000000746600000, 0x0000000746600000|100%| E|CS|TAMS 0x0000000746400000| PB 0x0000000746400000| Complete 
| 553|0x0000000746600000, 0x0000000746800000, 0x0000000746800000|100%| E|CS|TAMS 0x0000000746600000| PB 0x0000000746600000| Complete 
| 554|0x0000000746800000, 0x0000000746a00000, 0x0000000746a00000|100%| E|CS|TAMS 0x0000000746800000| PB 0x0000000746800000| Complete 
| 555|0x0000000746a00000, 0x0000000746c00000, 0x0000000746c00000|100%| E|CS|TAMS 0x0000000746a00000| PB 0x0000000746a00000| Complete 
| 556|0x0000000746c00000, 0x0000000746e00000, 0x0000000746e00000|100%| E|CS|TAMS 0x0000000746c00000| PB 0x0000000746c00000| Complete 
| 557|0x0000000746e00000, 0x0000000747000000, 0x0000000747000000|100%| E|CS|TAMS 0x0000000746e00000| PB 0x0000000746e00000| Complete 
| 558|0x0000000747000000, 0x0000000747200000, 0x0000000747200000|100%| E|CS|TAMS 0x0000000747000000| PB 0x0000000747000000| Complete 
| 559|0x0000000747200000, 0x0000000747400000, 0x0000000747400000|100%| E|CS|TAMS 0x0000000747200000| PB 0x0000000747200000| Complete 
| 560|0x0000000747400000, 0x0000000747600000, 0x0000000747600000|100%| E|CS|TAMS 0x0000000747400000| PB 0x0000000747400000| Complete 
| 561|0x0000000747600000, 0x0000000747800000, 0x0000000747800000|100%| E|CS|TAMS 0x0000000747600000| PB 0x0000000747600000| Complete 
| 562|0x0000000747800000, 0x0000000747a00000, 0x0000000747a00000|100%| E|CS|TAMS 0x0000000747800000| PB 0x0000000747800000| Complete 
| 563|0x0000000747a00000, 0x0000000747c00000, 0x0000000747c00000|100%| E|CS|TAMS 0x0000000747a00000| PB 0x0000000747a00000| Complete 
| 564|0x0000000747c00000, 0x0000000747e00000, 0x0000000747e00000|100%| E|CS|TAMS 0x0000000747c00000| PB 0x0000000747c00000| Complete 
| 565|0x0000000747e00000, 0x0000000748000000, 0x0000000748000000|100%| E|CS|TAMS 0x0000000747e00000| PB 0x0000000747e00000| Complete 
| 566|0x0000000748000000, 0x0000000748200000, 0x0000000748200000|100%| E|CS|TAMS 0x0000000748000000| PB 0x0000000748000000| Complete 
| 567|0x0000000748200000, 0x0000000748400000, 0x0000000748400000|100%| E|CS|TAMS 0x0000000748200000| PB 0x0000000748200000| Complete 
| 568|0x0000000748400000, 0x0000000748600000, 0x0000000748600000|100%| E|CS|TAMS 0x0000000748400000| PB 0x0000000748400000| Complete 
| 569|0x0000000748600000, 0x0000000748800000, 0x0000000748800000|100%| E|CS|TAMS 0x0000000748600000| PB 0x0000000748600000| Complete 
| 570|0x0000000748800000, 0x0000000748a00000, 0x0000000748a00000|100%| E|CS|TAMS 0x0000000748800000| PB 0x0000000748800000| Complete 
| 571|0x0000000748a00000, 0x0000000748c00000, 0x0000000748c00000|100%| E|CS|TAMS 0x0000000748a00000| PB 0x0000000748a00000| Complete 
| 572|0x0000000748c00000, 0x0000000748e00000, 0x0000000748e00000|100%| E|CS|TAMS 0x0000000748c00000| PB 0x0000000748c00000| Complete 
| 573|0x0000000748e00000, 0x0000000749000000, 0x0000000749000000|100%| E|CS|TAMS 0x0000000748e00000| PB 0x0000000748e00000| Complete 
| 574|0x0000000749000000, 0x0000000749200000, 0x0000000749200000|100%| E|CS|TAMS 0x0000000749000000| PB 0x0000000749000000| Complete 
| 575|0x0000000749200000, 0x0000000749400000, 0x0000000749400000|100%| E|CS|TAMS 0x0000000749200000| PB 0x0000000749200000| Complete 
| 576|0x0000000749400000, 0x0000000749600000, 0x0000000749600000|100%| E|CS|TAMS 0x0000000749400000| PB 0x0000000749400000| Complete 
| 577|0x0000000749600000, 0x0000000749800000, 0x0000000749800000|100%| E|CS|TAMS 0x0000000749600000| PB 0x0000000749600000| Complete 
| 578|0x0000000749800000, 0x0000000749a00000, 0x0000000749a00000|100%| E|CS|TAMS 0x0000000749800000| PB 0x0000000749800000| Complete 
| 579|0x0000000749a00000, 0x0000000749c00000, 0x0000000749c00000|100%| E|CS|TAMS 0x0000000749a00000| PB 0x0000000749a00000| Complete 
| 580|0x0000000749c00000, 0x0000000749e00000, 0x0000000749e00000|100%| E|CS|TAMS 0x0000000749c00000| PB 0x0000000749c00000| Complete 
| 581|0x0000000749e00000, 0x000000074a000000, 0x000000074a000000|100%| E|CS|TAMS 0x0000000749e00000| PB 0x0000000749e00000| Complete 
| 582|0x000000074a000000, 0x000000074a200000, 0x000000074a200000|100%| E|CS|TAMS 0x000000074a000000| PB 0x000000074a000000| Complete 
| 583|0x000000074a200000, 0x000000074a400000, 0x000000074a400000|100%| E|CS|TAMS 0x000000074a200000| PB 0x000000074a200000| Complete 
| 584|0x000000074a400000, 0x000000074a600000, 0x000000074a600000|100%| E|CS|TAMS 0x000000074a400000| PB 0x000000074a400000| Complete 
| 585|0x000000074a600000, 0x000000074a800000, 0x000000074a800000|100%| E|CS|TAMS 0x000000074a600000| PB 0x000000074a600000| Complete 
| 586|0x000000074a800000, 0x000000074aa00000, 0x000000074aa00000|100%| E|CS|TAMS 0x000000074a800000| PB 0x000000074a800000| Complete 
| 587|0x000000074aa00000, 0x000000074ac00000, 0x000000074ac00000|100%| E|CS|TAMS 0x000000074aa00000| PB 0x000000074aa00000| Complete 
| 588|0x000000074ac00000, 0x000000074ae00000, 0x000000074ae00000|100%| E|CS|TAMS 0x000000074ac00000| PB 0x000000074ac00000| Complete 
| 589|0x000000074ae00000, 0x000000074b000000, 0x000000074b000000|100%| E|CS|TAMS 0x000000074ae00000| PB 0x000000074ae00000| Complete 
| 590|0x000000074b000000, 0x000000074b200000, 0x000000074b200000|100%| E|CS|TAMS 0x000000074b000000| PB 0x000000074b000000| Complete 
| 591|0x000000074b200000, 0x000000074b400000, 0x000000074b400000|100%| E|CS|TAMS 0x000000074b200000| PB 0x000000074b200000| Complete 
| 592|0x000000074b400000, 0x000000074b600000, 0x000000074b600000|100%| E|CS|TAMS 0x000000074b400000| PB 0x000000074b400000| Complete 
| 593|0x000000074b600000, 0x000000074b800000, 0x000000074b800000|100%| E|CS|TAMS 0x000000074b600000| PB 0x000000074b600000| Complete 
| 594|0x000000074b800000, 0x000000074ba00000, 0x000000074ba00000|100%| E|CS|TAMS 0x000000074b800000| PB 0x000000074b800000| Complete 
| 595|0x000000074ba00000, 0x000000074bc00000, 0x000000074bc00000|100%| E|CS|TAMS 0x000000074ba00000| PB 0x000000074ba00000| Complete 
| 596|0x000000074bc00000, 0x000000074be00000, 0x000000074be00000|100%| E|CS|TAMS 0x000000074bc00000| PB 0x000000074bc00000| Complete 
| 597|0x000000074be00000, 0x000000074c000000, 0x000000074c000000|100%| E|CS|TAMS 0x000000074be00000| PB 0x000000074be00000| Complete 
| 598|0x000000074c000000, 0x000000074c200000, 0x000000074c200000|100%| E|CS|TAMS 0x000000074c000000| PB 0x000000074c000000| Complete 
| 599|0x000000074c200000, 0x000000074c400000, 0x000000074c400000|100%| E|CS|TAMS 0x000000074c200000| PB 0x000000074c200000| Complete 
| 600|0x000000074c400000, 0x000000074c600000, 0x000000074c600000|100%| E|CS|TAMS 0x000000074c400000| PB 0x000000074c400000| Complete 
| 601|0x000000074c600000, 0x000000074c800000, 0x000000074c800000|100%| E|CS|TAMS 0x000000074c600000| PB 0x000000074c600000| Complete 
| 602|0x000000074c800000, 0x000000074ca00000, 0x000000074ca00000|100%| E|CS|TAMS 0x000000074c800000| PB 0x000000074c800000| Complete 
| 603|0x000000074ca00000, 0x000000074cc00000, 0x000000074cc00000|100%| E|CS|TAMS 0x000000074ca00000| PB 0x000000074ca00000| Complete 
| 604|0x000000074cc00000, 0x000000074ce00000, 0x000000074ce00000|100%| E|CS|TAMS 0x000000074cc00000| PB 0x000000074cc00000| Complete 
| 605|0x000000074ce00000, 0x000000074d000000, 0x000000074d000000|100%| E|CS|TAMS 0x000000074ce00000| PB 0x000000074ce00000| Complete 
| 606|0x000000074d000000, 0x000000074d200000, 0x000000074d200000|100%| E|CS|TAMS 0x000000074d000000| PB 0x000000074d000000| Complete 
| 607|0x000000074d200000, 0x000000074d400000, 0x000000074d400000|100%| E|CS|TAMS 0x000000074d200000| PB 0x000000074d200000| Complete 
| 608|0x000000074d400000, 0x000000074d600000, 0x000000074d600000|100%| E|CS|TAMS 0x000000074d400000| PB 0x000000074d400000| Complete 
| 609|0x000000074d600000, 0x000000074d800000, 0x000000074d800000|100%| E|CS|TAMS 0x000000074d600000| PB 0x000000074d600000| Complete 
| 610|0x000000074d800000, 0x000000074da00000, 0x000000074da00000|100%| E|CS|TAMS 0x000000074d800000| PB 0x000000074d800000| Complete 
|2027|0x00000007fea00000, 0x00000007fec00000, 0x00000007fec00000|100%| O|  |TAMS 0x00000007fea00000| PB 0x00000007fea00000| Untracked 
|2028|0x00000007fec00000, 0x00000007fee00000, 0x00000007fee00000|100%| O|  |TAMS 0x00000007fec00000| PB 0x00000007fec00000| Untracked 
|2029|0x00000007fee00000, 0x00000007ff000000, 0x00000007ff000000|100%| O|  |TAMS 0x00000007fee00000| PB 0x00000007fee00000| Untracked 
|2030|0x00000007ff000000, 0x00000007ff200000, 0x00000007ff200000|100%| O|  |TAMS 0x00000007ff000000| PB 0x00000007ff000000| Untracked 
|2031|0x00000007ff200000, 0x00000007ff400000, 0x00000007ff400000|100%| O|  |TAMS 0x00000007ff200000| PB 0x00000007ff200000| Untracked 
|2032|0x00000007ff400000, 0x00000007ff600000, 0x00000007ff600000|100%| O|  |TAMS 0x00000007ff400000| PB 0x00000007ff400000| Untracked 
|2033|0x00000007ff600000, 0x00000007ff800000, 0x00000007ff800000|100%| O|  |TAMS 0x00000007ff600000| PB 0x00000007ff600000| Untracked 
|2034|0x00000007ff800000, 0x00000007ffa00000, 0x00000007ffa00000|100%| O|  |TAMS 0x00000007ff800000| PB 0x00000007ff800000| Untracked 
|2035|0x00000007ffa00000, 0x00000007ffc00000, 0x00000007ffc00000|100%| O|  |TAMS 0x00000007ffa00000| PB 0x00000007ffa00000| Untracked 
|2036|0x00000007ffc00000, 0x00000007ffe00000, 0x00000007ffe00000|100%| O|  |TAMS 0x00000007ffc00000| PB 0x00000007ffc00000| Untracked 
|2037|0x00000007ffe00000, 0x0000000800000000, 0x0000000800000000|100%| E|CS|TAMS 0x00000007ffe00000| PB 0x00000007ffe00000| Complete 

Card table byte_map: [0x000001cb75030000,0x000001cb75830000] _byte_map_base: 0x000001cb71826000

Marking Bits: (CMBitMap*) 0x000001cb6db6caf0
 Bits: [0x000001cb75830000, 0x000001cb797e0000)

Polling page: 0x000001cb6db80000

Metaspace:

Usage:
  Non-class:    280.64 MB used.
      Class:     38.46 MB used.
       Both:    319.10 MB used.

Virtual space:
  Non-class space:      320.00 MB reserved,     282.88 MB ( 88%) committed,  5 nodes.
      Class space:        1.00 GB reserved,      40.31 MB (  4%) committed,  1 nodes.
             Both:        1.31 GB reserved,     323.19 MB ( 24%) committed. 

Chunk freelists:
   Non-Class:  4.22 MB
       Class:  7.64 MB
        Both:  11.86 MB

MaxMetaspaceSize: unlimited
CompressedClassSpaceSize: 1.00 GB
Initial GC threshold: 21.00 MB
Current GC threshold: 480.94 MB
CDS: off
 - commit_granule_bytes: 65536.
 - commit_granule_words: 8192.
 - virtual_space_node_default_size: 8388608.
 - enlarge_chunks_in_place: 1.
 - use_allocation_guard: 0.


Internal statistics:

num_allocs_failed_limit: 25.
num_arena_births: 5504.
num_arena_deaths: 376.
num_vsnodes_births: 6.
num_vsnodes_deaths: 0.
num_space_committed: 5166.
num_space_uncommitted: 0.
num_chunks_returned_to_freelist: 578.
num_chunks_taken_from_freelist: 21482.
num_chunk_merges: 204.
num_chunk_splits: 12734.
num_chunks_enlarged: 6969.
num_inconsistent_stats: 0.

CodeHeap 'non-profiled nmethods': size=259328Kb used=17646Kb max_used=17646Kb free=241681Kb
 bounds [0x000001cb102c0000, 0x000001cb11400000, 0x000001cb20000000]
CodeHeap 'profiled nmethods': size=259264Kb used=77928Kb max_used=77928Kb free=181336Kb
 bounds [0x000001cb00000000, 0x000001cb04c20000, 0x000001cb0fd30000]
CodeHeap 'non-nmethods': size=5696Kb used=3881Kb max_used=3897Kb free=1815Kb
 bounds [0x000001cb0fd30000, 0x000001cb10110000, 0x000001cb102c0000]
 total_blobs=38462 nmethods=36489 adapters=1873
 compilation: enabled
              stopped_count=0, restarted_count=0
 full_count=0

Compilation events (20 events):
Event: 61.665 Thread 0x000001cb7ca66920 40799       3       com.intellij.util.indexing.diagnostic.StorageDiagnosticData$StatsPerStorage::<init> (27 bytes)
Event: 61.666 Thread 0x000001cb7ca66920 nmethod 40799 0x000001cb04c11710 code [0x000001cb04c119a0, 0x000001cb04c124b8]
Event: 61.668 Thread 0x000001cb7ca53350 nmethod 40798 0x000001cb113faa90 code [0x000001cb113fac80, 0x000001cb113fb420]
Event: 61.668 Thread 0x000001cb7ca66920 40800       3       com.intellij.util.indexing.IndexInfrastructure::getIndexRootDir (15 bytes)
Event: 61.669 Thread 0x000001cb7ca66920 nmethod 40800 0x000001cb04c12890 code [0x000001cb04c12aa0, 0x000001cb04c12fa0]
Event: 61.670 Thread 0x000001cb7ca53350 40801       4       kotlin.collections.MapsKt__MapsJVMKt::mapCapacity (40 bytes)
Event: 61.670 Thread 0x000001cb7ca53350 nmethod 40801 0x000001cb113fb810 code [0x000001cb113fb9c0, 0x000001cb113fbaa0]
Event: 61.671 Thread 0x000001cb7ca66920 40802       3       java.util.TreeMap$EntrySet::iterator (19 bytes)
Event: 61.671 Thread 0x000001cb7ca66920 nmethod 40802 0x000001cb04c13190 code [0x000001cb04c13360, 0x000001cb04c13838]
Event: 61.671 Thread 0x000001cb7ca66920 40803       3       java.util.TreeMap::entrySet (27 bytes)
Event: 61.671 Thread 0x000001cb7ca66920 nmethod 40803 0x000001cb04c13a10 code [0x000001cb04c13be0, 0x000001cb04c13fd8]
Event: 61.673 Thread 0x000001cb7ca66920 40804       3       com.intellij.util.indexing.diagnostic.StorageDiagnosticData$StatsPerStorage::plus (54 bytes)
Event: 61.674 Thread 0x000001cb7ca66920 nmethod 40804 0x000001cb04c14110 code [0x000001cb04c144e0, 0x000001cb04c15f20]
Event: 61.677 Thread 0x000001cb7ca66920 40805       3       com.fasterxml.jackson.databind.introspect.AnnotationIntrospectorPair::findRenameByField (24 bytes)
Event: 61.677 Thread 0x000001cb7ca66920 nmethod 40805 0x000001cb04c16790 code [0x000001cb04c16960, 0x000001cb04c16c80]
Event: 61.677 Thread 0x000001cb7ca66920 40806       3       com.fasterxml.jackson.databind.introspect.AnnotatedMethod::getDeclaringClass (8 bytes)
Event: 61.677 Thread 0x000001cb7ca66920 nmethod 40806 0x000001cb04c16d90 code [0x000001cb04c16f20, 0x000001cb04c17058]
Event: 61.677 Thread 0x000001cb7ca66920 40807       3       sun.reflect.generics.factory.CoreReflectionFactory::getDeclsLoader (85 bytes)
Event: 61.678 Thread 0x000001cb7ca66920 nmethod 40807 0x000001cb04c17110 code [0x000001cb04c17360, 0x000001cb04c17f28]
Event: 61.678 Thread 0x000001cb7ca66920 40808 %     3       kotlin.reflect.jvm.internal.impl.metadata.jvm.deserialization.UtfEncodingKt::stringsToBytes @ 97 (173 bytes)

GC Heap History (20 events):
Event: 10.599 GC heap before
{Heap before GC invocations=32 (full 0):
 garbage-first heap   total 460800K, used 399162K [0x0000000701400000, 0x0000000800000000)
  region size 2048K, 68 young (139264K), 6 survivors (12288K)
 Metaspace       used 285919K, committed 289728K, reserved 1310720K
  class space    used 34858K, committed 36544K, reserved 1048576K
}
Event: 10.607 GC heap after
{Heap after GC invocations=33 (full 0):
 garbage-first heap   total 460800K, used 284193K [0x0000000701400000, 0x0000000800000000)
  region size 2048K, 5 young (10240K), 5 survivors (10240K)
 Metaspace       used 285919K, committed 289728K, reserved 1310720K
  class space    used 34858K, committed 36544K, reserved 1048576K
}
Event: 10.717 GC heap before
{Heap before GC invocations=33 (full 0):
 garbage-first heap   total 460800K, used 421409K [0x0000000701400000, 0x0000000800000000)
  region size 2048K, 72 young (147456K), 5 survivors (10240K)
 Metaspace       used 287888K, committed 291776K, reserved 1310720K
  class space    used 35053K, committed 36800K, reserved 1048576K
}
Event: 10.725 GC heap after
{Heap after GC invocations=34 (full 0):
 garbage-first heap   total 460800K, used 285486K [0x0000000701400000, 0x0000000800000000)
  region size 2048K, 9 young (18432K), 9 survivors (18432K)
 Metaspace       used 287888K, committed 291776K, reserved 1310720K
  class space    used 35053K, committed 36800K, reserved 1048576K
}
Event: 10.877 GC heap before
{Heap before GC invocations=34 (full 0):
 garbage-first heap   total 460800K, used 416558K [0x0000000701400000, 0x0000000800000000)
  region size 2048K, 73 young (149504K), 9 survivors (18432K)
 Metaspace       used 289168K, committed 293056K, reserved 1310720K
  class space    used 35183K, committed 36928K, reserved 1048576K
}
Event: 10.889 GC heap after
{Heap after GC invocations=35 (full 0):
 garbage-first heap   total 460800K, used 301734K [0x0000000701400000, 0x0000000800000000)
  region size 2048K, 8 young (16384K), 8 survivors (16384K)
 Metaspace       used 289168K, committed 293056K, reserved 1310720K
  class space    used 35183K, committed 36928K, reserved 1048576K
}
Event: 11.074 GC heap before
{Heap before GC invocations=36 (full 0):
 garbage-first heap   total 505856K, used 414374K [0x0000000701400000, 0x0000000800000000)
  region size 2048K, 65 young (133120K), 8 survivors (16384K)
 Metaspace       used 289254K, committed 293120K, reserved 1310720K
  class space    used 35182K, committed 36928K, reserved 1048576K
}
Event: 11.085 GC heap after
{Heap after GC invocations=37 (full 0):
 garbage-first heap   total 505856K, used 323510K [0x0000000701400000, 0x0000000800000000)
  region size 2048K, 8 young (16384K), 8 survivors (16384K)
 Metaspace       used 289254K, committed 293120K, reserved 1310720K
  class space    used 35182K, committed 36928K, reserved 1048576K
}
Event: 11.239 GC heap before
{Heap before GC invocations=37 (full 0):
 garbage-first heap   total 505856K, used 454582K [0x0000000701400000, 0x0000000800000000)
  region size 2048K, 73 young (149504K), 8 survivors (16384K)
 Metaspace       used 289384K, committed 293312K, reserved 1310720K
  class space    used 35198K, committed 36928K, reserved 1048576K
}
Event: 11.252 GC heap after
{Heap after GC invocations=38 (full 0):
 garbage-first heap   total 505856K, used 330001K [0x0000000701400000, 0x0000000800000000)
  region size 2048K, 10 young (20480K), 10 survivors (20480K)
 Metaspace       used 289384K, committed 293312K, reserved 1310720K
  class space    used 35198K, committed 36928K, reserved 1048576K
}
Event: 11.326 GC heap before
{Heap before GC invocations=38 (full 0):
 garbage-first heap   total 505856K, used 450833K [0x0000000701400000, 0x0000000800000000)
  region size 2048K, 70 young (143360K), 10 survivors (20480K)
 Metaspace       used 290328K, committed 294208K, reserved 1310720K
  class space    used 35306K, committed 37056K, reserved 1048576K
}
Event: 11.337 GC heap after
{Heap after GC invocations=39 (full 0):
 garbage-first heap   total 1253376K, used 341895K [0x0000000701400000, 0x0000000800000000)
  region size 2048K, 9 young (18432K), 9 survivors (18432K)
 Metaspace       used 290328K, committed 294208K, reserved 1310720K
  class space    used 35306K, committed 37056K, reserved 1048576K
}
Event: 11.638 GC heap before
{Heap before GC invocations=40 (full 0):
 garbage-first heap   total 1175552K, used 1038215K [0x0000000701400000, 0x0000000800000000)
  region size 2048K, 340 young (696320K), 9 survivors (18432K)
 Metaspace       used 291571K, committed 295488K, reserved 1310720K
  class space    used 35465K, committed 37184K, reserved 1048576K
}
Event: 11.661 GC heap after
{Heap after GC invocations=41 (full 0):
 garbage-first heap   total 1175552K, used 401287K [0x0000000701400000, 0x0000000800000000)
  region size 2048K, 34 young (69632K), 34 survivors (69632K)
 Metaspace       used 291571K, committed 295488K, reserved 1310720K
  class space    used 35465K, committed 37184K, reserved 1048576K
}
Event: 13.377 GC heap before
{Heap before GC invocations=41 (full 0):
 garbage-first heap   total 1175552K, used 1154951K [0x0000000701400000, 0x0000000800000000)
  region size 2048K, 319 young (653312K), 34 survivors (69632K)
 Metaspace       used 294964K, committed 298816K, reserved 1310720K
  class space    used 35861K, committed 37568K, reserved 1048576K
}
Event: 13.390 GC heap after
{Heap after GC invocations=42 (full 0):
 garbage-first heap   total 1208320K, used 396537K [0x0000000701400000, 0x0000000800000000)
  region size 2048K, 11 young (22528K), 11 survivors (22528K)
 Metaspace       used 294964K, committed 298816K, reserved 1310720K
  class space    used 35861K, committed 37568K, reserved 1048576K
}
Event: 19.024 GC heap before
{Heap before GC invocations=42 (full 0):
 garbage-first heap   total 1208320K, used 1060089K [0x0000000701400000, 0x0000000800000000)
  region size 2048K, 334 young (684032K), 11 survivors (22528K)
 Metaspace       used 305163K, committed 309120K, reserved 1376256K
  class space    used 37077K, committed 38848K, reserved 1048576K
}
Event: 19.038 GC heap after
{Heap after GC invocations=43 (full 0):
 garbage-first heap   total 1208320K, used 423114K [0x0000000701400000, 0x0000000800000000)
  region size 2048K, 23 young (47104K), 23 survivors (47104K)
 Metaspace       used 305163K, committed 309120K, reserved 1376256K
  class space    used 37077K, committed 38848K, reserved 1048576K
}
Event: 31.372 GC heap before
{Heap before GC invocations=43 (full 0):
 garbage-first heap   total 1208320K, used 1084618K [0x0000000701400000, 0x0000000800000000)
  region size 2048K, 344 young (704512K), 23 survivors (47104K)
 Metaspace       used 315228K, committed 319296K, reserved 1376256K
  class space    used 38134K, committed 40000K, reserved 1048576K
}
Event: 31.398 GC heap after
{Heap after GC invocations=44 (full 0):
 garbage-first heap   total 1208320K, used 472222K [0x0000000701400000, 0x0000000800000000)
  region size 2048K, 43 young (88064K), 43 survivors (88064K)
 Metaspace       used 315228K, committed 319296K, reserved 1376256K
  class space    used 38134K, committed 40000K, reserved 1048576K
}

Dll operation events (3 events):
Event: 0.004 Loaded shared library C:\Program Files\JetBrains\JetBrains Rider 2024.2.7\jbr\bin\java.dll
Event: 0.007 Loaded shared library C:\Program Files\JetBrains\JetBrains Rider 2024.2.7\jbr\bin\zip.dll
Event: 0.388 Loaded shared library C:\Program Files\JetBrains\JetBrains Rider 2024.2.7\jbr\bin\verify.dll

Deoptimization events (20 events):
Event: 60.948 Thread 0x000001cb4b794f30 Uncommon trap: trap_request=0xffffff45 fr.pc=0x000001cb11349258 relative=0x0000000000002518
Event: 60.948 Thread 0x000001cb4b794f30 Uncommon trap: reason=unstable_if action=reinterpret pc=0x000001cb11349258 method=org.HdrHistogram.WriterReaderPhaser.writerCriticalSectionExit(J)V @ 3 c2
Event: 60.948 Thread 0x000001cb4b794f30 DEOPT PACKING pc=0x000001cb11349258 sp=0x000000b28faff0f0
Event: 60.948 Thread 0x000001cb4b794f30 DEOPT UNPACKING pc=0x000001cb0fd87da2 sp=0x000000b28fafee98 mode 2
Event: 60.952 Thread 0x000001cb4b794f30 Uncommon trap: trap_request=0xffffff45 fr.pc=0x000001cb10ffc850 relative=0x0000000000000670
Event: 60.952 Thread 0x000001cb4b794f30 Uncommon trap: reason=unstable_if action=reinterpret pc=0x000001cb10ffc850 method=org.HdrHistogram.WriterReaderPhaser.writerCriticalSectionExit(J)V @ 3 c2
Event: 60.952 Thread 0x000001cb4b794f30 DEOPT PACKING pc=0x000001cb10ffc850 sp=0x000000b28fafe5f0
Event: 60.952 Thread 0x000001cb4b794f30 DEOPT UNPACKING pc=0x000001cb0fd87da2 sp=0x000000b28fafe470 mode 2
Event: 60.952 Thread 0x000001cb4b794f30 Uncommon trap: trap_request=0xffffff45 fr.pc=0x000001cb10ffe354 relative=0x00000000000003f4
Event: 60.952 Thread 0x000001cb4b794f30 Uncommon trap: reason=unstable_if action=reinterpret pc=0x000001cb10ffe354 method=org.HdrHistogram.WriterReaderPhaser.writerCriticalSectionExit(J)V @ 3 c2
Event: 60.952 Thread 0x000001cb4b794f30 DEOPT PACKING pc=0x000001cb10ffe354 sp=0x000000b28fafefa0
Event: 60.952 Thread 0x000001cb4b794f30 DEOPT UNPACKING pc=0x000001cb0fd87da2 sp=0x000000b28fafee98 mode 2
Event: 61.119 Thread 0x000001cc2ed81180 Uncommon trap: trap_request=0xffffffde fr.pc=0x000001cb10ed3f3c relative=0x0000000000002c7c
Event: 61.119 Thread 0x000001cc2ed81180 Uncommon trap: reason=class_check action=maybe_recompile pc=0x000001cb10ed3f3c method=kotlinx.coroutines.flow.SharedFlowImpl.collect$suspendImpl(Lkotlinx/coroutines/flow/SharedFlowImpl;Lkotlinx/coroutines/flow/FlowCollector;Lkotlin/coroutines/Continuation
Event: 61.119 Thread 0x000001cc2ed81180 DEOPT PACKING pc=0x000001cb10ed3f3c sp=0x000000b295bfebd0
Event: 61.119 Thread 0x000001cc2ed81180 DEOPT UNPACKING pc=0x000001cb0fd87da2 sp=0x000000b295bfebd0 mode 2
Event: 61.288 Thread 0x000001cb4a7d3d90 DEOPT PACKING pc=0x000001cb02bd4734 sp=0x000000b28eaff360
Event: 61.288 Thread 0x000001cb4a7d3d90 DEOPT UNPACKING pc=0x000001cb0fd888e2 sp=0x000000b28eafe878 mode 0
Event: 61.663 Thread 0x000001cb531d22a0 DEOPT PACKING pc=0x000001cb004b4123 sp=0x000000b290ffe130
Event: 61.663 Thread 0x000001cb531d22a0 DEOPT UNPACKING pc=0x000001cb0fd888e2 sp=0x000000b290ffd628 mode 0

Classes loaded (20 events):
Event: 61.321 Loading class com/intellij/configurationStore/statistic/eventLog/FeatureUsageSettingsEventPrinter$logConfigurationState$1
Event: 61.321 Loading class com/intellij/configurationStore/statistic/eventLog/FeatureUsageSettingsEventPrinter$logConfigurationState$1 done
Event: 61.322 Loading class com/intellij/configurationStore/statistic/eventLog/ConfigurationStateExtractor$extractOptionValue$value$1
Event: 61.322 Loading class com/intellij/configurationStore/statistic/eventLog/ConfigurationStateExtractor$extractOptionValue$value$1 done
Event: 61.327 Loading class com/intellij/configurationStore/statistic/eventLog/FeatureUsageSettingsEventSchedulerKt
Event: 61.327 Loading class com/intellij/configurationStore/statistic/eventLog/FeatureUsageSettingsEventSchedulerKt done
Event: 61.643 Loading class com/intellij/util/io/stats/PersistentHashMapStatistics
Event: 61.643 Loading class com/intellij/util/io/stats/PersistentHashMapStatistics done
Event: 61.643 Loading class com/intellij/util/io/stats/PersistentEnumeratorStatistics
Event: 61.643 Loading class com/intellij/util/io/stats/PersistentEnumeratorStatistics done
Event: 61.644 Loading class com/intellij/util/io/stats/BTreeStatistics
Event: 61.644 Loading class com/intellij/util/io/stats/BTreeStatistics done
Event: 61.645 Loading class com/intellij/util/indexing/diagnostic/StorageDiagnosticData$StatsPerStorage
Event: 61.645 Loading class com/intellij/util/indexing/diagnostic/StorageDiagnosticData$StatsPerStorage done
Event: 61.648 Loading class com/intellij/util/indexing/diagnostic/StorageDiagnosticData$StatsPerStorage$Companion
Event: 61.648 Loading class com/intellij/util/indexing/diagnostic/StorageDiagnosticData$StatsPerStorage$Companion done
Event: 61.675 Loading class com/intellij/util/indexing/diagnostic/StorageDiagnosticData$IndexStorageStats
Event: 61.675 Loading class com/intellij/util/indexing/diagnostic/StorageDiagnosticData$IndexStorageStats done
Event: 61.676 Loading class com/intellij/util/indexing/diagnostic/StorageDiagnosticData$StorageDataStats
Event: 61.676 Loading class com/intellij/util/indexing/diagnostic/StorageDiagnosticData$StorageDataStats done

Classes unloaded (20 events):
Event: 11.475 Thread 0x000001cb7c9c87d0 Unloading class 0x000000080238c000 'jdk/internal/reflect/GeneratedSerializationConstructorAccessor60'
Event: 11.475 Thread 0x000001cb7c9c87d0 Unloading class 0x000000080238bc00 'jdk/internal/reflect/GeneratedSerializationConstructorAccessor59'
Event: 11.475 Thread 0x000001cb7c9c87d0 Unloading class 0x000000080238b800 'jdk/internal/reflect/GeneratedSerializationConstructorAccessor58'
Event: 11.475 Thread 0x000001cb7c9c87d0 Unloading class 0x000000080238b400 'jdk/internal/reflect/GeneratedSerializationConstructorAccessor57'
Event: 11.475 Thread 0x000001cb7c9c87d0 Unloading class 0x000000080238ac00 'jdk/internal/reflect/GeneratedSerializationConstructorAccessor55'
Event: 11.475 Thread 0x000001cb7c9c87d0 Unloading class 0x000000080238a800 'jdk/internal/reflect/GeneratedSerializationConstructorAccessor54'
Event: 11.475 Thread 0x000001cb7c9c87d0 Unloading class 0x000000080238a400 'jdk/internal/reflect/GeneratedSerializationConstructorAccessor47'
Event: 11.475 Thread 0x000001cb7c9c87d0 Unloading class 0x000000080238a000 'jdk/internal/reflect/GeneratedSerializationConstructorAccessor52'
Event: 11.475 Thread 0x000001cb7c9c87d0 Unloading class 0x0000000802389c00 'jdk/internal/reflect/GeneratedSerializationConstructorAccessor53'
Event: 11.475 Thread 0x000001cb7c9c87d0 Unloading class 0x0000000802389800 'jdk/internal/reflect/GeneratedSerializationConstructorAccessor51'
Event: 11.475 Thread 0x000001cb7c9c87d0 Unloading class 0x0000000802389400 'jdk/internal/reflect/GeneratedSerializationConstructorAccessor48'
Event: 11.475 Thread 0x000001cb7c9c87d0 Unloading class 0x0000000802388c00 'jdk/internal/reflect/GeneratedSerializationConstructorAccessor49'
Event: 11.475 Thread 0x000001cb7c9c87d0 Unloading class 0x0000000802388400 'jdk/internal/reflect/GeneratedSerializationConstructorAccessor43'
Event: 11.475 Thread 0x000001cb7c9c87d0 Unloading class 0x0000000802388000 'jdk/internal/reflect/GeneratedSerializationConstructorAccessor38'
Event: 11.475 Thread 0x000001cb7c9c87d0 Unloading class 0x0000000802383800 'jdk/internal/reflect/GeneratedSerializationConstructorAccessor42'
Event: 11.475 Thread 0x000001cb7c9c87d0 Unloading class 0x0000000802383400 'jdk/internal/reflect/GeneratedSerializationConstructorAccessor46'
Event: 11.475 Thread 0x000001cb7c9c87d0 Unloading class 0x0000000802382800 'jdk/internal/reflect/GeneratedSerializationConstructorAccessor41'
Event: 11.475 Thread 0x000001cb7c9c87d0 Unloading class 0x0000000802383000 'jdk/internal/reflect/GeneratedSerializationConstructorAccessor39'
Event: 11.475 Thread 0x000001cb7c9c87d0 Unloading class 0x0000000802382000 'jdk/internal/reflect/GeneratedSerializationConstructorAccessor44'
Event: 11.475 Thread 0x000001cb7c9c87d0 Unloading class 0x0000000802382c00 'jdk/internal/reflect/GeneratedSerializationConstructorAccessor45'

Classes redefined (4 events):
Event: 0.295 Thread 0x000001cb7c9c87d0 redefined class name=java.math.BigInteger, count=1
Event: 0.303 Thread 0x000001cb7c9c87d0 redefined class name=java.net.InetAddress, count=1
Event: 0.307 Thread 0x000001cb7c9c87d0 redefined class name=sun.management.VMManagementImpl, count=1
Event: 0.324 Thread 0x000001cb7c9c87d0 redefined class name=java.lang.Class, count=1

Internal exceptions (20 events):
Event: 61.674 Thread 0x000001cb531d22a0 Exception <a 'sun/nio/fs/WindowsException'{0x000000072b076b10}> (0x000000072b076b10) 
thrown [s\src\hotspot\share\prims\jni.cpp, line 535]
Event: 61.674 Thread 0x000001cb531d22a0 Exception <a 'sun/nio/fs/WindowsException'{0x000000072b077870}> (0x000000072b077870) 
thrown [s\src\hotspot\share\prims\jni.cpp, line 535]
Event: 61.674 Thread 0x000001cb531d22a0 Exception <a 'sun/nio/fs/WindowsException'{0x000000072b0781a0}> (0x000000072b0781a0) 
thrown [s\src\hotspot\share\prims\jni.cpp, line 535]
Event: 61.674 Thread 0x000001cb531d22a0 Exception <a 'sun/nio/fs/WindowsException'{0x000000072b07a378}> (0x000000072b07a378) 
thrown [s\src\hotspot\share\prims\jni.cpp, line 535]
Event: 61.675 Thread 0x000001cb531d22a0 Exception <a 'sun/nio/fs/WindowsException'{0x000000072b07b160}> (0x000000072b07b160) 
thrown [s\src\hotspot\share\prims\jni.cpp, line 535]
Event: 61.675 Thread 0x000001cb531d22a0 Exception <a 'sun/nio/fs/WindowsException'{0x000000072b080200}> (0x000000072b080200) 
thrown [s\src\hotspot\share\prims\jni.cpp, line 535]
Event: 61.675 Thread 0x000001cb531d22a0 Exception <a 'sun/nio/fs/WindowsException'{0x000000072b080ad8}> (0x000000072b080ad8) 
thrown [s\src\hotspot\share\prims\jni.cpp, line 535]
Event: 61.675 Thread 0x000001cb531d22a0 Exception <a 'sun/nio/fs/WindowsException'{0x000000072b081ab0}> (0x000000072b081ab0) 
thrown [s\src\hotspot\share\prims\jni.cpp, line 535]
Event: 61.675 Thread 0x000001cb531d22a0 Exception <a 'sun/nio/fs/WindowsException'{0x000000072b0823c0}> (0x000000072b0823c0) 
thrown [s\src\hotspot\share\prims\jni.cpp, line 535]
Event: 61.675 Thread 0x000001cb531d22a0 Exception <a 'sun/nio/fs/WindowsException'{0x000000072b084158}> (0x000000072b084158) 
thrown [s\src\hotspot\share\prims\jni.cpp, line 535]
Event: 61.675 Thread 0x000001cb531d22a0 Exception <a 'sun/nio/fs/WindowsException'{0x000000072b084ed0}> (0x000000072b084ed0) 
thrown [s\src\hotspot\share\prims\jni.cpp, line 535]
Event: 61.675 Thread 0x000001cb531d22a0 Exception <a 'sun/nio/fs/WindowsException'{0x000000072b089c60}> (0x000000072b089c60) 
thrown [s\src\hotspot\share\prims\jni.cpp, line 535]
Event: 61.675 Thread 0x000001cb531d22a0 Exception <a 'sun/nio/fs/WindowsException'{0x000000072b08a560}> (0x000000072b08a560) 
thrown [s\src\hotspot\share\prims\jni.cpp, line 535]
Event: 61.675 Thread 0x000001cb531d22a0 Exception <a 'sun/nio/fs/WindowsException'{0x000000072b08b288}> (0x000000072b08b288) 
thrown [s\src\hotspot\share\prims\jni.cpp, line 535]
Event: 61.675 Thread 0x000001cb531d22a0 Exception <a 'sun/nio/fs/WindowsException'{0x000000072b08bbc0}> (0x000000072b08bbc0) 
thrown [s\src\hotspot\share\prims\jni.cpp, line 535]
Event: 61.675 Thread 0x000001cb531d22a0 Exception <a 'sun/nio/fs/WindowsException'{0x000000072b08daf8}> (0x000000072b08daf8) 
thrown [s\src\hotspot\share\prims\jni.cpp, line 535]
Event: 61.675 Thread 0x000001cb531d22a0 Exception <a 'sun/nio/fs/WindowsException'{0x000000072b08e830}> (0x000000072b08e830) 
thrown [s\src\hotspot\share\prims\jni.cpp, line 535]
Event: 61.675 Thread 0x000001cb531d22a0 Exception <a 'sun/nio/fs/WindowsException'{0x000000072b093030}> (0x000000072b093030) 
thrown [s\src\hotspot\share\prims\jni.cpp, line 535]
Event: 61.675 Thread 0x000001cb531d22a0 Exception <a 'sun/nio/fs/WindowsException'{0x000000072b093d68}> (0x000000072b093d68) 
thrown [s\src\hotspot\share\prims\jni.cpp, line 535]
Event: 61.676 Thread 0x000001cb531d22a0 Exception <a 'sun/nio/fs/WindowsException'{0x000000072b09f078}> (0x000000072b09f078) 
thrown [s\src\hotspot\share\prims\jni.cpp, line 535]

ZGC Phase Switch (0 events):
No events

VM Operations (20 events):
Event: 56.921 Executing VM operation: ICBufferFull
Event: 56.921 Executing VM operation: ICBufferFull done
Event: 57.286 Executing VM operation: ICBufferFull
Event: 57.286 Executing VM operation: ICBufferFull done
Event: 57.286 Executing VM operation: ICBufferFull
Event: 57.287 Executing VM operation: ICBufferFull done
Event: 58.287 Executing VM operation: Cleanup
Event: 58.287 Executing VM operation: Cleanup done
Event: 59.293 Executing VM operation: Cleanup
Event: 59.293 Executing VM operation: Cleanup done
Event: 60.211 Executing VM operation: HandshakeAllThreads (HandshakeForDeflation)
Event: 60.211 Executing VM operation: HandshakeAllThreads (HandshakeForDeflation) done
Event: 60.211 Executing VM operation: RendezvousGCThreads
Event: 60.211 Executing VM operation: RendezvousGCThreads done
Event: 60.815 Executing VM operation: ICBufferFull
Event: 60.815 Executing VM operation: ICBufferFull done
Event: 60.850 Executing VM operation: ICBufferFull
Event: 60.850 Executing VM operation: ICBufferFull done
Event: 61.677 Executing VM operation: ICBufferFull
Event: 61.677 Executing VM operation: ICBufferFull done

Memory protections (0 events):
No events

Nmethod flushes (20 events):
Event: 11.489 Thread 0x000001cb7c9c87d0 flushing  nmethod 0x000001cb02772590
Event: 11.489 Thread 0x000001cb7c9c87d0 flushing  nmethod 0x000001cb000c3e10
Event: 11.489 Thread 0x000001cb7c9c87d0 flushing  nmethod 0x000001cb00318990
Event: 11.489 Thread 0x000001cb7c9c87d0 flushing  nmethod 0x000001cb00e71090
Event: 11.489 Thread 0x000001cb7c9c87d0 flushing  nmethod 0x000001cb00ed9090
Event: 11.489 Thread 0x000001cb7c9c87d0 flushing  nmethod 0x000001cb012f0090
Event: 11.489 Thread 0x000001cb7c9c87d0 flushing  nmethod 0x000001cb012f0c10
Event: 11.489 Thread 0x000001cb7c9c87d0 flushing  nmethod 0x000001cb10949510
Event: 11.489 Thread 0x000001cb7c9c87d0 flushing  nmethod 0x000001cb0002ad90
Event: 11.489 Thread 0x000001cb7c9c87d0 flushing  nmethod 0x000001cb00afd990
Event: 11.489 Thread 0x000001cb7c9c87d0 flushing  nmethod 0x000001cb02764490
Event: 11.489 Thread 0x000001cb7c9c87d0 flushing  nmethod 0x000001cb02764810
Event: 11.489 Thread 0x000001cb7c9c87d0 flushing  nmethod 0x000001cb109a0010
Event: 11.489 Thread 0x000001cb7c9c87d0 flushing  nmethod 0x000001cb01a96a10
Event: 11.489 Thread 0x000001cb7c9c87d0 flushing  nmethod 0x000001cb10715790
Event: 11.489 Thread 0x000001cb7c9c87d0 flushing  nmethod 0x000001cb00333290
Event: 11.489 Thread 0x000001cb7c9c87d0 flushing  nmethod 0x000001cb00b57790
Event: 11.489 Thread 0x000001cb7c9c87d0 flushing  nmethod 0x000001cb00b58090
Event: 11.489 Thread 0x000001cb7c9c87d0 flushing  nmethod 0x000001cb018a8e10
Event: 11.489 Thread 0x000001cb7c9c87d0 flushing  nmethod 0x000001cb02704d90

Events (20 events):
Event: 13.371 Thread 0x000001cb531d22a0 Thread added: 0x000001cc3474e9b0
Event: 13.372 Thread 0x000001cb531d22a0 Thread added: 0x000001cc34747a20
Event: 13.372 Thread 0x000001cb531d22a0 Thread added: 0x000001cc3474f040
Event: 13.372 Thread 0x000001cb531d22a0 Thread added: 0x000001cc347480b0
Event: 13.372 Thread 0x000001cb531d22a0 Thread added: 0x000001cc3474f6d0
Event: 14.721 Thread 0x000001cb4b794f30 Thread added: 0x000001cc347652a0
Event: 14.724 Thread 0x000001cc347652a0 Thread added: 0x000001cc34768720
Event: 17.285 Thread 0x000001cb4b794f30 Thread added: 0x000001cc34766650
Event: 17.437 Thread 0x000001cc2ed945f0 Thread exited: 0x000001cc2ed945f0
Event: 17.624 Thread 0x000001cc1a8ba690 Thread exited: 0x000001cc1a8ba690
Event: 38.488 Thread 0x000001cc2ed859b0 Thread added: 0x000001cc34759450
Event: 38.488 Thread 0x000001cc34759450 Thread exited: 0x000001cc34759450
Event: 38.730 Thread 0x000001cc2ed859b0 Thread added: 0x000001cc347580a0
Event: 38.903 Thread 0x000001cc2ed859b0 Thread added: 0x000001cc3475f6c0
Event: 38.903 Thread 0x000001cc3475f6c0 Thread exited: 0x000001cc3475f6c0
Event: 38.972 Thread 0x000001cc2ed859b0 Thread added: 0x000001cc3475fd50
Event: 38.972 Thread 0x000001cc3475fd50 Thread exited: 0x000001cc3475fd50
Event: 39.254 Thread 0x000001cc2ed859b0 Thread added: 0x000001cc3475f6c0
Event: 39.254 Thread 0x000001cc3475f6c0 Thread exited: 0x000001cc3475f6c0
Event: 53.800 Thread 0x000001cc347580a0 Thread exited: 0x000001cc347580a0


Dynamic libraries:
0x00007ff70bae0000 - 0x00007ff70bc4f000 	C:\Program Files\JetBrains\JetBrains Rider 2024.2.7\bin\rider64.exe
0x00007ffd87f10000 - 0x00007ffd88127000 	C:\WINDOWS\SYSTEM32\ntdll.dll
0x00007ffd869c0000 - 0x00007ffd86a84000 	C:\WINDOWS\System32\KERNEL32.DLL
0x00007ffd85390000 - 0x00007ffd8573d000 	C:\WINDOWS\System32\KERNELBASE.dll
0x00007ffd877d0000 - 0x00007ffd87882000 	C:\WINDOWS\System32\ADVAPI32.dll
0x00007ffd85c50000 - 0x00007ffd85cf7000 	C:\WINDOWS\System32\msvcrt.dll
0x00007ffd87890000 - 0x00007ffd87939000 	C:\WINDOWS\System32\sechost.dll
0x00007ffd85b00000 - 0x00007ffd85b28000 	C:\WINDOWS\System32\bcrypt.dll
0x00007ffd85d00000 - 0x00007ffd85e14000 	C:\WINDOWS\System32\RPCRT4.dll
0x00007ffd87970000 - 0x00007ffd87a47000 	C:\WINDOWS\System32\OLEAUT32.dll
0x00007ffd85b30000 - 0x00007ffd85bca000 	C:\WINDOWS\System32\msvcp_win.dll
0x00007ffd857b0000 - 0x00007ffd858c1000 	C:\WINDOWS\System32\ucrtbase.dll
0x00007ffd86630000 - 0x00007ffd869b8000 	C:\WINDOWS\System32\combase.dll
0x00007ffd7ba60000 - 0x00007ffd7bc92000 	C:\WINDOWS\SYSTEM32\dbghelp.dll
0x00007ffd86af0000 - 0x00007ffd8734f000 	C:\WINDOWS\System32\SHELL32.dll
0x00007ffd85eb0000 - 0x00007ffd8605e000 	C:\WINDOWS\System32\USER32.dll
0x00007ffd85360000 - 0x00007ffd85386000 	C:\WINDOWS\System32\win32u.dll
0x00007ffd86450000 - 0x00007ffd86479000 	C:\WINDOWS\System32\GDI32.dll
0x00007ffd85240000 - 0x00007ffd85359000 	C:\WINDOWS\System32\gdi32full.dll
0x00007ffd848d0000 - 0x00007ffd848f8000 	C:\WINDOWS\SYSTEM32\USERENV.dll
0x00007ffd7c490000 - 0x00007ffd7c4c4000 	C:\WINDOWS\SYSTEM32\WINMM.dll
0x00007ffd84a50000 - 0x00007ffd84a5c000 	C:\WINDOWS\SYSTEM32\CRYPTBASE.DLL
0x00007ffd87570000 - 0x00007ffd875a1000 	C:\WINDOWS\System32\IMM32.DLL
0x00007ffd831a0000 - 0x00007ffd83a9c000 	C:\WINDOWS\SYSTEM32\windows.storage.dll
0x00007ffd83060000 - 0x00007ffd8319f000 	C:\WINDOWS\SYSTEM32\wintypes.dll
0x00007ffd876d0000 - 0x00007ffd877c4000 	C:\WINDOWS\System32\SHCORE.dll
0x00007ffd87670000 - 0x00007ffd876ce000 	C:\WINDOWS\System32\shlwapi.dll
0x00007ffd85170000 - 0x00007ffd85191000 	C:\WINDOWS\SYSTEM32\profapi.dll
0x00007ffd84380000 - 0x00007ffd843b4000 	C:\WINDOWS\SYSTEM32\ntmarta.dll
0x00007ffd418f0000 - 0x00007ffd426a7000 	C:\Program Files\JetBrains\JetBrains Rider 2024.2.7\jbr\bin\server\jvm.dll
0x00007ffd861d0000 - 0x00007ffd86241000 	C:\WINDOWS\System32\WS2_32.dll
0x00007ffd840d0000 - 0x00007ffd8411d000 	C:\WINDOWS\SYSTEM32\POWRPROF.dll
0x00007ffd824b0000 - 0x00007ffd824cb000 	C:\Program Files\JetBrains\JetBrains Rider 2024.2.7\jbr\bin\VCRUNTIME140.dll
0x00007ffd7ffd0000 - 0x00007ffd7ffda000 	C:\WINDOWS\SYSTEM32\VERSION.dll
0x00007ffd824a0000 - 0x00007ffd824ac000 	C:\Program Files\JetBrains\JetBrains Rider 2024.2.7\jbr\bin\VCRUNTIME140_1.dll
0x00007ffd840b0000 - 0x00007ffd840c3000 	C:\WINDOWS\SYSTEM32\UMPDC.dll
0x00007ffd82490000 - 0x00007ffd8249a000 	C:\Program Files\JetBrains\JetBrains Rider 2024.2.7\jbr\bin\jimage.dll
0x00007ffd5f640000 - 0x00007ffd5f672000 	C:\WINDOWS\SYSTEM32\dbgcore.DLL
0x00007ffd85bd0000 - 0x00007ffd85c4b000 	C:\WINDOWS\System32\bcryptPrimitives.dll
0x00007ffd80220000 - 0x00007ffd8022e000 	C:\Program Files\JetBrains\JetBrains Rider 2024.2.7\jbr\bin\instrument.dll
0x00007ffd80150000 - 0x00007ffd8016f000 	C:\Program Files\JetBrains\JetBrains Rider 2024.2.7\jbr\bin\java.dll
0x00007ffd80130000 - 0x00007ffd80148000 	C:\Program Files\JetBrains\JetBrains Rider 2024.2.7\jbr\bin\jli.dll
0x00007ffd717c0000 - 0x00007ffd71873000 	C:\WINDOWS\WinSxS\amd64_microsoft.windows.common-controls_6595b64144ccf1df_5.82.22621.3527_none_b43b7f4b638cc64f\COMCTL32.dll
0x00007ffd84360000 - 0x00007ffd84378000 	C:\WINDOWS\SYSTEM32\kernel.appcore.dll
0x00007ffd80110000 - 0x00007ffd80128000 	C:\Program Files\JetBrains\JetBrains Rider 2024.2.7\jbr\bin\zip.dll
0x00007ffd80050000 - 0x00007ffd80060000 	C:\Program Files\JetBrains\JetBrains Rider 2024.2.7\jbr\bin\net.dll
0x00007ffd81f20000 - 0x00007ffd82056000 	C:\WINDOWS\SYSTEM32\WINHTTP.dll
0x00007ffd847d0000 - 0x00007ffd84839000 	C:\WINDOWS\system32\mswsock.dll
0x00007ffd80030000 - 0x00007ffd80046000 	C:\Program Files\JetBrains\JetBrains Rider 2024.2.7\jbr\bin\nio.dll
0x00007ffd7f4a0000 - 0x00007ffd7f4a9000 	C:\Program Files\JetBrains\JetBrains Rider 2024.2.7\jbr\bin\management.dll
0x00007ffd7f490000 - 0x00007ffd7f49b000 	C:\Program Files\JetBrains\JetBrains Rider 2024.2.7\jbr\bin\management_ext.dll
0x00007ffd87960000 - 0x00007ffd87968000 	C:\WINDOWS\System32\PSAPI.DLL
0x00007ffd4fb60000 - 0x00007ffd4fb77000 	C:\WINDOWS\system32\napinsp.dll
0x00007ffd4e6e0000 - 0x00007ffd4e6fb000 	C:\WINDOWS\system32\pnrpnsp.dll
0x00007ffd83de0000 - 0x00007ffd83ed8000 	C:\WINDOWS\SYSTEM32\DNSAPI.dll
0x00007ffd83db0000 - 0x00007ffd83ddd000 	C:\WINDOWS\SYSTEM32\IPHLPAPI.DLL
0x00007ffd875b0000 - 0x00007ffd875b9000 	C:\WINDOWS\System32\NSI.dll
0x00007ffd48fd0000 - 0x00007ffd48fe1000 	C:\WINDOWS\System32\winrnr.dll
0x00007ffd48fa0000 - 0x00007ffd48fc7000 	C:\WINDOWS\system32\nlansp_c.dll
0x00007ffd66d30000 - 0x00007ffd66d45000 	C:\WINDOWS\system32\wshbth.dll
0x00007ffd79630000 - 0x00007ffd7963a000 	C:\Windows\System32\rasadhlp.dll
0x00007ffd80690000 - 0x00007ffd80713000 	C:\WINDOWS\System32\fwpuclnt.dll
0x00007ffd7f350000 - 0x00007ffd7f360000 	C:\Program Files\JetBrains\JetBrains Rider 2024.2.7\jbr\bin\verify.dll
0x00007ffd71920000 - 0x00007ffd71ab8000 	C:\Program Files\JetBrains\JetBrains Rider 2024.2.7\jbr\bin\awt.dll
0x00007ffd82950000 - 0x00007ffd8297b000 	C:\WINDOWS\SYSTEM32\dwmapi.dll
0x00007ffd78c80000 - 0x00007ffd78cc4000 	C:\Program Files\JetBrains\JetBrains Rider 2024.2.7\jbr\bin\nvdaControllerClient64.dll
0x00007ffd78cd0000 - 0x00007ffd78d5d000 	C:\Program Files\JetBrains\JetBrains Rider 2024.2.7\bin\MSVCP140.dll
0x00007ffd81c20000 - 0x00007ffd81cb7000 	C:\WINDOWS\SYSTEM32\apphelp.dll
0x00007ffd79850000 - 0x00007ffd7985e000 	C:\Program Files\JetBrains\JetBrains Rider 2024.2.7\jbr\bin\sunmscapi.dll
0x00007ffd85990000 - 0x00007ffd85af7000 	C:\WINDOWS\System32\CRYPT32.dll
0x00007ffd84bd0000 - 0x00007ffd84bfe000 	C:\WINDOWS\SYSTEM32\ncrypt.dll
0x00007ffd84b90000 - 0x00007ffd84bc7000 	C:\WINDOWS\SYSTEM32\NTASN1.dll
0x00007ffd78c70000 - 0x00007ffd78c79000 	C:\Program Files\JetBrains\JetBrains Rider 2024.2.7\jbr\bin\prefs.dll
0x00007ffd826d0000 - 0x00007ffd8277f000 	C:\WINDOWS\system32\uxtheme.dll
0x00007ffd862f0000 - 0x00007ffd86443000 	C:\WINDOWS\System32\MSCTF.dll
0x00007ffd86480000 - 0x00007ffd86625000 	C:\WINDOWS\System32\ole32.dll
0x00007ffd49520000 - 0x00007ffd49528000 	C:\WINDOWS\system32\wshunix.dll
0x00007ffd78c60000 - 0x00007ffd78c69000 	C:\Program Files\JetBrains\JetBrains Rider 2024.2.7\jbr\bin\extnet.dll
0x00007ffd78c10000 - 0x00007ffd78c59000 	C:\Program Files\JetBrains\JetBrains Rider 2024.2.7\jbr\bin\javaaccessbridge.dll
0x00007ffd78c00000 - 0x00007ffd78c07000 	C:\Program Files\JetBrains\JetBrains Rider 2024.2.7\jbr\bin\jawt.dll
0x00007ffd78b80000 - 0x00007ffd78bc5000 	C:\Program Files\JetBrains\JetBrains Rider 2024.2.7\lib\jna\amd64\jnidispatch.dll
0x00007ffd72080000 - 0x00007ffd72313000 	C:\WINDOWS\WinSxS\amd64_microsoft.windows.common-controls_6595b64144ccf1df_6.0.22621.3672_none_2713b9d173822955\comctl32.DLL
0x00007ffd78af0000 - 0x00007ffd78b77000 	C:\Program Files\JetBrains\JetBrains Rider 2024.2.7\jbr\bin\freetype.dll
0x00007ffd60a40000 - 0x00007ffd60b25000 	C:\Program Files\JetBrains\JetBrains Rider 2024.2.7\jbr\bin\fontmanager.dll
0x00007ffd15e20000 - 0x00007ffd15f20000 	C:\WINDOWS\system32\opengl32.dll
0x00007ffd15df0000 - 0x00007ffd15e1d000 	C:\WINDOWS\SYSTEM32\GLU32.dll
0x00007ffd829c0000 - 0x00007ffd829f9000 	C:\WINDOWS\SYSTEM32\dxcore.dll
0x00007ffd84a30000 - 0x00007ffd84a4b000 	C:\WINDOWS\SYSTEM32\CRYPTSP.dll
0x00007ffd842c0000 - 0x00007ffd842f5000 	C:\WINDOWS\system32\rsaenh.dll
0x00007ffd84ed0000 - 0x00007ffd84ee2000 	C:\WINDOWS\SYSTEM32\MSASN1.dll
0x00007ffd81e60000 - 0x00007ffd81e79000 	C:\WINDOWS\SYSTEM32\dhcpcsvc6.DLL
0x00007ffd72320000 - 0x00007ffd724d9000 	C:\WINDOWS\WinSxS\amd64_microsoft.windows.gdiplus_6595b64144ccf1df_1.1.22621.3810_none_57f8d842ce19d879\gdiplus.dll
0x00007ffd81e40000 - 0x00007ffd81e5f000 	C:\WINDOWS\SYSTEM32\dhcpcsvc.DLL
0x00007ffd77f50000 - 0x00007ffd7809e000 	C:\WINDOWS\SYSTEM32\textinputframework.dll
0x00007ffd818f0000 - 0x00007ffd81a23000 	C:\WINDOWS\SYSTEM32\CoreMessaging.dll
0x00007ffd7e180000 - 0x00007ffd7e4ed000 	C:\WINDOWS\SYSTEM32\CoreUIComponents.dll
0x00007ffd875c0000 - 0x00007ffd87670000 	C:\WINDOWS\System32\clbcatq.dll
0x00007ffd824e0000 - 0x00007ffd82690000 	C:\WINDOWS\SYSTEM32\WindowsCodecs.dll
0x00007ffd64a10000 - 0x00007ffd64a6e000 	C:\WINDOWS\system32\dataexchange.dll
0x00007ffd7b6b0000 - 0x00007ffd7b93a000 	C:\WINDOWS\system32\twinapi.appcore.dll
0x00007ffd43420000 - 0x00007ffd43458000 	C:\Program Files\JetBrains\JetBrains Rider 2024.2.7\bin\WinShellIntegrationBridge.dll
0x00007ffd669b0000 - 0x00007ffd66a4f000 	C:\Windows\System32\appresolver.dll
0x00007ffd7f9f0000 - 0x00007ffd7faf0000 	C:\WINDOWS\system32\propsys.dll
0x00007ffd74460000 - 0x00007ffd744c0000 	C:\Windows\System32\Bcp47Langs.dll
0x00007ffd86270000 - 0x00007ffd862ed000 	C:\WINDOWS\System32\coml2.dll
0x00007ffcf63e0000 - 0x00007ffcf6595000 	C:\Windows\System32\TaskFlowDataEngine.dll
0x00007ffd79110000 - 0x00007ffd791be000 	C:\Windows\System32\OneCoreCommonProxyStub.dll
0x00007ffd84f20000 - 0x00007ffd84f6e000 	C:\WINDOWS\SYSTEM32\CFGMGR32.dll
0x00007ffd66840000 - 0x00007ffd668f5000 	C:\Windows\System32\Windows.FileExplorer.Common.dll
0x00007ffd60920000 - 0x00007ffd6092d000 	C:\WINDOWS\SYSTEM32\LINKINFO.dll
0x00007ffd62b50000 - 0x00007ffd62beb000 	C:\WINDOWS\SYSTEM32\ntshrui.dll
0x00007ffd845c0000 - 0x00007ffd84603000 	C:\WINDOWS\SYSTEM32\SspiCli.dll
0x00007ffd798b0000 - 0x00007ffd798d8000 	C:\WINDOWS\SYSTEM32\srvcli.dll
0x00007ffd79830000 - 0x00007ffd79842000 	C:\WINDOWS\SYSTEM32\cscapi.dll
0x00007ffd7ff20000 - 0x00007ffd7ffc5000 	C:\WINDOWS\SYSTEM32\policymanager.dll
0x00007ffd7fc70000 - 0x00007ffd7fd03000 	C:\WINDOWS\SYSTEM32\msvcp110_win.dll
0x00007ffd84f90000 - 0x00007ffd84f9a000 	C:\WINDOWS\SYSTEM32\DPAPI.dll
0x00007ffd7ec20000 - 0x00007ffd7ec30000 	C:\WINDOWS\system32\wbem\wbemprox.dll
0x00007ffd79d90000 - 0x00007ffd79e10000 	C:\WINDOWS\SYSTEM32\wbemcomn.dll
0x00007ffd77270000 - 0x00007ffd77284000 	C:\WINDOWS\system32\wbem\wbemsvc.dll
0x00007ffd76b50000 - 0x00007ffd76c48000 	C:\WINDOWS\system32\wbem\fastprox.dll
0x00007ffd72570000 - 0x00007ffd7258d000 	C:\WINDOWS\SYSTEM32\amsi.dll
0x00007ffd724e0000 - 0x00007ffd72561000 	C:\ProgramData\Microsoft\Windows Defender\Platform\4.18.24080.9-0\MpOav.dll
0x00007ffd5b720000 - 0x00007ffd5bb64000 	C:\Windows\System32\uiautomationcore.dll
0x00007ffd71f60000 - 0x00007ffd71fc9000 	C:\Windows\System32\OLEACC.dll

dbghelp: loaded successfully - version: 4.0.5 - missing functions: none
symbol engine: initialized successfully - sym options: 0x614 - pdb path: .;C:\Program Files\JetBrains\JetBrains Rider 2024.2.7\bin;C:\WINDOWS\SYSTEM32;C:\Program Files\JetBrains\JetBrains Rider 2024.2.7\jbr\bin\server;C:\Program Files\JetBrains\JetBrains Rider 2024.2.7\jbr\bin;C:\WINDOWS\WinSxS\amd64_microsoft.windows.common-controls_6595b64144ccf1df_5.82.22621.3527_none_b43b7f4b638cc64f;C:\Program Files\JetBrains\JetBrains Rider 2024.2.7\lib\jna\amd64;C:\WINDOWS\WinSxS\amd64_microsoft.windows.common-controls_6595b64144ccf1df_6.0.22621.3672_none_2713b9d173822955;C:\WINDOWS\WinSxS\amd64_microsoft.windows.gdiplus_6595b64144ccf1df_1.1.22621.3810_none_57f8d842ce19d879;C:\WINDOWS\system32\wbem;C:\ProgramData\Microsoft\Windows Defender\Platform\4.18.24080.9-0

VM Arguments:
jvm_args: abort vfprintf -XX:ErrorFile=C:\Users\HLC_2021\java_error_in_rider_%p.log -XX:HeapDumpPath=C:\Users\HLC_2021\java_error_in_rider.hprof -Xms128m -Xmx2048m -XX:+HeapDumpOnOutOfMemoryError -XX:-OmitStackTraceInFastThrow -XX:+IgnoreUnrecognizedVMOptions -ea -Dsun.io.useCanonCaches=false -Dsun.java2d.metal=true -Djbr.catch.SIGABRT=true -Djdk.http.auth.tunneling.disabledSchemes="" -Djdk.attach.allowAttachSelf=true -Djdk.module.illegalAccess.silent=true -Dkotlinx.coroutines.debug=off -XX:CICompilerCount=2 -XX:ReservedCodeCacheSize=512m -XX:+UnlockDiagnosticVMOptions -XX:TieredOldPercentage=100000 -Xms128m -Xmx4075m -XX:ReservedCodeCacheSize=512m -XX:+IgnoreUnrecognizedVMOptions -XX:+UseG1GC -XX:SoftRefLRUPolicyMSPerMB=50 -XX:CICompilerCount=2 -XX:+HeapDumpOnOutOfMemoryError -XX:-OmitStackTraceInFastThrow -ea -Dsun.io.useCanonCaches=false -Djdk.http.auth.tunneling.disabledSchemes="" -Djdk.attach.allowAttachSelf=true -Djdk.module.illegalAccess.silent=true -Dkotlinx.coroutines.debug=off -XX:ErrorFile=$USER_HOME/java_error_in_idea_%p.log -XX:HeapDumpPath=$USER_HOME/java_error_in_idea.hprof --add-opens=java.base/jdk.internal.org.objectweb.asm=ALL-UNNAMED --add-opens=java.base/jdk.internal.org.objectweb.asm.tree=ALL-UNNAMED -javaagent:C:\Users\HLC_2021\Downloads\jetbra-ded4f9dc4fcb60294b21669dafa90330f2713ce4 (1)\jetbra\ja-netfilter.jar=jetbrains -Djb.vmOptionsFile=C:\Users\HLC_2021\Downloads\jetbra-ded4f9dc4fcb60294b21669dafa90330f2713ce4 (1)\jetbra\vmoptions\rider.vmoptions -Djava.system.class.loader=com.intellij.util.lang.PathClassLoader -Didea.vendor.name=JetBrains -Didea.paths.selector=Rider2024.2 -Djna.boot.library.path=C:\Program Files\JetBrains\JetBrains Rider 2024.2.7/lib/jna/amd64 -Dpty4j.preferred.native.folder=C:\Program Files\JetBrains\JetBrains Rider 2024.2.7/lib/pty4j -Djna.nosys=true -Djna.noclasspath=true -Dintellij.platform.runtime.repository.path=C:\Program Files\JetBrains\JetBrains Rider 2024.2.7/modules/module-descriptors.jar -Didea.platform.prefix=Rider -Dide.native.launcher=true -Didea.class.before.app=com.jetbrains.rider.protocol.EarlyBackendStarter -Didea.show.customize.ide.wizard=true -DFilePageCache.THROW_ERROR_ON_DUPLICATE_STORAGE_REGISTRATION=false -Dsplash=true -Daether.connector.resumeDownloads=false --add-opens=java.base/java.io=ALL-UNNAMED --add-opens=java.base/java.lang=ALL-UNNAMED --add-opens=java.base/java.lang.ref=ALL-UNNAMED --add-opens=java.base/java.lang.reflect=ALL-UNNAMED --add-opens=java.base/java.net=ALL-UNNAMED --add-opens=java.base/java.nio=ALL-UNNAMED --add-opens=java.base/java.nio.charset=ALL-UNNAMED --add-opens=java.base/java.text=ALL-UNNAMED --add-opens=java.base/java.time=ALL-UNNAMED --add-opens=java.base/java.util=ALL-UNNAMED --add-opens=java.base/java.util.concurrent=ALL-UNNAMED --add-opens=java.base/java.util.concurrent.atomic=ALL-UNNAMED --add-opens=java.base/java.util.concurrent.locks=ALL-UNNAMED --add-opens=java.base/jdk.internal.vm=ALL-UNNAMED --add-opens=java.base/sun.net.dns=ALL-UNNAMED --add-opens=java.base/sun.nio.ch=ALL-UNNAMED --add-opens=java.base/sun.nio.fs=ALL-UNNAMED --add-opens=java.base/sun.security.ssl=ALL-UNNAMED --add-opens=java.base/sun.security.util=ALL-UNNAMED --add-opens=java.desktop/com.sun.java.swing=ALL-UNNAMED --add-opens=java.desktop/java.awt=ALL-UNNAMED --add-opens=java.desktop/java.awt.dnd.peer=ALL-UNNAMED --add-opens=java.desktop/java.awt.event=ALL-UNNAMED --add-opens=java.desktop/java.awt.font=ALL-UNNAMED --add-opens=java.desktop/java.awt.image=ALL-UNNAMED --add-opens=java.desktop/java.awt.peer=ALL-UNNAMED --add-opens=java.desktop/javax.swing=ALL-UNNAMED --add-opens=java.desktop/javax.swing.plaf.basic=ALL-UNNAMED --add-opens=java.desktop/javax.swing.text=ALL-UNNAMED --add-opens=java.desktop/javax.swing.text.html=ALL-UNNAMED --add-opens=java.desktop/sun.awt=ALL-UNNAMED --add-opens=java.desktop/sun.awt.datatransfer=ALL-UNNAMED --add-opens=java.desktop/sun.awt.image=ALL-UNNAMED --add-opens=java.desktop/sun.awt.windows=ALL-UNNAMED --add-opens=java.desktop/sun.font=ALL-UNNAMED --add-opens=java.desktop/sun.java2d=ALL-UNNAMED --add-opens=java.desktop/sun.swing=ALL-UNNAMED --add-opens=java.management/sun.management=ALL-UNNAMED --add-opens=jdk.attach/sun.tools.attach=ALL-UNNAMED --add-opens=jdk.compiler/com.sun.tools.javac.api=ALL-UNNAMED --add-opens=jdk.internal.jvmstat/sun.jvmstat.monitor=ALL-UNNAMED --add-opens=jdk.jdi/com.sun.tools.jdi=ALL-UNNAMED -Dide.native.launcher=true -Djcef.sandbox.ptr=000001CB6D831FE0 -Djcef.sandbox.cefVersion=122.1.9+gd14e051+chromium-122.0.6261.94 
java_command: com.intellij.idea.Main E:\Project\SD Playable Ads\SD Playable Ads.sln --line -1 --column -1 E:\Project\SD Playable Ads\Assets\Script\WeaponViewController.cs
java_class_path (initial): C:\Program Files\JetBrains\JetBrains Rider 2024.2.7\lib\platform-loader.jar;C:\Program Files\JetBrains\JetBrains Rider 2024.2.7\lib\util-8.jar;C:\Program Files\JetBrains\JetBrains Rider 2024.2.7\lib\util.jar;C:\Program Files\JetBrains\JetBrains Rider 2024.2.7\lib\app-client.jar;C:\Program Files\JetBrains\JetBrains Rider 2024.2.7\lib\util_rt.jar;C:\Program Files\JetBrains\JetBrains Rider 2024.2.7\lib\product.jar;C:\Program Files\JetBrains\JetBrains Rider 2024.2.7\lib\opentelemetry.jar;C:\Program Files\JetBrains\JetBrains Rider 2024.2.7\lib\app.jar;C:\Program Files\JetBrains\JetBrains Rider 2024.2.7\lib\product-client.jar;C:\Program Files\JetBrains\JetBrains Rider 2024.2.7\lib\lib-client.jar;C:\Program Files\JetBrains\JetBrains Rider 2024.2.7\lib\stats.jar;C:\Program Files\JetBrains\JetBrains Rider 2024.2.7\lib\jps-model.jar;C:\Program Files\JetBrains\JetBrains Rider 2024.2.7\lib\external-system-rt.jar;C:\Program Files\JetBrains\JetBrains Rider 2024.2.7\lib\rd.jar;C:\Program Files\JetBrains\JetBrains Rider 2024.2.7\lib\bouncy-castle.jar;C:\Program Files\JetBrains\JetBrains Rider 2024.2.7\lib\protobuf.jar;C:\Program Files\JetBrains\JetBrains Rider 2024.2.7\lib\forms_rt.jar;C:\Program Files\JetBrains\JetBrains Rider 2024.2.7\lib\lib.jar;C:\Program Files\JetBrains\JetBrains Rider 2024.2.7\lib\externalProcess-rt.jar;C:\Program Files\JetBrains\JetBrains Rider 2024.2.7\lib\groovy.jar;C:\Program Files\JetBrains\JetBrains Rider 2024.2.7\lib\annotations.jar;C:\Program Files\JetBrains\JetBrains Rider 2024.2.7\lib\jsch-agent.jar;C:\Program Files\JetBrains\JetBrains Rider 2024.2.7\lib\nio-fs.jar;C:\Program Files\JetBrains\JetBrains Rider 2024.2.7\lib\trove.jar
Launcher Type: generic

[Global flags]
     intx CICompilerCount                          = 2                                         {product} {command line}
     uint ConcGCThreads                            = 3                                         {product} {ergonomic}
    ccstr ErrorFile                                = $USER_HOME/java_error_in_idea_%p.log            {product} {command line}
     uint G1ConcRefinementThreads                  = 13                                        {product} {ergonomic}
   size_t G1HeapRegionSize                         = 2097152                                   {product} {ergonomic}
    uintx GCDrainStackTargetSize                   = 64                                        {product} {ergonomic}
     bool HeapDumpOnOutOfMemoryError               = true                                   {manageable} {command line}
    ccstr HeapDumpPath                             = $USER_HOME/java_error_in_idea.hprof         {manageable} {command line}
     bool IgnoreUnrecognizedVMOptions              = true                                      {product} {command line}
   size_t InitialHeapSize                          = 134217728                                 {product} {command line}
   size_t MarkStackSize                            = 4194304                                   {product} {ergonomic}
   size_t MaxHeapSize                              = 4273995776                                {product} {command line, ergonomic}
   size_t MaxNewSize                               = 2562719744                                {product} {ergonomic}
   size_t MinHeapDeltaBytes                        = 2097152                                   {product} {ergonomic}
   size_t MinHeapSize                              = 134217728                                 {product} {command line}
    uintx NonNMethodCodeHeapSize                   = 5826188                                {pd product} {ergonomic}
    uintx NonProfiledCodeHeapSize                  = 265522362                              {pd product} {ergonomic}
     bool OmitStackTraceInFastThrow                = false                                     {product} {command line}
    uintx ProfiledCodeHeapSize                     = 265522362                              {pd product} {ergonomic}
    uintx ReservedCodeCacheSize                    = 536870912                              {pd product} {command line}
     bool SegmentedCodeCache                       = true                                      {product} {ergonomic}
   size_t SoftMaxHeapSize                          = 4273995776                             {manageable} {ergonomic}
     intx SoftRefLRUPolicyMSPerMB                  = 50                                        {product} {command line}
     intx TieredOldPercentage                      = 100000                                 {diagnostic} {command line}
     bool UnlockDiagnosticVMOptions                = true                                   {diagnostic} {command line}
     bool UseCompressedOops                        = true                           {product lp64_product} {ergonomic}
     bool UseG1GC                                  = true                                      {product} {command line}
     bool UseLargePagesIndividualAllocation        = false                                  {pd product} {ergonomic}

Logging:
Log output configuration:
 #0: stdout all=warning uptime,level,tags foldmultilines=false
 #1: stderr all=off uptime,level,tags foldmultilines=false

Environment Variables:
JAVA_HOME=C:\Program Files\Unity\Hub\Editor\2021.3.33f1\Editor\Data\PlaybackEngines\AndroidPlayer\OpenJDK
PATH=C:\WINDOWS\system32;C:\WINDOWS;C:\WINDOWS\System32\Wbem;C:\WINDOWS\System32\WindowsPowerShell\v1.0\;C:\WINDOWS\System32\OpenSSH\;C:\Program Files\Git\cmd;C:\Program Files\Microsoft SQL Server\150\Tools\Binn\;C:\Program Files\Microsoft SQL Server\Client SDK\ODBC\170\Tools\Binn\;C:\Program Files\dotnet\;C:\Program Files (x86)\NVIDIA Corporation\PhysX\Common;C:\Program Files\NVIDIA Corporation\NVIDIA NvDLISR;C:\Program Files\Calibre2\;C:\Program Files\GameBench\GameBench\lib;C:\Users\HLC_2021\AppData\Local\Microsoft\WindowsApps;C:\Users\HLC_2021\AppData\Local\GitHubDesktop\bin;C:\Program Files\JetBrains\JetBrains Rider 2024.1.3\bin;;C:\Users\HLC_2021\.dotnet\tools
USERNAME=Namhp
OS=Windows_NT
PROCESSOR_IDENTIFIER=Intel64 Family 6 Model 167 Stepping 1, GenuineIntel
TMP=C:\Users\HLC_2021\AppData\Local\Temp
TEMP=C:\Users\HLC_2021\AppData\Local\Temp




Periodic native trim disabled

JNI global refs:
JNI global refs: 134, weak refs: 2219

JNI global refs memory usage: 2099, weak refs: 22769

Process memory usage:
Resident Set Size: 2705896K (8% of 33387840K total physical memory with 7266132K free physical memory)

OOME stack traces (most recent first):
Classloader memory used:
Loader com.intellij.util.lang.PathClassLoader                                          : 196M
Loader com.intellij.ide.plugins.cl.PluginClassLoader                                   : 69705K
Loader bootstrap                                                                       : 52740K
Loader jdk.internal.loader.ClassLoaders$PlatformClassLoader                            : 2354K
Loader jdk.internal.loader.ClassLoaders$AppClassLoader                                 : 595K
Loader jdk.internal.reflect.DelegatingClassLoader                                      : 13536B
Loader sun.reflect.misc.MethodUtil                                                     : 4216B

Classes loaded by more than one classloader:
Class kotlin.NotImplementedError                                                      : loaded 2 times (x 78B)
Class kotlin.collections.CollectionsKt__ReversedViewsKt                               : loaded 2 times (x 67B)
Class ai.grazie.nlp.patterns.standard.LikelyPatterns$ActionNameEllipsis$1             : loaded 2 times (x 91B)
Class ai.grazie.text.TextRange$Companion                                              : loaded 2 times (x 67B)
Class com.jetbrains.rd.rdtext.intrinsics.RdTextChange$Companion                       : loaded 2 times (x 67B)
Class ai.grazie.nlp.patterns.standard.StrictPatterns$IsApostrophe$1                   : loaded 2 times (x 74B)
Class ai.grazie.nlp.langs.LanguageISO$Companion                                       : loaded 2 times (x 67B)
Class ai.grazie.nlp.patterns.standard.StrictPatterns$HasNoLetters$1                   : loaded 2 times (x 74B)
Class ai.grazie.nlp.langs.alphabet.NoneAlphabet                                       : loaded 2 times (x 72B)
Class [Lai.grazie.nlp.patterns.MatchPattern;                                          : loaded 2 times (x 65B)
Class ai.grazie.nlp.langs.Language$Companion$1                                        : loaded 2 times (x 74B)
Class [Lai.grazie.nlp.langs.alphabet.Alphabet;                                        : loaded 2 times (x 65B)
Class ai.grazie.nlp.tokenizer.word.HeuristicWordTokenizer                             : loaded 2 times (x 82B)
Class [Lai.grazie.nlp.langs.LanguageISO;                                              : loaded 2 times (x 65B)
Class ai.grazie.nlp.tokenizer.sequence.NonDestructiveCharSequenceTokenizer            : loaded 2 times (x 66B)
Class ai.grazie.nlp.patterns.Pattern                                                  : loaded 2 times (x 66B)
Class ai.grazie.utils.mpp.RootDataLoader                                              : loaded 2 times (x 66B)
Class ai.grazie.utils.TextKt                                                          : loaded 2 times (x 67B)
Class ai.grazie.nlp.patterns.standard.StrictPatterns$LatinPhrase$1$1                  : loaded 2 times (x 74B)
Class kotlin.coroutines.jvm.internal.SuspendLambda                                    : loaded 2 times (x 87B)
Class ai.grazie.nlp.patterns.MatchPattern                                             : loaded 2 times (x 66B)
Class kotlin.collections.CollectionsKt__CollectionsKt                                 : loaded 2 times (x 67B)
Class [Lai.grazie.nlp.langs.alphabet.Alphabet$Group;                                  : loaded 2 times (x 65B)
Class ai.grazie.nlp.langs.alphabet.Alphabet$Group                                     : loaded 2 times (x 75B)
Class kotlin.jvm.internal.FunctionBase                                                : loaded 2 times (x 66B)
Class kotlin.enums.EnumEntriesList                                                    : loaded 2 times (x 219B)
Class ai.grazie.nlp.patterns.standard.LikelyPatterns$IsCompositeInflection$1$1        : loaded 2 times (x 91B)
Class ai.grazie.nlp.langs.Language$Companion                                          : loaded 2 times (x 67B)
Class kotlin.collections.CollectionsKt__IteratorsJVMKt                                : loaded 2 times (x 67B)
Class ai.grazie.nlp.patterns.Pattern$Exclusion                                        : loaded 2 times (x 89B)
Class ai.grazie.nlp.patterns.standard.LikelyPatterns$ChatTextEmoji$1                  : loaded 2 times (x 91B)
Class ai.grazie.nlp.patterns.standard.LikelyPatterns$IsMention$1$1                    : loaded 2 times (x 91B)
Class ai.grazie.nlp.tokenizer.Tokenizer$Keys                                          : loaded 2 times (x 67B)
Class kotlin.collections.CollectionsKt__MutableCollectionsKt                          : loaded 2 times (x 67B)
Class ai.grazie.DataHolder$Key                                                        : loaded 2 times (x 67B)
Class ai.grazie.text.Text                                                             : loaded 2 times (x 81B)
Class ai.grazie.DataHolder                                                            : loaded 2 times (x 68B)
Class ai.grazie.nlp.patterns.standard.LikelyPatterns$Chemical$1$1                     : loaded 2 times (x 91B)
Class ai.grazie.nlp.tokenizer.Tokenizer                                               : loaded 2 times (x 66B)
Class ai.grazie.nlp.patterns.ext.AbbreviationPatterns                                 : loaded 2 times (x 67B)
Class ai.grazie.utils.CollectionsKt                                                   : loaded 2 times (x 67B)
Class kotlin.collections.EmptyList                                                    : loaded 2 times (x 170B)
Class ai.grazie.nlp.utils.Symbols                                                     : loaded 2 times (x 67B)
Class ai.grazie.nlp.patterns.standard.LikelyPatterns$ChainedName$1$1                  : loaded 2 times (x 91B)
Class ai.grazie.nlp.patterns.standard.LikelyPatterns$CommandLineOption$1              : loaded 2 times (x 91B)
Class ai.grazie.nlp.patterns.standard.LikelyPatterns$IsURL$1                          : loaded 2 times (x 89B)
Class kotlin.ResultKt                                                                 : loaded 2 times (x 67B)
Class ai.grazie.utils.mpp.TextRegex                                                   : loaded 2 times (x 67B)
Class ai.grazie.nlp.patterns.Pattern$After                                            : loaded 2 times (x 89B)
Class ai.grazie.nlp.langs.alphabet.Alphabet$Companion                                 : loaded 2 times (x 67B)
Class ai.grazie.nlp.patterns.ext.AbbreviationPatterns$All$1                           : loaded 2 times (x 91B)
Class ai.grazie.nlp.patterns.standard.LikelyPatterns                                  : loaded 2 times (x 67B)
Class ai.grazie.nlp.patterns.standard.StrictPatterns                                  : loaded 2 times (x 67B)
Class ai.grazie.nlp.patterns.AhoCorasickPattern$TrieNode                              : loaded 2 times (x 68B)
Class ai.grazie.nlp.tokenizer.NonDestructiveTokenizer                                 : loaded 2 times (x 66B)
Class ai.grazie.nlp.patterns.ext.AbbreviationPatterns$Ukrainian$1$1                   : loaded 2 times (x 91B)
Class ai.grazie.nlp.patterns.AhoCorasickPattern$AhoCorasickBuilder                    : loaded 2 times (x 68B)
Class ai.grazie.nlp.langs.alphabet.Alphabet$Group$1                                   : loaded 2 times (x 74B)
Class ai.grazie.nlp.patterns.Pattern$Before                                           : loaded 2 times (x 92B)
Class ai.grazie.nlp.langs.alphabet.Alphabet$Group$2                                   : loaded 2 times (x 74B)
Class ai.grazie.nlp.langs.alphabet.Alphabet$Group$3                                   : loaded 2 times (x 74B)
Class ai.grazie.nlp.langs.alphabet.Alphabet$Group$4                                   : loaded 2 times (x 74B)
Class com.intellij.ultimate.PluginVerifier                                            : loaded 2 times (x 67B)
Class kotlin.Metadata                                                                 : loaded 2 times (x 66B)
Class kotlin.UninitializedPropertyAccessException                                     : loaded 2 times (x 78B)
Class ai.grazie.nlp.patterns.standard.LikelyPatterns$IsIBAN$1$1                       : loaded 2 times (x 91B)
Class ai.grazie.nlp.patterns.LambdaMatchPattern                                       : loaded 2 times (x 71B)
Class [Lai.grazie.nlp.patterns.Pattern;                                               : loaded 2 times (x 65B)
Class ai.grazie.nlp.langs.alphabet.Alphabet$Group$5                                   : loaded 2 times (x 74B)
Class ai.grazie.nlp.langs.LanguageISO$Companion$1                                     : loaded 2 times (x 74B)
Class ai.grazie.nlp.langs.alphabet.Alphabet$Group$6                                   : loaded 2 times (x 74B)
Class ai.grazie.nlp.patterns.Pattern$beforeWordBoundary$1                             : loaded 2 times (x 92B)
Class ai.grazie.nlp.langs.alphabet.Alphabet$Group$7                                   : loaded 2 times (x 74B)
Class ai.grazie.nlp.patterns.standard.LikelyPatterns$IsEmail$1                        : loaded 2 times (x 91B)
Class ai.grazie.nlp.langs.Language$Companion$all$2                                    : loaded 2 times (x 74B)
Class ai.grazie.nlp.langs.alphabet.Alphabet$Group$8                                   : loaded 2 times (x 74B)
Class kotlin.coroutines.intrinsics.IntrinsicsKt__IntrinsicsKt                         : loaded 2 times (x 67B)
Class kotlin.collections.CollectionsKt__CollectionsJVMKt                              : loaded 2 times (x 67B)
Class kotlin.collections.CollectionsKt__IteratorsKt                                   : loaded 2 times (x 67B)
Class ai.grazie.nlp.langs.LanguageISO                                                 : loaded 2 times (x 75B)
Class ai.grazie.nlp.patterns.ext.AbbreviationPatterns$UpperCaseSequence$1             : loaded 2 times (x 91B)
Class [Lai.grazie.nlp.patterns.AhoCorasickPattern$AhoCorasickBuilder$AutomataBuilderNode;: loaded 2 times (x 65B)
Class ai.grazie.nlp.patterns.standard.LikelyPatterns$IsFilePath$1$1                   : loaded 2 times (x 91B)
Class kotlin.enums.EnumEntries                                                        : loaded 2 times (x 66B)
Class ai.grazie.nlp.patterns.standard.LikelyPatterns$IsEncodedBinary$1                : loaded 2 times (x 74B)
Class ai.grazie.nlp.langs.alphabet.RegexAlphabet                                      : loaded 2 times (x 72B)
Class ai.grazie.nlp.patterns.AggregatedPattern                                        : loaded 2 times (x 91B)
Class ai.grazie.nlp.patterns.ext.AbbreviationPatterns$CaseDotVaryingAhoCorasickPattern: loaded 2 times (x 92B)
Class kotlin.collections.EmptyIterator                                                : loaded 2 times (x 85B)
Class ai.grazie.nlp.patterns.Pattern$before$1                                         : loaded 2 times (x 92B)
Class ai.grazie.utils.CollectionFactory                                               : loaded 2 times (x 67B)
Class ai.grazie.utils.mpp.Resources                                                   : loaded 2 times (x 67B)
Class ai.grazie.utils.mpp.StreamDataLoader                                            : loaded 2 times (x 66B)
Class com.jetbrains.rd.rdtext.intrinsics.RdTextChange                                 : loaded 2 times (x 71B)
Class ai.grazie.nlp.patterns.standard.LikelyPatterns$GeneratedId$1                    : loaded 2 times (x 91B)
Class ai.grazie.nlp.langs.alphabet.Alphabet$Group$Companion                           : loaded 2 times (x 67B)
Class ai.grazie.nlp.patterns.standard.StrictPatterns$IsNumber$1                       : loaded 2 times (x 74B)
Class ai.grazie.nlp.patterns.standard.LikelyPatterns$IsGermanNumeral$1                : loaded 2 times (x 91B)
Class kotlin.collections.CollectionsKt___CollectionsJvmKt                             : loaded 2 times (x 67B)
Class [Lai.grazie.nlp.langs.Language;                                                 : loaded 2 times (x 65B)
Class ai.grazie.nlp.langs.alphabet.Alphabet                                           : loaded 2 times (x 72B)
Class ai.grazie.nlp.patterns.Pattern$afterWordBoundary$1                              : loaded 2 times (x 89B)
Class ai.grazie.text.TextRange                                                        : loaded 2 times (x 67B)
Class ai.grazie.utils.mpp.DataLoader                                                  : loaded 2 times (x 66B)
Class kotlin.collections.CollectionsKt___CollectionsKt                                : loaded 2 times (x 67B)
Class kotlin.annotation.Target                                                        : loaded 2 times (x 66B)
Class kotlin.annotation.Retention                                                     : loaded 2 times (x 66B)
Class ai.grazie.utils.mpp.RootStreamDataLoader                                        : loaded 2 times (x 66B)
Class ai.grazie.nlp.patterns.standard.StrictPatterns$HasNumber$1                      : loaded 2 times (x 74B)
Class kotlin.collections.CollectionsKt__MutableCollectionsJVMKt                       : loaded 2 times (x 67B)
Class kotlin.enums.EnumEntriesKt                                                      : loaded 2 times (x 67B)
Class ai.grazie.nlp.patterns.ext.AbbreviationPatterns$Russian$1                       : loaded 2 times (x 91B)
Class kotlin.coroutines.intrinsics.IntrinsicsKt                                       : loaded 2 times (x 67B)
Class kotlin.jvm.internal.Intrinsics                                                  : loaded 2 times (x 67B)
Class ai.grazie.nlp.patterns.standard.LikelyPatterns$NameInitials$1                   : loaded 2 times (x 91B)
Class ai.grazie.utils.mpp.DataLoader$Path                                             : loaded 2 times (x 68B)
Class kotlin.collections.CollectionsKt__IterablesKt                                   : loaded 2 times (x 67B)
Class ai.grazie.nlp.patterns.standard.LikelyPatterns$TicketName$1                     : loaded 2 times (x 91B)
Class ai.grazie.nlp.patterns.standard.LikelyPatterns$IsOrdinalNumeral$1               : loaded 2 times (x 91B)
Class kotlin.KotlinNullPointerException                                               : loaded 2 times (x 79B)
Class ai.grazie.nlp.patterns.standard.LikelyPatterns$PunctuationOperator$1$1          : loaded 2 times (x 91B)
Class ai.grazie.nlp.tokenizer.sequence.CharSequenceTokenizer                          : loaded 2 times (x 66B)
Class ai.grazie.utils.mpp.FromResourcesDataLoader                                     : loaded 2 times (x 91B)
Class ai.grazie.nlp.patterns.RegexPattern                                             : loaded 2 times (x 91B)
Class kotlin.jvm.internal.markers.KMappedMarker                                       : loaded 2 times (x 66B)
Class ai.grazie.nlp.tokenizer.Tokenizer$Token                                         : loaded 2 times (x 68B)
Class ai.grazie.nlp.patterns.AhoCorasickPattern$AhoCorasickBuilder$AutomataBuilderNode: loaded 2 times (x 68B)
Class ai.grazie.nlp.langs.alphabet.SetBasedAlphabet                                   : loaded 2 times (x 72B)
Class kotlin.coroutines.jvm.internal.SuspendFunction                                  : loaded 2 times (x 66B)
Class ai.grazie.nlp.patterns.standard.LikelyPatterns$IsIPv4$1                         : loaded 2 times (x 91B)
Class kotlin.coroutines.intrinsics.IntrinsicsKt__IntrinsicsJvmKt                      : loaded 2 times (x 67B)
Class kotlin.collections.CollectionsKt                                                : loaded 2 times (x 67B)
Class ai.grazie.nlp.langs.Language                                                    : loaded 2 times (x 75B)
Class ai.grazie.DataHolder$data$2                                                     : loaded 2 times (x 74B)
Class ai.grazie.nlp.patterns.AhoCorasickPattern                                       : loaded 2 times (x 92B)

---------------  S Y S T E M  ---------------

OS:
 Windows 11 , 64 bit Build 22621 (10.0.22621.3672)
OS uptime: 0 days 3:05 hours

CPU: total 16 (initial active 16) (8 cores per cpu, 2 threads per core) family 6 model 167 stepping 1 microcode 0x40, cx8, cmov, fxsr, ht, mmx, 3dnowpref, sse, sse2, sse3, ssse3, sse4.1, sse4.2, popcnt, lzcnt, tsc, tscinvbit, avx, avx2, aes, erms, clmul, bmi1, bmi2, adx, avx512f, avx512dq, avx512cd, avx512bw, avx512vl, sha, fma, vzeroupper, avx512_vpopcntdq, avx512_vpclmulqdq, avx512_vaes, avx512_vnni, clflush, clflushopt, avx512_vbmi2, avx512_vbmi, rdtscp, rdpid, fsrm, gfni, avx512_bitalg, f16c, pku, avx512_ifma
Processor Information for all 16 processors :
  Max Mhz: 2496, Current Mhz: 2496, Mhz Limit: 2496

Memory: 4k page, system-wide physical 32605M (7129M free)
TotalPageFile size 55133M (AvailPageFile size 8186M)
current process WorkingSet (physical memory assigned to process): 2642M, peak: 2642M
current process commit charge ("private bytes"): 2397M, peak: 2398M

vm_info: OpenJDK 64-Bit Server VM (21.0.4+13-b509.26) for windows-amd64 JRE (21.0.4+13-b509.26), built on 2024-09-27 by "builduser" with MS VC++ 16.10 / 16.11 (VS2019)

END.
