#
# A fatal error has been detected by the Java Runtime Environment:
#
#  EXCEPTION_ACCESS_VIOLATION (0xc0000005) at pc=0x00007fffcf7513f4, pid=35920, tid=36664
#
# JRE version: OpenJDK Runtime Environment JBR-21.0.4+13-509.26-jcef (21.0.4+13) (build 21.0.4+13-b509.26)
# Java VM: OpenJDK 64-Bit Server VM JBR-21.0.4+13-509.26-jcef (21.0.4+13-b509.26, mixed mode, tiered, compressed oops, compressed class ptrs, g1 gc, windows-amd64)
# Problematic frame:
# V  [jvm.dll+0x3913f4]
#
# No core dump will be written. Minidumps are not enabled by default on client versions of Windows
#
# If you would like to submit a bug report, please visit:
#   https://youtrack.jetbrains.com/issues/JBR
#

---------------  S U M M A R Y ------------

Command Line: abort vfprintf -XX:ErrorFile=C:\Users\HLC_2021\java_error_in_rider_%p.log -XX:HeapDumpPath=C:\Users\HLC_2021\java_error_in_rider.hprof -Xms128m -Xmx2048m -XX:+HeapDumpOnOutOfMemoryError -XX:-OmitStackTraceInFastThrow -XX:+IgnoreUnrecognizedVMOptions -ea -Dsun.io.useCanonCaches=false -Dsun.java2d.metal=true -Djbr.catch.SIGABRT=true -Djdk.http.auth.tunneling.disabledSchemes="" -Djdk.attach.allowAttachSelf=true -Djdk.module.illegalAccess.silent=true -Dkotlinx.coroutines.debug=off -XX:CICompilerCount=2 -XX:ReservedCodeCacheSize=512m -XX:+UnlockDiagnosticVMOptions -XX:TieredOldPercentage=100000 -Xms128m -Xmx4075m -XX:ReservedCodeCacheSize=512m -XX:+IgnoreUnrecognizedVMOptions -XX:+UseG1GC -XX:SoftRefLRUPolicyMSPerMB=50 -XX:CICompilerCount=2 -XX:+HeapDumpOnOutOfMemoryError -XX:-OmitStackTraceInFastThrow -ea -Dsun.io.useCanonCaches=false -Djdk.http.auth.tunneling.disabledSchemes="" -Djdk.attach.allowAttachSelf=true -Djdk.module.illegalAccess.silent=true -Dkotlinx.coroutines.debug=off -XX:ErrorFile=$USER_HOME/java_error_in_idea_%p.log -XX:HeapDumpPath=$USER_HOME/java_error_in_idea.hprof --add-opens=java.base/jdk.internal.org.objectweb.asm=ALL-UNNAMED --add-opens=java.base/jdk.internal.org.objectweb.asm.tree=ALL-UNNAMED -javaagent:C:\Users\HLC_2021\Downloads\jetbra-ded4f9dc4fcb60294b21669dafa90330f2713ce4 (1)\jetbra\ja-netfilter.jar=jetbrains -Djb.vmOptionsFile=C:\Users\HLC_2021\Downloads\jetbra-ded4f9dc4fcb60294b21669dafa90330f2713ce4 (1)\jetbra\vmoptions\rider.vmoptions -Djava.system.class.loader=com.intellij.util.lang.PathClassLoader -Didea.vendor.name=JetBrains -Didea.paths.selector=Rider2024.2 -Djna.boot.library.path=C:\Program Files\JetBrains\JetBrains Rider 2024.2.7/lib/jna/amd64 -Dpty4j.preferred.native.folder=C:\Program Files\JetBrains\JetBrains Rider 2024.2.7/lib/pty4j -Djna.nosys=true -Djna.noclasspath=true -Dintellij.platform.runtime.repository.path=C:\Program Files\JetBrains\JetBrains Rider 2024.2.7/modules/module-descriptors.jar -Didea.platform.prefix=Rider -Dide.native.launcher=true -Didea.class.before.app=com.jetbrains.rider.protocol.EarlyBackendStarter -Didea.show.customize.ide.wizard=true -DFilePageCache.THROW_ERROR_ON_DUPLICATE_STORAGE_REGISTRATION=false -Dsplash=true -Daether.connector.resumeDownloads=false --add-opens=java.base/java.io=ALL-UNNAMED --add-opens=java.base/java.lang=ALL-UNNAMED --add-opens=java.base/java.lang.ref=ALL-UNNAMED --add-opens=java.base/java.lang.reflect=ALL-UNNAMED --add-opens=java.base/java.net=ALL-UNNAMED --add-opens=java.base/java.nio=ALL-UNNAMED --add-opens=java.base/java.nio.charset=ALL-UNNAMED --add-opens=java.base/java.text=ALL-UNNAMED --add-opens=java.base/java.time=ALL-UNNAMED --add-opens=java.base/java.util=ALL-UNNAMED --add-opens=java.base/java.util.concurrent=ALL-UNNAMED --add-opens=java.base/java.util.concurrent.atomic=ALL-UNNAMED --add-opens=java.base/java.util.concurrent.locks=ALL-UNNAMED --add-opens=java.base/jdk.internal.vm=ALL-UNNAMED --add-opens=java.base/sun.net.dns=ALL-UNNAMED --add-opens=java.base/sun.nio.ch=ALL-UNNAMED --add-opens=java.base/sun.nio.fs=ALL-UNNAMED --add-opens=java.base/sun.security.ssl=ALL-UNNAMED --add-opens=java.base/sun.security.util=ALL-UNNAMED --add-opens=java.desktop/com.sun.java.swing=ALL-UNNAMED --add-opens=java.desktop/java.awt=ALL-UNNAMED --add-opens=java.desktop/java.awt.dnd.peer=ALL-UNNAMED --add-opens=java.desktop/java.awt.event=ALL-UNNAMED --add-opens=java.desktop/java.awt.font=ALL-UNNAMED --add-opens=java.desktop/java.awt.image=ALL-UNNAMED --add-opens=java.desktop/java.awt.peer=ALL-UNNAMED --add-opens=java.desktop/javax.swing=ALL-UNNAMED --add-opens=java.desktop/javax.swing.plaf.basic=ALL-UNNAMED --add-opens=java.desktop/javax.swing.text=ALL-UNNAMED --add-opens=java.desktop/javax.swing.text.html=ALL-UNNAMED --add-opens=java.desktop/sun.awt=ALL-UNNAMED --add-opens=java.desktop/sun.awt.datatransfer=ALL-UNNAMED --add-opens=java.desktop/sun.awt.image=ALL-UNNAMED --add-opens=java.desktop/sun.awt.windows=ALL-UNNAMED --add-opens=java.desktop/sun.font=ALL-UNNAMED --add-opens=java.desktop/sun.java2d=ALL-UNNAMED --add-opens=java.desktop/sun.swing=ALL-UNNAMED --add-opens=java.management/sun.management=ALL-UNNAMED --add-opens=jdk.attach/sun.tools.attach=ALL-UNNAMED --add-opens=jdk.compiler/com.sun.tools.javac.api=ALL-UNNAMED --add-opens=jdk.internal.jvmstat/sun.jvmstat.monitor=ALL-UNNAMED --add-opens=jdk.jdi/com.sun.tools.jdi=ALL-UNNAMED -Dide.native.launcher=true -Djcef.sandbox.ptr=00000205F5BC0DC0 -Djcef.sandbox.cefVersion=122.1.9+gd14e051+chromium-122.0.6261.94 com.intellij.idea.Main E:\Project\SD Playable Ads\SD Playable Ads.sln --line -1 --column -1 E:\Project\SD Playable Ads\Assets\Script\Weapon\WeaponController.cs

Host: 11th Gen Intel(R) Core(TM) i7-11700 @ 2.50GHz, 16 cores, 31G,  Windows 11 , 64 bit Build 22621 (10.0.22621.3672)
Time: Wed Oct 30 11:01:40 2024 SE Asia Standard Time elapsed time: 1322.652031 seconds (0d 0h 22m 2s)

---------------  T H R E A D  ---------------

Current thread (0x00000205a90c7ba0):  JavaThread "C2 CompilerThread0" daemon [_thread_in_native, id=36664, stack(0x0000002067100000,0x0000002067200000) (1024K)]


Current CompileTask:
C2:1322652 61713       4       com.intellij.codeInsight.lookup.ComparingClassifier::classify (192 bytes)

Stack: [0x0000002067100000,0x0000002067200000],  sp=0x00000020671fc990,  free space=1010k
Native frames: (J=compiled Java code, j=interpreted, Vv=VM code, C=native code)
V  [jvm.dll+0x3913f4]
V  [jvm.dll+0x391608]
V  [jvm.dll+0x38eaa7]
V  [jvm.dll+0x38e26a]
V  [jvm.dll+0x24fb72]
V  [jvm.dll+0x24f141]
V  [jvm.dll+0x1cd074]
V  [jvm.dll+0x25e88c]
V  [jvm.dll+0x25cdd6]
V  [jvm.dll+0x3fe076]
V  [jvm.dll+0x8688c8]
V  [jvm.dll+0x6e1f3d]
C  [ucrtbase.dll+0x29333]
C  [KERNEL32.DLL+0x1257d]
C  [ntdll.dll+0x5af28]


siginfo: EXCEPTION_ACCESS_VIOLATION (0xc0000005), reading address 0x000000000000002c


Registers:
RAX=0x0000000000000002, RBX=0x0000000000000008, RCX=0x00000206bd1ba8d0, RDX=0x0000000000000000
RSP=0x00000020671fc990, RBP=0x0000000000000000, RSI=0x00000206bd1bb968, RDI=0x00000206c335e5a0
R8 =0x0000000000000000, R9 =0x0000000000000000, R10=0x00000206c183fbc0, R11=0x00000206c183fc00
R12=0x0000000000000041, R13=0x00000206bde67528, R14=0x00000206bde672a8, R15=0x00000020671fcf10
RIP=0x00007fffcf7513f4, EFLAGS=0x0000000000010283


Register to memory mapping:

RAX=0x0000000000000002 is an unknown value
RBX=0x0000000000000008 is an unknown value
RCX=0x00000206bd1ba8d0 points into unknown readable memory: 0x00007fffcfd7a628 | 28 a6 d7 cf ff 7f 00 00
RDX=0x0 is null
RSP=0x00000020671fc990 is pointing into the stack for thread: 0x00000205a90c7ba0
RBP=0x0 is null
RSI=0x00000206bd1bb968 points into unknown readable memory: 0x00007fffcfdbd8c8 | c8 d8 db cf ff 7f 00 00
RDI=0x00000206c335e5a0 points into unknown readable memory: 0x00007fffcfdc1c68 | 68 1c dc cf ff 7f 00 00
R8 =0x0 is null
R9 =0x0 is null
R10=0x00000206c183fbc0 points into unknown readable memory: 0x00000206bd1bab08 | 08 ab 1b bd 06 02 00 00
R11=0x00000206c183fc00 points into unknown readable memory: 0x00000206bd1bb1b8 | b8 b1 1b bd 06 02 00 00
R12=0x0000000000000041 is an unknown value
R13=0x00000206bde67528 points into unknown readable memory: 0x00000205a9462410 | 10 24 46 a9 05 02 00 00
R14=0x00000206bde672a8 points into unknown readable memory: 0x0000000000000000 | 00 00 00 00 00 00 00 00
R15=0x00000020671fcf10 is pointing into the stack for thread: 0x00000205a90c7ba0

Top of Stack: (sp=0x00000020671fc990)
0x00000020671fc990:   0000000000000008 00000206bd1bb968
0x00000020671fc9a0:   0000000000000080 00007fffcf750905
0x00000020671fc9b0:   000002069a318eb0 00000206bd1bb1b8
0x00000020671fc9c0:   0000000000000042 0000000000000041
0x00000020671fc9d0:   0000000000000012 00007fffcf751608
0x00000020671fc9e0:   00000020671fcf10 0000000000000000
0x00000020671fc9f0:   0000000000000c7a 00000020671fcf10
0x00000020671fca00:   0000000023000023 00000205a906bab0
0x00000020671fca10:   0000000000000000 0000020699d82fc8
0x00000020671fca20:   0000020699d807f8 00000020671fcf10
0x00000020671fca30:   00000000000009f5 00000020671fcb50
0x00000020671fca40:   00000000000000c4 00007fffcf74eaa7
0x00000020671fca50:   00000020671fcf10 00000020671fcae8
0x00000020671fca60:   0000020500000042 00000206a818bac0
0x00000020671fca70:   000000000000103b 0000000000000400
0x00000020671fca80:   00000205000003ff 0000000000000675
0x00000020671fca90:   00000000d700fd2a 0000000000008020
0x00000020671fcaa0:   0000000002000001 00000020671fca01
0x00000020671fcab0:   000002052b001000 000000000000103b
0x00000020671fcac0:   00000001af0006a9 00007ff8b5eec350
0x00000020671fcad0:   00000205f5b90000 0000000000000000
0x00000020671fcae0:   0000000000000000 0000020600000080
0x00000020671fcaf0:   000002069a31f280 0000000000000080
0x00000020671fcb00:   00000205a906bab0 0000020699d7afe0
0x00000020671fcb10:   000000000009cc70 0000000000000000
0x00000020671fcb20:   00000000000003ff 0000000000000000
0x00000020671fcb30:   00000205f5b90000 00007ff8b5eed239
0x00000020671fcb40:   00000205f5b90000 00007ff800000002
0x00000020671fcb50:   0000000000009c50 0000000000009c60
0x00000020671fcb60:   0000000000000000 0000002073000675
0x00000020671fcb70:   00007fff00000003 0000000000000000
0x00000020671fcb80:   00000020671fcc98 00007fffcfc292ed 

Instructions: (pc=0x00007fffcf7513f4)
0x00007fffcf7512f4:   8b ec ff 4c 8b 64 24 70 4c 8b 6c 24 78 48 8b 9c
0x00007fffcf751304:   24 80 00 00 00 48 83 c4 40 41 5f 41 5e 5f 5e 5d
0x00007fffcf751314:   c3 48 8b 8b 68 01 00 00 48 8d 15 dd 61 6b 00 45
0x00007fffcf751324:   33 c0 e8 75 ee e5 ff 48 8d 15 ce 61 6b 00 48 8b
0x00007fffcf751334:   cb eb bb 4c 8d 0d 5a 61 6b 00 ba 72 05 00 00 4c
0x00007fffcf751344:   8d 05 66 61 6b 00 48 8d 0d 87 61 6b 00 e8 2a 6e
0x00007fffcf751354:   ef ff cc cc cc cc cc cc cc cc cc cc 48 89 5c 24
0x00007fffcf751364:   10 48 89 6c 24 18 48 89 74 24 20 48 89 4c 24 08
0x00007fffcf751374:   57 41 54 41 55 41 56 41 57 48 83 ec 20 8b 5a 28
0x00007fffcf751384:   49 8b f8 48 8b ea 4c 8b f9 3b 59 68 72 0b 8b d3
0x00007fffcf751394:   48 83 c1 68 e8 f3 2c db ff 49 8b 47 78 48 89 3c
0x00007fffcf7513a4:   d8 8b 5f 28 ff cb 3b 5f 18 73 0a 48 8b 47 20 48
0x00007fffcf7513b4:   8b 34 d8 eb 02 33 f6 48 8b 06 48 8b ce ff 50 20
0x00007fffcf7513c4:   48 3b c6 74 03 2b 5f 48 4c 8b c5 48 8d 4f 10 8b
0x00007fffcf7513d4:   d3 e8 16 d8 32 00 ff 47 28 4c 8b 75 10 8b 45 20
0x00007fffcf7513e4:   4d 8d 2c c6 4d 3b f5 0f 83 91 00 00 00 49 8b 2e
0x00007fffcf7513f4:   8b 45 2c 24 0f 3c 08 75 78 48 8b 44 24 50 8b 5d
0x00007fffcf751404:   28 48 8b 40 78 48 8b 0c d8 48 3b cf 74 63 48 85
0x00007fffcf751414:   c9 74 0b 48 8b d5 e8 11 26 db ff 8b 5d 28 41 3b
0x00007fffcf751424:   5f 68 72 0b 8b d3 49 8d 4f 68 e8 5d 2c db ff 49
0x00007fffcf751434:   8b 47 78 8b cb 48 89 3c c8 8b 5f 28 ff cb 3b 5f
0x00007fffcf751444:   18 73 0a 48 8b 47 20 48 8b 34 d8 eb 02 33 f6 48
0x00007fffcf751454:   8b 06 48 8b ce ff 50 20 48 3b c6 74 03 2b 5f 48
0x00007fffcf751464:   4c 8b c5 48 8d 4f 10 8b d3 e8 7e d7 32 00 ff 47
0x00007fffcf751474:   28 49 83 c6 08 4d 3b f5 0f 82 6f ff ff ff 48 8b
0x00007fffcf751484:   5c 24 58 48 8b 6c 24 60 48 8b 74 24 68 48 83 c4
0x00007fffcf751494:   20 41 5f 41 5e 41 5d 41 5c 5f c3 cc 48 89 54 24
0x00007fffcf7514a4:   10 48 89 4c 24 08 53 55 56 57 41 54 41 55 41 56
0x00007fffcf7514b4:   41 57 48 83 ec 28 48 8b 41 08 48 8b f1 ba 08 00
0x00007fffcf7514c4:   00 00 8b a8 50 02 00 00 2b a8 78 02 00 00 83 c5
0x00007fffcf7514d4:   08 8b cd e8 b4 9a 01 00 4c 8b f8 85 ed 7e 11 44
0x00007fffcf7514e4:   8b c5 33 d2 49 c1 e0 03 48 8b c8 e8 0e 0a 5d 00 


Stack slot to memory mapping:

stack at sp + 0 slots: 0x0000000000000008 is an unknown value
stack at sp + 1 slots: 0x00000206bd1bb968 points into unknown readable memory: 0x00007fffcfdbd8c8 | c8 d8 db cf ff 7f 00 00
stack at sp + 2 slots: 0x0000000000000080 is an unknown value
stack at sp + 3 slots: 0x00007fffcf750905 jvm.dll
stack at sp + 4 slots: 0x000002069a318eb0 points into unknown readable memory: 0x00000206c155c600 | 00 c6 55 c1 06 02 00 00
stack at sp + 5 slots: 0x00000206bd1bb1b8 points into unknown readable memory: 0x00007fffcfd46f58 | 58 6f d4 cf ff 7f 00 00
stack at sp + 6 slots: 0x0000000000000042 is an unknown value
stack at sp + 7 slots: 0x0000000000000041 is an unknown value


---------------  P R O C E S S  ---------------

Threads class SMR info:
_java_thread_list=0x00000206c2380ef0, length=102, elements={
0x00000205f5be74a0, 0x00000205a9092240, 0x00000205a9093250, 0x00000205a9093ea0,
0x00000205a90adee0, 0x00000205a90b7960, 0x00000205a90c2900, 0x00000205a90c7ba0,
0x00000205a90cd070, 0x00000205a92a0830, 0x00000205d21a6ed0, 0x00000205d26d8110,
0x00000205d29028e0, 0x00000205d2bf2810, 0x00000205d2befa20, 0x00000205d2bf3530,
0x00000205d2bf0dd0, 0x00000205d2becc30, 0x00000205d2bed2c0, 0x00000205d2bf1460,
0x00000205d2bed950, 0x00000205d3e576c0, 0x00000205d3e5b860, 0x00000205d3e59100,
0x00000205d3e5dfc0, 0x00000205eeb597e0, 0x00000205ef09e5e0, 0x00000205ef0a2780,
0x00000205ef09d230, 0x00000205ef588ae0, 0x00000205ef583c20, 0x00000205ef582f00,
0x00000206650f34e0, 0x00000206650f1aa0, 0x00000206658e4150, 0x000002066f92d610,
0x0000020675b44b90, 0x0000020675b437e0, 0x0000020675b44500, 0x0000020675b06ad0,
0x000002067612a700, 0x0000020675a8bd30, 0x00000206760fc070, 0x000002068c496a00,
0x00000206a608b6e0, 0x00000206a481b910, 0x00000205d2292760, 0x00000206a7c9beb0,
0x00000206aeb85f80, 0x00000206ae7a61c0, 0x00000206ae7b1d20, 0x00000206ae839080,
0x00000206ae83c500, 0x00000206ae944200, 0x00000206ae944f20, 0x00000206b3a616d0,
0x00000206b4c88ab0, 0x00000206a8716680, 0x00000206a85ec660, 0x00000206b55d3160,
0x000002069a812040, 0x00000206b55d1db0, 0x00000206b121ec90, 0x00000206b121e600,
0x00000206c0bfcf20, 0x000002068c2f3460, 0x00000206b55d0370, 0x00000206aeb879c0,
0x00000206a6089ca0, 0x000002068c2f2dd0, 0x00000206bc9d4ca0, 0x00000206aeb858f0,
0x00000206bd9e3410, 0x00000206bc4a7170, 0x00000206bd5325c0, 0x00000206a799d4b0,
0x00000206bd534690, 0x00000206b324e230, 0x00000206c15cc690, 0x00000206bd9e54e0,
0x00000206ae77e950, 0x000002069a812d60, 0x00000206ae77fd00, 0x00000206c15c98a0,
0x00000206ae77f670, 0x00000206c15cda40, 0x00000206aeb886e0, 0x00000206a8711e50,
0x000002069a810600, 0x00000206a799c100, 0x00000206a8717a30, 0x00000206a87180c0,
0x00000206adbd0ac0, 0x00000206a3a7a630, 0x00000206c1691ca0, 0x000002069a8126d0,
0x000002069a8133f0, 0x00000206c396d040, 0x0000020699d58a30, 0x00000206c32a8c70,
0x00000206c3a47660, 0x00000206c32a9300
}

Java Threads: ( => current thread )
  0x00000205f5be74a0 JavaThread "main"                              [_thread_blocked, id=30992, stack(0x0000002066200000,0x0000002066400000) (2048K)]
  0x00000205a9092240 JavaThread "Reference Handler"          daemon [_thread_blocked, id=32144, stack(0x0000002066b00000,0x0000002066c00000) (1024K)]
  0x00000205a9093250 JavaThread "Finalizer"                  daemon [_thread_blocked, id=36316, stack(0x0000002066c00000,0x0000002066d00000) (1024K)]
  0x00000205a9093ea0 JavaThread "Signal Dispatcher"          daemon [_thread_blocked, id=25160, stack(0x0000002066d00000,0x0000002066e00000) (1024K)]
  0x00000205a90adee0 JavaThread "Attach Listener"            daemon [_thread_blocked, id=37104, stack(0x0000002066e00000,0x0000002066f00000) (1024K)]
  0x00000205a90b7960 JavaThread "Service Thread"             daemon [_thread_blocked, id=32704, stack(0x0000002066f00000,0x0000002067000000) (1024K)]
  0x00000205a90c2900 JavaThread "Monitor Deflation Thread"   daemon [_thread_blocked, id=33284, stack(0x0000002067000000,0x0000002067100000) (1024K)]
=>0x00000205a90c7ba0 JavaThread "C2 CompilerThread0"         daemon [_thread_in_native, id=36664, stack(0x0000002067100000,0x0000002067200000) (1024K)]
  0x00000205a90cd070 JavaThread "C1 CompilerThread0"         daemon [_thread_blocked, id=12664, stack(0x0000002067200000,0x0000002067300000) (1024K)]
  0x00000205a92a0830 JavaThread "Common-Cleaner"             daemon [_thread_blocked, id=34248, stack(0x0000002067300000,0x0000002067400000) (1024K)]
  0x00000205d21a6ed0 JavaThread "Notification Thread"        daemon [_thread_blocked, id=8400, stack(0x0000002067900000,0x0000002067a00000) (1024K)]
  0x00000205d26d8110 JavaThread "DefaultDispatcher-worker-2" daemon [_thread_blocked, id=9156, stack(0x0000002067b00000,0x0000002067c00000) (1024K)]
  0x00000205d29028e0 JavaThread "DefaultDispatcher-worker-7" daemon [_thread_blocked, id=33300, stack(0x0000002068000000,0x0000002068100000) (1024K)]
  0x00000205d2bf2810 JavaThread "DefaultDispatcher-worker-14" daemon [_thread_blocked, id=16896, stack(0x0000002068700000,0x0000002068800000) (1024K)]
  0x00000205d2befa20 JavaThread "Java2D Disposer"            daemon [_thread_blocked, id=35364, stack(0x0000002069200000,0x0000002069300000) (1024K)]
  0x00000205d2bf3530 JavaThread "AWT-Shutdown"                      [_thread_blocked, id=8140, stack(0x0000002069300000,0x0000002069400000) (1024K)]
  0x00000205d2bf0dd0 JavaThread "AWT-Windows"                daemon [_thread_in_native, id=35164, stack(0x0000002069400000,0x0000002069500000) (1024K)]
  0x00000205d2becc30 JavaThread "External Command Listener"  daemon [_thread_in_native, id=30804, stack(0x0000002069600000,0x0000002069700000) (1024K)]
  0x00000205d2bed2c0 JavaThread "EventQueueMonitor-ComponentEvtDispatch" daemon [_thread_blocked, id=35612, stack(0x0000002069700000,0x0000002069800000) (1024K)]
  0x00000205d2bf1460 JavaThread "kotlinx.coroutines.DefaultExecutor" daemon [_thread_blocked, id=36328, stack(0x0000002069800000,0x0000002069900000) (1024K)]
  0x00000205d2bed950 JavaThread "Thread-19"                  daemon [_thread_in_native, id=25076, stack(0x0000002069900000,0x0000002069a00000) (1024K)]
  0x00000205d3e576c0 JavaThread "AWT-EventQueue-0"                  [_thread_blocked, id=35560, stack(0x0000002069a00000,0x0000002069b00000) (1024K)]
  0x00000205d3e5b860 JavaThread "EarlyStartServerWire/Sender" daemon [_thread_blocked, id=36724, stack(0x0000002069d00000,0x0000002069e00000) (1024K)]
  0x00000205d3e59100 JavaThread "EarlyStartServerWire"       daemon [_thread_in_native, id=31956, stack(0x0000002069e00000,0x0000002069f00000) (1024K)]
  0x00000205d3e5dfc0 JavaThread "SerializersBackgroundRegistrar" daemon [_thread_blocked, id=29120, stack(0x0000002069f00000,0x000000206a000000) (1024K)]
  0x00000205eeb597e0 JavaThread "Program"                           [_thread_in_native, id=36424, stack(0x000000206a000000,0x000000206a100000) (1024K)]
  0x00000205ef09e5e0 JavaThread "BaseDataReader: output stream of Program"        [_thread_in_native, id=30896, stack(0x000000206a100000,0x000000206a200000) (1024K)]
  0x00000205ef0a2780 JavaThread "BaseDataReader: error stream of Program"        [_thread_in_native, id=33828, stack(0x000000206a200000,0x000000206a300000) (1024K)]
  0x00000205ef09d230 JavaThread "DefaultDispatcher-worker-13" daemon [_thread_blocked, id=37156, stack(0x000000206a800000,0x000000206a900000) (1024K)]
  0x00000205ef588ae0 JavaThread "PeriodicMetricReader"       daemon [_thread_blocked, id=14064, stack(0x000000206aa00000,0x000000206ab00000) (1024K)]
  0x00000205ef583c20 JavaThread "Coroutines Debugger Cleaner" daemon [_thread_blocked, id=36688, stack(0x000000206ab00000,0x000000206ac00000) (1024K)]
  0x00000205ef582f00 JavaThread "JVMResponsivenessMonitor"   daemon [_thread_blocked, id=33076, stack(0x000000206ac00000,0x000000206ad00000) (1024K)]
  0x00000206650f34e0 JavaThread "Periodic tasks thread"      daemon [_thread_blocked, id=34000, stack(0x000000206ad00000,0x000000206ae00000) (1024K)]
  0x00000206650f1aa0 JavaThread "AndroidAdbSessionHost"             [_thread_in_native, id=35048, stack(0x000000206ae00000,0x000000206af00000) (1024K)]
  0x00000206658e4150 JavaThread "JNA Cleaner"                daemon [_thread_blocked, id=29776, stack(0x000000206af00000,0x000000206b000000) (1024K)]
  0x000002066f92d610 JavaThread "Netty Builtin Server 1"     daemon [_thread_in_native, id=12732, stack(0x000000206b000000,0x000000206b100000) (1024K)]
  0x0000020675b44b90 JavaThread "fsnotifier.exe"                    [_thread_in_native, id=33260, stack(0x000000206b300000,0x000000206b400000) (1024K)]
  0x0000020675b437e0 JavaThread "BaseDataReader: output stream of fsnotifier.exe"        [_thread_in_native, id=24748, stack(0x000000206b400000,0x000000206b500000) (1024K)]
  0x0000020675b44500 JavaThread "BaseDataReader: error stream of fsnotifier.exe"        [_thread_in_native, id=31292, stack(0x000000206b500000,0x000000206b600000) (1024K)]
  0x0000020675b06ad0 JavaThread "pool-4-thread-1"                   [_thread_blocked, id=12540, stack(0x000000206b600000,0x000000206b700000) (1024K)]
  0x000002067612a700 JavaThread "DefaultDispatcher-worker-9" daemon [_thread_blocked, id=32624, stack(0x000000206bd00000,0x000000206be00000) (1024K)]
  0x0000020675a8bd30 JavaThread "BackgroundScheduler"        daemon [_thread_blocked, id=31220, stack(0x000000206c000000,0x000000206c100000) (1024K)]
  0x00000206760fc070 JavaThread "TimerQueue"                 daemon [_thread_blocked, id=37632, stack(0x000000206c200000,0x000000206c300000) (1024K)]
  0x000002068c496a00 JavaThread "Jndi-Dns-address-change-listener" daemon [_thread_in_native, id=33164, stack(0x000000206c300000,0x000000206c400000) (1024K)]
  0x00000206a608b6e0 JavaThread "rd throttler"               daemon [_thread_blocked, id=22776, stack(0x000000206cd00000,0x000000206ce00000) (1024K)]
  0x00000206a481b910 JavaThread "WorkspaceModelUpdater"      daemon [_thread_blocked, id=33324, stack(0x000000206cf00000,0x000000206d000000) (1024K)]
  0x00000205d2292760 JavaThread "Thread-37"                  daemon [_thread_in_native, id=37040, stack(0x000000206a300000,0x000000206a400000) (1024K)]
  0x00000206a7c9beb0 JavaThread "Windows Shell integration"  daemon [_thread_blocked, id=21664, stack(0x000000206d800000,0x000000206d900000) (1024K)]
  0x00000206aeb85f80 JavaThread "DefaultDispatcher-worker-3" daemon [_thread_blocked, id=35132, stack(0x000000206eb00000,0x000000206ec00000) (1024K)]
  0x00000206ae7a61c0 JavaThread "DefaultDispatcher-worker-6" daemon [_thread_blocked, id=36380, stack(0x000000206f500000,0x000000206f600000) (1024K)]
  0x00000206ae7b1d20 JavaThread "DefaultDispatcher-worker-11" daemon [_thread_blocked, id=11980, stack(0x000000206fb00000,0x000000206fc00000) (1024K)]
  0x00000206ae839080 JavaThread "DefaultDispatcher-worker-4" daemon [_thread_blocked, id=37732, stack(0x0000002070400000,0x0000002070500000) (1024K)]
  0x00000206ae83c500 JavaThread "DefaultDispatcher-worker-16" daemon [_thread_blocked, id=32900, stack(0x0000002070600000,0x0000002070700000) (1024K)]
  0x00000206ae944200 JavaThread "DefaultDispatcher-worker-15" daemon [_thread_blocked, id=33192, stack(0x0000002070c00000,0x0000002070d00000) (1024K)]
  0x00000206ae944f20 JavaThread "DefaultDispatcher-worker-8" daemon [_thread_blocked, id=33728, stack(0x0000002071000000,0x0000002071100000) (1024K)]
  0x00000206b3a616d0 JavaThread "Thread-87"                  daemon [_thread_blocked, id=35756, stack(0x0000002071500000,0x0000002071600000) (1024K)]
  0x00000206b4c88ab0 JavaThread "ProtocolInstanceWatcher"           [_thread_blocked, id=32028, stack(0x0000002072c00000,0x0000002072d00000) (1024K)]
  0x00000206a8716680 JavaThread "FileSystemWatchService"     daemon [_thread_in_native, id=18964, stack(0x0000002072d00000,0x0000002072e00000) (1024K)]
  0x00000206a85ec660 JavaThread "TodoBrowserHostScheduler"   daemon [_thread_blocked, id=37756, stack(0x0000002072e00000,0x0000002072f00000) (1024K)]
  0x00000206b55d3160 JavaThread "DefaultDispatcher-worker-5" daemon [_thread_blocked, id=37516, stack(0x0000002068600000,0x0000002068700000) (1024K)]
  0x000002069a812040 JavaThread "DefaultDispatcher-worker-10" daemon [_thread_blocked, id=29796, stack(0x0000002068800000,0x0000002068900000) (1024K)]
  0x00000206b55d1db0 JavaThread "DefaultDispatcher-worker-12" daemon [_thread_blocked, id=7160, stack(0x0000002068900000,0x0000002068a00000) (1024K)]
  0x00000206b121ec90 JavaThread "Monitor"                           [_thread_in_native, id=33480, stack(0x0000002066100000,0x0000002066200000) (1024K)]
  0x00000206b121e600 JavaThread "Device List Monitor"               [_thread_in_native, id=35176, stack(0x0000002067c00000,0x0000002067d00000) (1024K)]
  0x00000206c0bfcf20 JavaThread "DefaultDispatcher-worker-1" daemon [_thread_blocked, id=38688, stack(0x0000002067f00000,0x0000002068000000) (1024K)]
  0x000002068c2f3460 JavaThread "DefaultDispatcher-worker-17" daemon [_thread_blocked, id=38532, stack(0x0000002066000000,0x0000002066100000) (1024K)]
  0x00000206b55d0370 JavaThread "DefaultDispatcher-worker-18" daemon [_thread_blocked, id=28404, stack(0x0000002067d00000,0x0000002067e00000) (1024K)]
  0x00000206aeb879c0 JavaThread "DefaultDispatcher-worker-20" daemon [_thread_blocked, id=31276, stack(0x0000002067e00000,0x0000002067f00000) (1024K)]
  0x00000206a6089ca0 JavaThread "DefaultDispatcher-worker-19" daemon [_thread_blocked, id=24228, stack(0x0000002068100000,0x0000002068200000) (1024K)]
  0x000002068c2f2dd0 JavaThread "DefaultDispatcher-worker-21" daemon [_thread_blocked, id=27120, stack(0x0000002068200000,0x0000002068300000) (1024K)]
  0x00000206bc9d4ca0 JavaThread "DefaultDispatcher-worker-24" daemon [_thread_blocked, id=36996, stack(0x0000002068300000,0x0000002068400000) (1024K)]
  0x00000206aeb858f0 JavaThread "DefaultDispatcher-worker-23" daemon [_thread_blocked, id=6788, stack(0x0000002068400000,0x0000002068500000) (1024K)]
  0x00000206bd9e3410 JavaThread "DefaultDispatcher-worker-22" daemon [_thread_blocked, id=37628, stack(0x0000002068500000,0x0000002068600000) (1024K)]
  0x00000206bc4a7170 JavaThread "JobScheduler FJ pool 0/15"  daemon [_thread_blocked, id=33700, stack(0x0000002068a00000,0x0000002068b00000) (1024K)]
  0x00000206bd5325c0 JavaThread "JobScheduler FJ pool 2/15"  daemon [_thread_blocked, id=38492, stack(0x000000206a400000,0x000000206a500000) (1024K)]
  0x00000206a799d4b0 JavaThread "JobScheduler FJ pool 3/15"  daemon [_thread_blocked, id=408, stack(0x000000206a500000,0x000000206a600000) (1024K)]
  0x00000206bd534690 JavaThread "JobScheduler FJ pool 5/15"  daemon [_thread_blocked, id=38724, stack(0x000000206a600000,0x000000206a700000) (1024K)]
  0x00000206b324e230 JavaThread "full-line-inference.exe"           [_thread_in_native, id=13444, stack(0x000000206a900000,0x000000206aa00000) (1024K)]
  0x00000206c15cc690 JavaThread "JobScheduler FJ pool 1/15"  daemon [_thread_blocked, id=24212, stack(0x000000206b900000,0x000000206ba00000) (1024K)]
  0x00000206bd9e54e0 JavaThread "JobScheduler FJ pool 4/15"  daemon [_thread_blocked, id=18996, stack(0x000000206ba00000,0x000000206bb00000) (1024K)]
  0x00000206ae77e950 JavaThread "JobScheduler FJ pool 6/15"  daemon [_thread_blocked, id=38616, stack(0x000000206bb00000,0x000000206bc00000) (1024K)]
  0x000002069a812d60 JavaThread "JobScheduler FJ pool 7/15"  daemon [_thread_blocked, id=13648, stack(0x000000206bc00000,0x000000206bd00000) (1024K)]
  0x00000206ae77fd00 JavaThread "JobScheduler FJ pool 8/15"  daemon [_thread_blocked, id=31616, stack(0x000000206be00000,0x000000206bf00000) (1024K)]
  0x00000206c15c98a0 JavaThread "JobScheduler FJ pool 9/15"  daemon [_thread_blocked, id=37924, stack(0x000000206bf00000,0x000000206c000000) (1024K)]
  0x00000206ae77f670 JavaThread "JobScheduler FJ pool 10/15" daemon [_thread_blocked, id=14748, stack(0x000000206c100000,0x000000206c200000) (1024K)]
  0x00000206c15cda40 JavaThread "JobScheduler FJ pool 11/15" daemon [_thread_blocked, id=34876, stack(0x000000206c500000,0x000000206c600000) (1024K)]
  0x00000206aeb886e0 JavaThread "JobScheduler FJ pool 12/15" daemon [_thread_blocked, id=9180, stack(0x000000206c600000,0x000000206c700000) (1024K)]
  0x00000206a8711e50 JavaThread "JobScheduler FJ pool 13/15" daemon [_thread_blocked, id=38168, stack(0x000000206c700000,0x000000206c800000) (1024K)]
  0x000002069a810600 JavaThread "JobScheduler FJ pool 14/15" daemon [_thread_blocked, id=9604, stack(0x000000206c800000,0x000000206c900000) (1024K)]
  0x00000206a799c100 JavaThread "DefaultDispatcher-worker-25" daemon [_thread_blocked, id=30736, stack(0x000000206cb00000,0x000000206cc00000) (1024K)]
  0x00000206a8717a30 JavaThread "ApplicationImpl pooled thread 25"        [_thread_blocked, id=38900, stack(0x0000002069500000,0x0000002069600000) (1024K)]
  0x00000206a87180c0 JavaThread "ApplicationImpl pooled thread 26"        [_thread_blocked, id=38572, stack(0x000000206a700000,0x000000206a800000) (1024K)]
  0x00000206adbd0ac0 JavaThread "BaseDataReader: output stream of full-line-inference.exe"        [_thread_in_native, id=11740, stack(0x000000206b200000,0x000000206b300000) (1024K)]
  0x00000206a3a7a630 JavaThread "BaseDataReader: error stream of full-line-inference.exe"        [_thread_in_native, id=24308, stack(0x000000206b700000,0x000000206b800000) (1024K)]
  0x00000206c1691ca0 JavaThread "grpc-nio-worker-ELG-1-1"    daemon [_thread_in_native, id=26956, stack(0x000000206ca00000,0x000000206cb00000) (1024K)]
  0x000002069a8126d0 JavaThread "grpc-nio-worker-ELG-1-2"    daemon [_thread_in_native, id=34912, stack(0x000000206ce00000,0x000000206cf00000) (1024K)]
  0x000002069a8133f0 JavaThread "grpc-nio-worker-ELG-1-3"    daemon [_thread_in_native, id=36480, stack(0x000000206d000000,0x000000206d100000) (1024K)]
  0x00000206c396d040 JavaThread "I/O pool 37"                       [_thread_blocked, id=36652, stack(0x000000206d300000,0x000000206d400000) (1024K)]
  0x0000020699d58a30 JavaThread "I/O pool 40"                       [_thread_blocked, id=4996, stack(0x0000002067a00000,0x0000002067b00000) (1024K)]
  0x00000206c32a8c70 JavaThread "I/O pool 41"                       [_thread_blocked, id=35708, stack(0x000000206cc00000,0x000000206cd00000) (1024K)]
  0x00000206c3a47660 JavaThread "ApplicationImpl pooled thread 28"        [_thread_blocked, id=34932, stack(0x000000206b800000,0x000000206b900000) (1024K)]
  0x00000206c32a9300 JavaThread "ApplicationImpl pooled thread 29"        [_thread_blocked, id=38312, stack(0x000000206d400000,0x000000206d500000) (1024K)]
Total: 102

Other Threads:
  0x00000205ffe13270 VMThread "VM Thread"                           [id=29576, stack(0x0000002066a00000,0x0000002066b00000) (1024K)]
  0x00000205ffdfd190 WatcherThread "VM Periodic Task Thread"        [id=2160, stack(0x0000002066900000,0x0000002066a00000) (1024K)]
  0x00000205f8250000 WorkerThread "GC Thread#0"                     [id=27248, stack(0x0000002066400000,0x0000002066500000) (1024K)]
  0x00000205a96048e0 WorkerThread "GC Thread#1"                     [id=32620, stack(0x0000002067400000,0x0000002067500000) (1024K)]
  0x00000205a98a2e70 WorkerThread "GC Thread#2"                     [id=34196, stack(0x0000002067500000,0x0000002067600000) (1024K)]
  0x00000205a97a7e70 WorkerThread "GC Thread#3"                     [id=25504, stack(0x0000002067600000,0x0000002067700000) (1024K)]
  0x00000205a99315a0 WorkerThread "GC Thread#4"                     [id=19020, stack(0x0000002067700000,0x0000002067800000) (1024K)]
  0x00000205a9932150 WorkerThread "GC Thread#5"                     [id=12688, stack(0x0000002067800000,0x0000002067900000) (1024K)]
  0x00000205d2f1b5a0 WorkerThread "GC Thread#6"                     [id=35192, stack(0x0000002068b00000,0x0000002068c00000) (1024K)]
  0x00000205d2f1b940 WorkerThread "GC Thread#7"                     [id=36976, stack(0x0000002068c00000,0x0000002068d00000) (1024K)]
  0x00000205d2f1ae60 WorkerThread "GC Thread#8"                     [id=5112, stack(0x0000002068d00000,0x0000002068e00000) (1024K)]
  0x00000205d2f1d2a0 WorkerThread "GC Thread#9"                     [id=36228, stack(0x0000002068e00000,0x0000002068f00000) (1024K)]
  0x00000205d2f1c080 WorkerThread "GC Thread#10"                    [id=30792, stack(0x0000002068f00000,0x0000002069000000) (1024K)]
  0x00000205d2f1a720 WorkerThread "GC Thread#11"                    [id=35916, stack(0x0000002069b00000,0x0000002069c00000) (1024K)]
  0x00000205d41b75b0 WorkerThread "GC Thread#12"                    [id=13472, stack(0x0000002069c00000,0x0000002069d00000) (1024K)]
  0x00000205f5c8df90 ConcurrentGCThread "G1 Main Marker"            [id=28476, stack(0x0000002066500000,0x0000002066600000) (1024K)]
  0x00000205f825e150 WorkerThread "G1 Conc#0"                       [id=24644, stack(0x0000002066600000,0x0000002066700000) (1024K)]
  0x00000205d2f1cb60 WorkerThread "G1 Conc#1"                       [id=3756, stack(0x0000002069000000,0x0000002069100000) (1024K)]
  0x00000205d2f1a380 WorkerThread "G1 Conc#2"                       [id=12352, stack(0x0000002069100000,0x0000002069200000) (1024K)]
  0x00000205ffcd0eb0 ConcurrentGCThread "G1 Refine#0"               [id=30852, stack(0x0000002066700000,0x0000002066800000) (1024K)]
  0x00000205ffcd1930 ConcurrentGCThread "G1 Service"                [id=36528, stack(0x0000002066800000,0x0000002066900000) (1024K)]
Total: 21

Threads with active compile tasks:
C2 CompilerThread0  1322735 61713       4       com.intellij.codeInsight.lookup.ComparingClassifier::classify (192 bytes)
Total: 1

VM state: not at safepoint (normal execution)

VM Mutex/Monitor currently owned by a thread: None

Heap address: 0x0000000701400000, size: 4076 MB, Compressed Oops mode: Zero based, Oop shift amount: 3

CDS archive(s) not mapped
Compressed class space mapped at: 0x0000000800000000-0x0000000840000000, reserved size: 1073741824
Narrow klass base: 0x0000000800000000, Narrow klass shift: 0, Narrow klass range: 0x40000000

GC Precious Log:
 CardTable entry size: 512
 Card Set container configuration: InlinePtr #cards 4 size 8 Array Of Cards #cards 16 size 48 Howl #buckets 8 coarsen threshold 3686 Howl Bitmap #cards 512 size 80 coarsen threshold 460 Card regions per heap region 1 cards per card region 4096
 CPUs: 16 total, 16 available
 Memory: 32605M
 Large Page Support: Disabled
 NUMA Support: Disabled
 Compressed Oops: Enabled (Zero based)
 Heap Region Size: 2M
 Heap Min Capacity: 128M
 Heap Initial Capacity: 128M
 Heap Max Capacity: 4076M
 Pre-touch: Disabled
 Parallel Workers: 13
 Concurrent Workers: 3
 Concurrent Refinement Workers: 13
 Periodic GC: Disabled

Heap:
 garbage-first heap   total 847872K, used 642282K [0x0000000701400000, 0x0000000800000000)
  region size 2048K, 137 young (280576K), 11 survivors (22528K)
 Metaspace       used 366084K, committed 370368K, reserved 1376256K
  class space    used 43793K, committed 45760K, reserved 1048576K

Heap Regions: E=young(eden), S=young(survivor), O=old, HS=humongous(starts), HC=humongous(continues), CS=collection set, F=free, TAMS=top-at-mark-start, PB=parsable bottom
|   0|0x0000000701400000, 0x0000000701600000, 0x0000000701600000|100%|HS|  |TAMS 0x0000000701400000| PB 0x0000000701400000| Complete 
|   1|0x0000000701600000, 0x0000000701800000, 0x0000000701800000|100%|HS|  |TAMS 0x0000000701600000| PB 0x0000000701600000| Complete 
|   2|0x0000000701800000, 0x0000000701a00000, 0x0000000701a00000|100%| O|  |TAMS 0x0000000701800000| PB 0x0000000701800000| Untracked 
|   3|0x0000000701a00000, 0x0000000701c00000, 0x0000000701c00000|100%| O|  |TAMS 0x0000000701a00000| PB 0x0000000701a00000| Untracked 
|   4|0x0000000701c00000, 0x0000000701e00000, 0x0000000701e00000|100%| O|  |TAMS 0x0000000701c00000| PB 0x0000000701c00000| Untracked 
|   5|0x0000000701e00000, 0x0000000702000000, 0x0000000702000000|100%| O|  |TAMS 0x0000000701e00000| PB 0x0000000701e00000| Untracked 
|   6|0x0000000702000000, 0x0000000702200000, 0x0000000702200000|100%| O|  |TAMS 0x0000000702000000| PB 0x0000000702000000| Untracked 
|   7|0x0000000702200000, 0x0000000702400000, 0x0000000702400000|100%|HS|  |TAMS 0x0000000702200000| PB 0x0000000702200000| Complete 
|   8|0x0000000702400000, 0x0000000702600000, 0x0000000702600000|100%|HC|  |TAMS 0x0000000702400000| PB 0x0000000702400000| Complete 
|   9|0x0000000702600000, 0x0000000702800000, 0x0000000702800000|100%|HS|  |TAMS 0x0000000702600000| PB 0x0000000702600000| Complete 
|  10|0x0000000702800000, 0x0000000702a00000, 0x0000000702a00000|100%|HC|  |TAMS 0x0000000702800000| PB 0x0000000702800000| Complete 
|  11|0x0000000702a00000, 0x0000000702c00000, 0x0000000702c00000|100%| O|  |TAMS 0x0000000702a00000| PB 0x0000000702a00000| Untracked 
|  12|0x0000000702c00000, 0x0000000702e00000, 0x0000000702e00000|100%| O|  |TAMS 0x0000000702c00000| PB 0x0000000702c00000| Untracked 
|  13|0x0000000702e00000, 0x0000000703000000, 0x0000000703000000|100%| O|  |TAMS 0x0000000702e00000| PB 0x0000000702e00000| Untracked 
|  14|0x0000000703000000, 0x0000000703200000, 0x0000000703200000|100%| O|  |TAMS 0x0000000703000000| PB 0x0000000703000000| Untracked 
|  15|0x0000000703200000, 0x0000000703400000, 0x0000000703400000|100%| O|  |TAMS 0x0000000703200000| PB 0x0000000703200000| Untracked 
|  16|0x0000000703400000, 0x0000000703600000, 0x0000000703600000|100%| O|  |TAMS 0x0000000703400000| PB 0x0000000703400000| Untracked 
|  17|0x0000000703600000, 0x0000000703800000, 0x0000000703800000|100%| O|  |TAMS 0x0000000703600000| PB 0x0000000703600000| Untracked 
|  18|0x0000000703800000, 0x0000000703a00000, 0x0000000703a00000|100%| O|  |TAMS 0x0000000703800000| PB 0x0000000703800000| Untracked 
|  19|0x0000000703a00000, 0x0000000703c00000, 0x0000000703c00000|100%| O|  |TAMS 0x0000000703a00000| PB 0x0000000703a00000| Untracked 
|  20|0x0000000703c00000, 0x0000000703e00000, 0x0000000703e00000|100%|HS|  |TAMS 0x0000000703c00000| PB 0x0000000703c00000| Complete 
|  21|0x0000000703e00000, 0x0000000704000000, 0x0000000704000000|100%| O|Cm|TAMS 0x0000000703e00000| PB 0x0000000703e00000| Complete 
|  22|0x0000000704000000, 0x0000000704200000, 0x0000000704200000|100%| O|  |TAMS 0x0000000704000000| PB 0x0000000704000000| Untracked 
|  23|0x0000000704200000, 0x0000000704400000, 0x0000000704400000|100%| O|  |TAMS 0x0000000704200000| PB 0x0000000704200000| Untracked 
|  24|0x0000000704400000, 0x0000000704600000, 0x0000000704600000|100%| O|  |TAMS 0x0000000704400000| PB 0x0000000704400000| Untracked 
|  25|0x0000000704600000, 0x0000000704800000, 0x0000000704800000|100%| O|  |TAMS 0x0000000704600000| PB 0x0000000704600000| Untracked 
|  26|0x0000000704800000, 0x0000000704a00000, 0x0000000704a00000|100%| O|  |TAMS 0x0000000704800000| PB 0x0000000704800000| Untracked 
|  27|0x0000000704a00000, 0x0000000704c00000, 0x0000000704c00000|100%| O|  |TAMS 0x0000000704a00000| PB 0x0000000704a00000| Untracked 
|  28|0x0000000704c00000, 0x0000000704e00000, 0x0000000704e00000|100%| O|  |TAMS 0x0000000704c00000| PB 0x0000000704c00000| Untracked 
|  29|0x0000000704e00000, 0x0000000705000000, 0x0000000705000000|100%| O|  |TAMS 0x0000000704e00000| PB 0x0000000704e00000| Untracked 
|  30|0x0000000705000000, 0x0000000705200000, 0x0000000705200000|100%| O|  |TAMS 0x0000000705000000| PB 0x0000000705000000| Untracked 
|  31|0x0000000705200000, 0x0000000705400000, 0x0000000705400000|100%| O|  |TAMS 0x0000000705200000| PB 0x0000000705200000| Untracked 
|  32|0x0000000705400000, 0x0000000705600000, 0x0000000705600000|100%| O|  |TAMS 0x0000000705400000| PB 0x0000000705400000| Untracked 
|  33|0x0000000705600000, 0x0000000705800000, 0x0000000705800000|100%| O|  |TAMS 0x0000000705600000| PB 0x0000000705600000| Untracked 
|  34|0x0000000705800000, 0x0000000705a00000, 0x0000000705a00000|100%| O|  |TAMS 0x0000000705800000| PB 0x0000000705800000| Untracked 
|  35|0x0000000705a00000, 0x0000000705c00000, 0x0000000705c00000|100%| O|  |TAMS 0x0000000705a00000| PB 0x0000000705a00000| Untracked 
|  36|0x0000000705c00000, 0x0000000705e00000, 0x0000000705e00000|100%| O|  |TAMS 0x0000000705c00000| PB 0x0000000705c00000| Untracked 
|  37|0x0000000705e00000, 0x0000000706000000, 0x0000000706000000|100%| O|  |TAMS 0x0000000705e00000| PB 0x0000000705e00000| Untracked 
|  38|0x0000000706000000, 0x0000000706200000, 0x0000000706200000|100%| O|  |TAMS 0x0000000706000000| PB 0x0000000706000000| Untracked 
|  39|0x0000000706200000, 0x0000000706400000, 0x0000000706400000|100%| O|  |TAMS 0x0000000706200000| PB 0x0000000706200000| Untracked 
|  40|0x0000000706400000, 0x0000000706600000, 0x0000000706600000|100%| O|  |TAMS 0x0000000706400000| PB 0x0000000706400000| Untracked 
|  41|0x0000000706600000, 0x0000000706800000, 0x0000000706800000|100%| O|  |TAMS 0x0000000706600000| PB 0x0000000706600000| Untracked 
|  42|0x0000000706800000, 0x0000000706a00000, 0x0000000706a00000|100%| O|Cm|TAMS 0x0000000706800000| PB 0x0000000706800000| Complete 
|  43|0x0000000706a00000, 0x0000000706c00000, 0x0000000706c00000|100%|HS|  |TAMS 0x0000000706a00000| PB 0x0000000706a00000| Complete 
|  44|0x0000000706c00000, 0x0000000706e00000, 0x0000000706e00000|100%|HC|  |TAMS 0x0000000706c00000| PB 0x0000000706c00000| Complete 
|  45|0x0000000706e00000, 0x0000000707000000, 0x0000000707000000|100%|HS|  |TAMS 0x0000000706e00000| PB 0x0000000706e00000| Complete 
|  46|0x0000000707000000, 0x0000000707200000, 0x0000000707200000|100%|HC|  |TAMS 0x0000000707000000| PB 0x0000000707000000| Complete 
|  47|0x0000000707200000, 0x0000000707400000, 0x0000000707400000|100%| O|  |TAMS 0x0000000707200000| PB 0x0000000707200000| Untracked 
|  48|0x0000000707400000, 0x0000000707600000, 0x0000000707600000|100%|HS|  |TAMS 0x0000000707400000| PB 0x0000000707400000| Complete 
|  49|0x0000000707600000, 0x0000000707800000, 0x0000000707800000|100%|HC|  |TAMS 0x0000000707600000| PB 0x0000000707600000| Complete 
|  50|0x0000000707800000, 0x0000000707a00000, 0x0000000707a00000|100%|HC|  |TAMS 0x0000000707800000| PB 0x0000000707800000| Complete 
|  51|0x0000000707a00000, 0x0000000707c00000, 0x0000000707c00000|100%|HC|  |TAMS 0x0000000707a00000| PB 0x0000000707a00000| Complete 
|  52|0x0000000707c00000, 0x0000000707e00000, 0x0000000707e00000|100%|HC|  |TAMS 0x0000000707c00000| PB 0x0000000707c00000| Complete 
|  53|0x0000000707e00000, 0x0000000708000000, 0x0000000708000000|100%| O|  |TAMS 0x0000000707e00000| PB 0x0000000707e00000| Untracked 
|  54|0x0000000708000000, 0x0000000708200000, 0x0000000708200000|100%| O|  |TAMS 0x0000000708000000| PB 0x0000000708000000| Untracked 
|  55|0x0000000708200000, 0x0000000708400000, 0x0000000708400000|100%| O|Cm|TAMS 0x0000000708200000| PB 0x0000000708200000| Complete 
|  56|0x0000000708400000, 0x0000000708600000, 0x0000000708600000|100%| O|  |TAMS 0x0000000708400000| PB 0x0000000708400000| Untracked 
|  57|0x0000000708600000, 0x0000000708800000, 0x0000000708800000|100%|HS|  |TAMS 0x0000000708600000| PB 0x0000000708600000| Complete 
|  58|0x0000000708800000, 0x0000000708a00000, 0x0000000708a00000|100%|HS|  |TAMS 0x0000000708800000| PB 0x0000000708800000| Complete 
|  59|0x0000000708a00000, 0x0000000708c00000, 0x0000000708c00000|100%|HS|  |TAMS 0x0000000708a00000| PB 0x0000000708a00000| Complete 
|  60|0x0000000708c00000, 0x0000000708e00000, 0x0000000708e00000|100%| O|  |TAMS 0x0000000708c00000| PB 0x0000000708c00000| Untracked 
|  61|0x0000000708e00000, 0x0000000709000000, 0x0000000709000000|100%| O|Cm|TAMS 0x0000000708e00000| PB 0x0000000708e00000| Complete 
|  62|0x0000000709000000, 0x0000000709200000, 0x0000000709200000|100%| O|  |TAMS 0x0000000709000000| PB 0x0000000709000000| Untracked 
|  63|0x0000000709200000, 0x0000000709400000, 0x0000000709400000|100%| O|Cm|TAMS 0x0000000709200000| PB 0x0000000709200000| Complete 
|  64|0x0000000709400000, 0x0000000709600000, 0x0000000709600000|100%| O|  |TAMS 0x0000000709400000| PB 0x0000000709400000| Untracked 
|  65|0x0000000709600000, 0x0000000709800000, 0x0000000709800000|100%| O|  |TAMS 0x0000000709600000| PB 0x0000000709600000| Untracked 
|  66|0x0000000709800000, 0x0000000709a00000, 0x0000000709a00000|100%|HS|  |TAMS 0x0000000709800000| PB 0x0000000709800000| Complete 
|  67|0x0000000709a00000, 0x0000000709c00000, 0x0000000709c00000|100%|HC|  |TAMS 0x0000000709a00000| PB 0x0000000709a00000| Complete 
|  68|0x0000000709c00000, 0x0000000709e00000, 0x0000000709e00000|100%|HC|  |TAMS 0x0000000709c00000| PB 0x0000000709c00000| Complete 
|  69|0x0000000709e00000, 0x000000070a000000, 0x000000070a000000|100%|HC|  |TAMS 0x0000000709e00000| PB 0x0000000709e00000| Complete 
|  70|0x000000070a000000, 0x000000070a200000, 0x000000070a200000|100%|HC|  |TAMS 0x000000070a000000| PB 0x000000070a000000| Complete 
|  71|0x000000070a200000, 0x000000070a400000, 0x000000070a400000|100%| O|  |TAMS 0x000000070a200000| PB 0x000000070a200000| Untracked 
|  72|0x000000070a400000, 0x000000070a600000, 0x000000070a600000|100%| O|  |TAMS 0x000000070a400000| PB 0x000000070a400000| Untracked 
|  73|0x000000070a600000, 0x000000070a800000, 0x000000070a800000|100%| O|  |TAMS 0x000000070a600000| PB 0x000000070a600000| Untracked 
|  74|0x000000070a800000, 0x000000070aa00000, 0x000000070aa00000|100%|HS|  |TAMS 0x000000070a800000| PB 0x000000070a800000| Complete 
|  75|0x000000070aa00000, 0x000000070ac00000, 0x000000070ac00000|100%| O|  |TAMS 0x000000070aa00000| PB 0x000000070aa00000| Untracked 
|  76|0x000000070ac00000, 0x000000070ae00000, 0x000000070ae00000|100%| O|  |TAMS 0x000000070ac00000| PB 0x000000070ac00000| Untracked 
|  77|0x000000070ae00000, 0x000000070b000000, 0x000000070b000000|100%| O|  |TAMS 0x000000070ae00000| PB 0x000000070ae00000| Untracked 
|  78|0x000000070b000000, 0x000000070b200000, 0x000000070b200000|100%| O|  |TAMS 0x000000070b000000| PB 0x000000070b000000| Untracked 
|  79|0x000000070b200000, 0x000000070b400000, 0x000000070b400000|100%| O|  |TAMS 0x000000070b200000| PB 0x000000070b200000| Untracked 
|  80|0x000000070b400000, 0x000000070b600000, 0x000000070b600000|100%|HS|  |TAMS 0x000000070b400000| PB 0x000000070b400000| Complete 
|  81|0x000000070b600000, 0x000000070b800000, 0x000000070b800000|100%| O|  |TAMS 0x000000070b600000| PB 0x000000070b600000| Untracked 
|  82|0x000000070b800000, 0x000000070ba00000, 0x000000070ba00000|100%| O|  |TAMS 0x000000070b800000| PB 0x000000070b800000| Untracked 
|  83|0x000000070ba00000, 0x000000070bc00000, 0x000000070bc00000|100%| O|  |TAMS 0x000000070ba00000| PB 0x000000070ba00000| Untracked 
|  84|0x000000070bc00000, 0x000000070be00000, 0x000000070be00000|100%| O|  |TAMS 0x000000070bc00000| PB 0x000000070bc00000| Untracked 
|  85|0x000000070be00000, 0x000000070c000000, 0x000000070c000000|100%| O|  |TAMS 0x000000070be00000| PB 0x000000070be00000| Untracked 
|  86|0x000000070c000000, 0x000000070c200000, 0x000000070c200000|100%| O|  |TAMS 0x000000070c000000| PB 0x000000070c000000| Untracked 
|  87|0x000000070c200000, 0x000000070c400000, 0x000000070c400000|100%|HS|  |TAMS 0x000000070c200000| PB 0x000000070c200000| Complete 
|  88|0x000000070c400000, 0x000000070c600000, 0x000000070c600000|100%|HC|  |TAMS 0x000000070c400000| PB 0x000000070c400000| Complete 
|  89|0x000000070c600000, 0x000000070c800000, 0x000000070c800000|100%|HC|  |TAMS 0x000000070c600000| PB 0x000000070c600000| Complete 
|  90|0x000000070c800000, 0x000000070ca00000, 0x000000070ca00000|100%|HC|  |TAMS 0x000000070c800000| PB 0x000000070c800000| Complete 
|  91|0x000000070ca00000, 0x000000070cc00000, 0x000000070cc00000|100%| O|  |TAMS 0x000000070ca00000| PB 0x000000070ca00000| Untracked 
|  92|0x000000070cc00000, 0x000000070ce00000, 0x000000070ce00000|100%| O|  |TAMS 0x000000070cc00000| PB 0x000000070cc00000| Untracked 
|  93|0x000000070ce00000, 0x000000070d000000, 0x000000070d000000|100%| O|  |TAMS 0x000000070ce00000| PB 0x000000070ce00000| Untracked 
|  94|0x000000070d000000, 0x000000070d200000, 0x000000070d200000|100%| O|  |TAMS 0x000000070d000000| PB 0x000000070d000000| Untracked 
|  95|0x000000070d200000, 0x000000070d400000, 0x000000070d400000|100%| O|  |TAMS 0x000000070d200000| PB 0x000000070d200000| Untracked 
|  96|0x000000070d400000, 0x000000070d600000, 0x000000070d600000|100%| O|  |TAMS 0x000000070d400000| PB 0x000000070d400000| Untracked 
|  97|0x000000070d600000, 0x000000070d800000, 0x000000070d800000|100%| O|  |TAMS 0x000000070d600000| PB 0x000000070d600000| Untracked 
|  98|0x000000070d800000, 0x000000070da00000, 0x000000070da00000|100%| O|  |TAMS 0x000000070d800000| PB 0x000000070d800000| Untracked 
|  99|0x000000070da00000, 0x000000070dc00000, 0x000000070dc00000|100%| O|  |TAMS 0x000000070da00000| PB 0x000000070da00000| Untracked 
| 100|0x000000070dc00000, 0x000000070de00000, 0x000000070de00000|100%| O|  |TAMS 0x000000070dc00000| PB 0x000000070dc00000| Untracked 
| 101|0x000000070de00000, 0x000000070e000000, 0x000000070e000000|100%| O|  |TAMS 0x000000070de00000| PB 0x000000070de00000| Untracked 
| 102|0x000000070e000000, 0x000000070e200000, 0x000000070e200000|100%|HS|  |TAMS 0x000000070e000000| PB 0x000000070e000000| Complete 
| 103|0x000000070e200000, 0x000000070e400000, 0x000000070e400000|100%| O|  |TAMS 0x000000070e200000| PB 0x000000070e200000| Untracked 
| 104|0x000000070e400000, 0x000000070e600000, 0x000000070e600000|100%| O|Cm|TAMS 0x000000070e400000| PB 0x000000070e400000| Complete 
| 105|0x000000070e600000, 0x000000070e800000, 0x000000070e800000|100%| O|  |TAMS 0x000000070e600000| PB 0x000000070e600000| Untracked 
| 106|0x000000070e800000, 0x000000070ea00000, 0x000000070ea00000|100%| O|  |TAMS 0x000000070e800000| PB 0x000000070e800000| Untracked 
| 107|0x000000070ea00000, 0x000000070ec00000, 0x000000070ec00000|100%| O|  |TAMS 0x000000070ea00000| PB 0x000000070ea00000| Untracked 
| 108|0x000000070ec00000, 0x000000070ec00000, 0x000000070ee00000|  0%| F|  |TAMS 0x000000070ec00000| PB 0x000000070ec00000| Untracked 
| 109|0x000000070ee00000, 0x000000070f000000, 0x000000070f000000|100%| O|  |TAMS 0x000000070ee00000| PB 0x000000070ee00000| Untracked 
| 110|0x000000070f000000, 0x000000070f200000, 0x000000070f200000|100%| O|  |TAMS 0x000000070f000000| PB 0x000000070f000000| Untracked 
| 111|0x000000070f200000, 0x000000070f400000, 0x000000070f400000|100%| O|  |TAMS 0x000000070f200000| PB 0x000000070f200000| Untracked 
| 112|0x000000070f400000, 0x000000070f600000, 0x000000070f600000|100%| O|  |TAMS 0x000000070f400000| PB 0x000000070f400000| Untracked 
| 113|0x000000070f600000, 0x000000070f800000, 0x000000070f800000|100%| O|  |TAMS 0x000000070f600000| PB 0x000000070f600000| Untracked 
| 114|0x000000070f800000, 0x000000070fa00000, 0x000000070fa00000|100%| O|  |TAMS 0x000000070f800000| PB 0x000000070f800000| Untracked 
| 115|0x000000070fa00000, 0x000000070fc00000, 0x000000070fc00000|100%| O|  |TAMS 0x000000070fa00000| PB 0x000000070fa00000| Untracked 
| 116|0x000000070fc00000, 0x000000070fe00000, 0x000000070fe00000|100%| O|  |TAMS 0x000000070fc00000| PB 0x000000070fc00000| Untracked 
| 117|0x000000070fe00000, 0x0000000710000000, 0x0000000710000000|100%| O|  |TAMS 0x000000070fe00000| PB 0x000000070fe00000| Untracked 
| 118|0x0000000710000000, 0x0000000710200000, 0x0000000710200000|100%| O|  |TAMS 0x0000000710000000| PB 0x0000000710000000| Untracked 
| 119|0x0000000710200000, 0x0000000710200000, 0x0000000710400000|  0%| F|  |TAMS 0x0000000710200000| PB 0x0000000710200000| Untracked 
| 120|0x0000000710400000, 0x0000000710400000, 0x0000000710600000|  0%| F|  |TAMS 0x0000000710400000| PB 0x0000000710400000| Untracked 
| 121|0x0000000710600000, 0x0000000710800000, 0x0000000710800000|100%| O|  |TAMS 0x0000000710600000| PB 0x0000000710600000| Untracked 
| 122|0x0000000710800000, 0x0000000710800000, 0x0000000710a00000|  0%| F|  |TAMS 0x0000000710800000| PB 0x0000000710800000| Untracked 
| 123|0x0000000710a00000, 0x0000000710c00000, 0x0000000710c00000|100%| O|  |TAMS 0x0000000710a00000| PB 0x0000000710a00000| Untracked 
| 124|0x0000000710c00000, 0x0000000710e00000, 0x0000000710e00000|100%| O|Cm|TAMS 0x0000000710c00000| PB 0x0000000710c00000| Complete 
| 125|0x0000000710e00000, 0x0000000711000000, 0x0000000711000000|100%|HS|  |TAMS 0x0000000710e00000| PB 0x0000000710e00000| Complete 
| 126|0x0000000711000000, 0x0000000711200000, 0x0000000711200000|100%| O|  |TAMS 0x0000000711000000| PB 0x0000000711000000| Untracked 
| 127|0x0000000711200000, 0x0000000711400000, 0x0000000711400000|100%|HS|  |TAMS 0x0000000711200000| PB 0x0000000711200000| Complete 
| 128|0x0000000711400000, 0x0000000711600000, 0x0000000711600000|100%| O|  |TAMS 0x0000000711400000| PB 0x0000000711400000| Untracked 
| 129|0x0000000711600000, 0x0000000711800000, 0x0000000711800000|100%| O|  |TAMS 0x0000000711600000| PB 0x0000000711600000| Untracked 
| 130|0x0000000711800000, 0x0000000711800000, 0x0000000711a00000|  0%| F|  |TAMS 0x0000000711800000| PB 0x0000000711800000| Untracked 
| 131|0x0000000711a00000, 0x0000000711b44a48, 0x0000000711c00000| 63%| O|  |TAMS 0x0000000711a00000| PB 0x0000000711a00000| Untracked 
| 132|0x0000000711c00000, 0x0000000711e00000, 0x0000000711e00000|100%| O|  |TAMS 0x0000000711c00000| PB 0x0000000711c00000| Untracked 
| 133|0x0000000711e00000, 0x0000000712000000, 0x0000000712000000|100%| O|  |TAMS 0x0000000711e00000| PB 0x0000000711e00000| Untracked 
| 134|0x0000000712000000, 0x0000000712200000, 0x0000000712200000|100%| O|  |TAMS 0x0000000712000000| PB 0x0000000712000000| Untracked 
| 135|0x0000000712200000, 0x0000000712400000, 0x0000000712400000|100%| O|  |TAMS 0x0000000712200000| PB 0x0000000712200000| Untracked 
| 136|0x0000000712400000, 0x0000000712600000, 0x0000000712600000|100%| O|  |TAMS 0x0000000712400000| PB 0x0000000712400000| Untracked 
| 137|0x0000000712600000, 0x0000000712800000, 0x0000000712800000|100%| O|  |TAMS 0x0000000712600000| PB 0x0000000712600000| Untracked 
| 138|0x0000000712800000, 0x0000000712a00000, 0x0000000712a00000|100%| O|  |TAMS 0x0000000712800000| PB 0x0000000712800000| Untracked 
| 139|0x0000000712a00000, 0x0000000712c00000, 0x0000000712c00000|100%| O|  |TAMS 0x0000000712a00000| PB 0x0000000712a00000| Untracked 
| 140|0x0000000712c00000, 0x0000000712e00000, 0x0000000712e00000|100%| O|  |TAMS 0x0000000712c00000| PB 0x0000000712c00000| Untracked 
| 141|0x0000000712e00000, 0x0000000713000000, 0x0000000713000000|100%| O|  |TAMS 0x0000000712e00000| PB 0x0000000712e00000| Untracked 
| 142|0x0000000713000000, 0x0000000713200000, 0x0000000713200000|100%| O|  |TAMS 0x0000000713000000| PB 0x0000000713000000| Untracked 
| 143|0x0000000713200000, 0x0000000713400000, 0x0000000713400000|100%| O|  |TAMS 0x0000000713200000| PB 0x0000000713200000| Untracked 
| 144|0x0000000713400000, 0x0000000713600000, 0x0000000713600000|100%| O|  |TAMS 0x0000000713400000| PB 0x0000000713400000| Untracked 
| 145|0x0000000713600000, 0x0000000713800000, 0x0000000713800000|100%| O|  |TAMS 0x0000000713600000| PB 0x0000000713600000| Untracked 
| 146|0x0000000713800000, 0x0000000713800000, 0x0000000713a00000|  0%| F|  |TAMS 0x0000000713800000| PB 0x0000000713800000| Untracked 
| 147|0x0000000713a00000, 0x0000000713c00000, 0x0000000713c00000|100%| O|  |TAMS 0x0000000713a00000| PB 0x0000000713a00000| Untracked 
| 148|0x0000000713c00000, 0x0000000713c00000, 0x0000000713e00000|  0%| F|  |TAMS 0x0000000713c00000| PB 0x0000000713c00000| Untracked 
| 149|0x0000000713e00000, 0x0000000713e00000, 0x0000000714000000|  0%| F|  |TAMS 0x0000000713e00000| PB 0x0000000713e00000| Untracked 
| 150|0x0000000714000000, 0x0000000714200000, 0x0000000714200000|100%| O|  |TAMS 0x0000000714000000| PB 0x0000000714000000| Untracked 
| 151|0x0000000714200000, 0x0000000714200000, 0x0000000714400000|  0%| F|  |TAMS 0x0000000714200000| PB 0x0000000714200000| Untracked 
| 152|0x0000000714400000, 0x0000000714600000, 0x0000000714600000|100%| O|  |TAMS 0x0000000714400000| PB 0x0000000714400000| Untracked 
| 153|0x0000000714600000, 0x0000000714800000, 0x0000000714800000|100%|HS|  |TAMS 0x0000000714600000| PB 0x0000000714600000| Complete 
| 154|0x0000000714800000, 0x0000000714a00000, 0x0000000714a00000|100%| O|  |TAMS 0x0000000714800000| PB 0x0000000714800000| Untracked 
| 155|0x0000000714a00000, 0x0000000714c00000, 0x0000000714c00000|100%| O|  |TAMS 0x0000000714a00000| PB 0x0000000714a00000| Untracked 
| 156|0x0000000714c00000, 0x0000000714e00000, 0x0000000714e00000|100%| O|  |TAMS 0x0000000714c00000| PB 0x0000000714c00000| Untracked 
| 157|0x0000000714e00000, 0x0000000715000000, 0x0000000715000000|100%| O|  |TAMS 0x0000000714e00000| PB 0x0000000714e00000| Untracked 
| 158|0x0000000715000000, 0x0000000715200000, 0x0000000715200000|100%| O|  |TAMS 0x0000000715000000| PB 0x0000000715000000| Untracked 
| 159|0x0000000715200000, 0x0000000715400000, 0x0000000715400000|100%| O|  |TAMS 0x0000000715200000| PB 0x0000000715200000| Untracked 
| 160|0x0000000715400000, 0x0000000715600000, 0x0000000715600000|100%| O|  |TAMS 0x0000000715400000| PB 0x0000000715400000| Untracked 
| 161|0x0000000715600000, 0x0000000715600000, 0x0000000715800000|  0%| F|  |TAMS 0x0000000715600000| PB 0x0000000715600000| Untracked 
| 162|0x0000000715800000, 0x0000000715800000, 0x0000000715a00000|  0%| F|  |TAMS 0x0000000715800000| PB 0x0000000715800000| Untracked 
| 163|0x0000000715a00000, 0x0000000715a00000, 0x0000000715c00000|  0%| F|  |TAMS 0x0000000715a00000| PB 0x0000000715a00000| Untracked 
| 164|0x0000000715c00000, 0x0000000715c00000, 0x0000000715e00000|  0%| F|  |TAMS 0x0000000715c00000| PB 0x0000000715c00000| Untracked 
| 165|0x0000000715e00000, 0x0000000715e00000, 0x0000000716000000|  0%| F|  |TAMS 0x0000000715e00000| PB 0x0000000715e00000| Untracked 
| 166|0x0000000716000000, 0x0000000716000000, 0x0000000716200000|  0%| F|  |TAMS 0x0000000716000000| PB 0x0000000716000000| Untracked 
| 167|0x0000000716200000, 0x0000000716200000, 0x0000000716400000|  0%| F|  |TAMS 0x0000000716200000| PB 0x0000000716200000| Untracked 
| 168|0x0000000716400000, 0x0000000716400000, 0x0000000716600000|  0%| F|  |TAMS 0x0000000716400000| PB 0x0000000716400000| Untracked 
| 169|0x0000000716600000, 0x0000000716600000, 0x0000000716800000|  0%| F|  |TAMS 0x0000000716600000| PB 0x0000000716600000| Untracked 
| 170|0x0000000716800000, 0x0000000716a00000, 0x0000000716a00000|100%| O|  |TAMS 0x0000000716800000| PB 0x0000000716800000| Untracked 
| 171|0x0000000716a00000, 0x0000000716c00000, 0x0000000716c00000|100%| O|  |TAMS 0x0000000716a00000| PB 0x0000000716a00000| Untracked 
| 172|0x0000000716c00000, 0x0000000716e00000, 0x0000000716e00000|100%| O|  |TAMS 0x0000000716c00000| PB 0x0000000716c00000| Untracked 
| 173|0x0000000716e00000, 0x0000000716e00000, 0x0000000717000000|  0%| F|  |TAMS 0x0000000716e00000| PB 0x0000000716e00000| Untracked 
| 174|0x0000000717000000, 0x0000000717200000, 0x0000000717200000|100%| O|  |TAMS 0x0000000717000000| PB 0x0000000717000000| Untracked 
| 175|0x0000000717200000, 0x0000000717400000, 0x0000000717400000|100%| O|  |TAMS 0x0000000717200000| PB 0x0000000717200000| Untracked 
| 176|0x0000000717400000, 0x0000000717600000, 0x0000000717600000|100%| O|  |TAMS 0x0000000717400000| PB 0x0000000717400000| Untracked 
| 177|0x0000000717600000, 0x0000000717800000, 0x0000000717800000|100%| O|  |TAMS 0x0000000717600000| PB 0x0000000717600000| Untracked 
| 178|0x0000000717800000, 0x0000000717a00000, 0x0000000717a00000|100%| O|  |TAMS 0x0000000717800000| PB 0x0000000717800000| Untracked 
| 179|0x0000000717a00000, 0x0000000717a00000, 0x0000000717c00000|  0%| F|  |TAMS 0x0000000717a00000| PB 0x0000000717a00000| Untracked 
| 180|0x0000000717c00000, 0x0000000717e00000, 0x0000000717e00000|100%| O|  |TAMS 0x0000000717c00000| PB 0x0000000717c00000| Untracked 
| 181|0x0000000717e00000, 0x0000000718000000, 0x0000000718000000|100%| O|  |TAMS 0x0000000717e00000| PB 0x0000000717e00000| Untracked 
| 182|0x0000000718000000, 0x0000000718200000, 0x0000000718200000|100%| O|  |TAMS 0x0000000718000000| PB 0x0000000718000000| Untracked 
| 183|0x0000000718200000, 0x0000000718400000, 0x0000000718400000|100%| O|  |TAMS 0x0000000718200000| PB 0x0000000718200000| Untracked 
| 184|0x0000000718400000, 0x0000000718600000, 0x0000000718600000|100%| O|  |TAMS 0x0000000718400000| PB 0x0000000718400000| Untracked 
| 185|0x0000000718600000, 0x0000000718800000, 0x0000000718800000|100%| O|  |TAMS 0x0000000718600000| PB 0x0000000718600000| Untracked 
| 186|0x0000000718800000, 0x0000000718a00000, 0x0000000718a00000|100%| O|  |TAMS 0x0000000718800000| PB 0x0000000718800000| Untracked 
| 187|0x0000000718a00000, 0x0000000718c00000, 0x0000000718c00000|100%| O|  |TAMS 0x0000000718a00000| PB 0x0000000718a00000| Untracked 
| 188|0x0000000718c00000, 0x0000000718c00000, 0x0000000718e00000|  0%| F|  |TAMS 0x0000000718c00000| PB 0x0000000718c00000| Untracked 
| 189|0x0000000718e00000, 0x0000000719000000, 0x0000000719000000|100%| O|  |TAMS 0x0000000718e00000| PB 0x0000000718e00000| Untracked 
| 190|0x0000000719000000, 0x0000000719200000, 0x0000000719200000|100%| O|  |TAMS 0x0000000719000000| PB 0x0000000719000000| Untracked 
| 191|0x0000000719200000, 0x0000000719400000, 0x0000000719400000|100%| O|  |TAMS 0x0000000719200000| PB 0x0000000719200000| Untracked 
| 192|0x0000000719400000, 0x0000000719400000, 0x0000000719600000|  0%| F|  |TAMS 0x0000000719400000| PB 0x0000000719400000| Untracked 
| 193|0x0000000719600000, 0x0000000719600000, 0x0000000719800000|  0%| F|  |TAMS 0x0000000719600000| PB 0x0000000719600000| Untracked 
| 194|0x0000000719800000, 0x0000000719800000, 0x0000000719a00000|  0%| F|  |TAMS 0x0000000719800000| PB 0x0000000719800000| Untracked 
| 195|0x0000000719a00000, 0x0000000719a00000, 0x0000000719c00000|  0%| F|  |TAMS 0x0000000719a00000| PB 0x0000000719a00000| Untracked 
| 196|0x0000000719c00000, 0x0000000719c00000, 0x0000000719e00000|  0%| F|  |TAMS 0x0000000719c00000| PB 0x0000000719c00000| Untracked 
| 197|0x0000000719e00000, 0x0000000719e00000, 0x000000071a000000|  0%| F|  |TAMS 0x0000000719e00000| PB 0x0000000719e00000| Untracked 
| 198|0x000000071a000000, 0x000000071a000000, 0x000000071a200000|  0%| F|  |TAMS 0x000000071a000000| PB 0x000000071a000000| Untracked 
| 199|0x000000071a200000, 0x000000071a200000, 0x000000071a400000|  0%| F|  |TAMS 0x000000071a200000| PB 0x000000071a200000| Untracked 
| 200|0x000000071a400000, 0x000000071a400000, 0x000000071a600000|  0%| F|  |TAMS 0x000000071a400000| PB 0x000000071a400000| Untracked 
| 201|0x000000071a600000, 0x000000071a600000, 0x000000071a800000|  0%| F|  |TAMS 0x000000071a600000| PB 0x000000071a600000| Untracked 
| 202|0x000000071a800000, 0x000000071a800000, 0x000000071aa00000|  0%| F|  |TAMS 0x000000071a800000| PB 0x000000071a800000| Untracked 
| 203|0x000000071aa00000, 0x000000071aa00000, 0x000000071ac00000|  0%| F|  |TAMS 0x000000071aa00000| PB 0x000000071aa00000| Untracked 
| 204|0x000000071ac00000, 0x000000071ac00000, 0x000000071ae00000|  0%| F|  |TAMS 0x000000071ac00000| PB 0x000000071ac00000| Untracked 
| 205|0x000000071ae00000, 0x000000071ae00000, 0x000000071b000000|  0%| F|  |TAMS 0x000000071ae00000| PB 0x000000071ae00000| Untracked 
| 206|0x000000071b000000, 0x000000071b000000, 0x000000071b200000|  0%| F|  |TAMS 0x000000071b000000| PB 0x000000071b000000| Untracked 
| 207|0x000000071b200000, 0x000000071b3f6028, 0x000000071b400000| 98%| S|CS|TAMS 0x000000071b200000| PB 0x000000071b200000| Complete 
| 208|0x000000071b400000, 0x000000071b600000, 0x000000071b600000|100%| S|CS|TAMS 0x000000071b400000| PB 0x000000071b400000| Complete 
| 209|0x000000071b600000, 0x000000071b800000, 0x000000071b800000|100%| S|CS|TAMS 0x000000071b600000| PB 0x000000071b600000| Complete 
| 210|0x000000071b800000, 0x000000071ba00000, 0x000000071ba00000|100%| S|CS|TAMS 0x000000071b800000| PB 0x000000071b800000| Complete 
| 211|0x000000071ba00000, 0x000000071bc00000, 0x000000071bc00000|100%| S|CS|TAMS 0x000000071ba00000| PB 0x000000071ba00000| Complete 
| 212|0x000000071bc00000, 0x000000071be00000, 0x000000071be00000|100%| S|CS|TAMS 0x000000071bc00000| PB 0x000000071bc00000| Complete 
| 213|0x000000071be00000, 0x000000071c000000, 0x000000071c000000|100%| S|CS|TAMS 0x000000071be00000| PB 0x000000071be00000| Complete 
| 214|0x000000071c000000, 0x000000071c200000, 0x000000071c200000|100%| S|CS|TAMS 0x000000071c000000| PB 0x000000071c000000| Complete 
| 215|0x000000071c200000, 0x000000071c400000, 0x000000071c400000|100%| S|CS|TAMS 0x000000071c200000| PB 0x000000071c200000| Complete 
| 216|0x000000071c400000, 0x000000071c600000, 0x000000071c600000|100%| S|CS|TAMS 0x000000071c400000| PB 0x000000071c400000| Complete 
| 217|0x000000071c600000, 0x000000071c800000, 0x000000071c800000|100%| S|CS|TAMS 0x000000071c600000| PB 0x000000071c600000| Complete 
| 218|0x000000071c800000, 0x000000071c800000, 0x000000071ca00000|  0%| F|  |TAMS 0x000000071c800000| PB 0x000000071c800000| Untracked 
| 219|0x000000071ca00000, 0x000000071ca00000, 0x000000071cc00000|  0%| F|  |TAMS 0x000000071ca00000| PB 0x000000071ca00000| Untracked 
| 220|0x000000071cc00000, 0x000000071cc00000, 0x000000071ce00000|  0%| F|  |TAMS 0x000000071cc00000| PB 0x000000071cc00000| Untracked 
| 221|0x000000071ce00000, 0x000000071ce00000, 0x000000071d000000|  0%| F|  |TAMS 0x000000071ce00000| PB 0x000000071ce00000| Untracked 
| 222|0x000000071d000000, 0x000000071d000000, 0x000000071d200000|  0%| F|  |TAMS 0x000000071d000000| PB 0x000000071d000000| Untracked 
| 223|0x000000071d200000, 0x000000071d200000, 0x000000071d400000|  0%| F|  |TAMS 0x000000071d200000| PB 0x000000071d200000| Untracked 
| 224|0x000000071d400000, 0x000000071d400000, 0x000000071d600000|  0%| F|  |TAMS 0x000000071d400000| PB 0x000000071d400000| Untracked 
| 225|0x000000071d600000, 0x000000071d600000, 0x000000071d800000|  0%| F|  |TAMS 0x000000071d600000| PB 0x000000071d600000| Untracked 
| 226|0x000000071d800000, 0x000000071d800000, 0x000000071da00000|  0%| F|  |TAMS 0x000000071d800000| PB 0x000000071d800000| Untracked 
| 227|0x000000071da00000, 0x000000071da00000, 0x000000071dc00000|  0%| F|  |TAMS 0x000000071da00000| PB 0x000000071da00000| Untracked 
| 228|0x000000071dc00000, 0x000000071dc00000, 0x000000071de00000|  0%| F|  |TAMS 0x000000071dc00000| PB 0x000000071dc00000| Untracked 
| 229|0x000000071de00000, 0x000000071de00000, 0x000000071e000000|  0%| F|  |TAMS 0x000000071de00000| PB 0x000000071de00000| Untracked 
| 230|0x000000071e000000, 0x000000071e000000, 0x000000071e200000|  0%| F|  |TAMS 0x000000071e000000| PB 0x000000071e000000| Untracked 
| 231|0x000000071e200000, 0x000000071e200000, 0x000000071e400000|  0%| F|  |TAMS 0x000000071e200000| PB 0x000000071e200000| Untracked 
| 232|0x000000071e400000, 0x000000071e400000, 0x000000071e600000|  0%| F|  |TAMS 0x000000071e400000| PB 0x000000071e400000| Untracked 
| 233|0x000000071e600000, 0x000000071e600000, 0x000000071e800000|  0%| F|  |TAMS 0x000000071e600000| PB 0x000000071e600000| Untracked 
| 234|0x000000071e800000, 0x000000071e800000, 0x000000071ea00000|  0%| F|  |TAMS 0x000000071e800000| PB 0x000000071e800000| Untracked 
| 235|0x000000071ea00000, 0x000000071ea00000, 0x000000071ec00000|  0%| F|  |TAMS 0x000000071ea00000| PB 0x000000071ea00000| Untracked 
| 236|0x000000071ec00000, 0x000000071ec00000, 0x000000071ee00000|  0%| F|  |TAMS 0x000000071ec00000| PB 0x000000071ec00000| Untracked 
| 237|0x000000071ee00000, 0x000000071ee00000, 0x000000071f000000|  0%| F|  |TAMS 0x000000071ee00000| PB 0x000000071ee00000| Untracked 
| 238|0x000000071f000000, 0x000000071f000000, 0x000000071f200000|  0%| F|  |TAMS 0x000000071f000000| PB 0x000000071f000000| Untracked 
| 239|0x000000071f200000, 0x000000071f200000, 0x000000071f400000|  0%| F|  |TAMS 0x000000071f200000| PB 0x000000071f200000| Untracked 
| 240|0x000000071f400000, 0x000000071f400000, 0x000000071f600000|  0%| F|  |TAMS 0x000000071f400000| PB 0x000000071f400000| Untracked 
| 241|0x000000071f600000, 0x000000071f600000, 0x000000071f800000|  0%| F|  |TAMS 0x000000071f600000| PB 0x000000071f600000| Untracked 
| 242|0x000000071f800000, 0x000000071f800000, 0x000000071fa00000|  0%| F|  |TAMS 0x000000071f800000| PB 0x000000071f800000| Untracked 
| 243|0x000000071fa00000, 0x000000071fa00000, 0x000000071fc00000|  0%| F|  |TAMS 0x000000071fa00000| PB 0x000000071fa00000| Untracked 
| 244|0x000000071fc00000, 0x000000071fc00000, 0x000000071fe00000|  0%| F|  |TAMS 0x000000071fc00000| PB 0x000000071fc00000| Untracked 
| 245|0x000000071fe00000, 0x000000071fe00000, 0x0000000720000000|  0%| F|  |TAMS 0x000000071fe00000| PB 0x000000071fe00000| Untracked 
| 246|0x0000000720000000, 0x0000000720000000, 0x0000000720200000|  0%| F|  |TAMS 0x0000000720000000| PB 0x0000000720000000| Untracked 
| 247|0x0000000720200000, 0x0000000720200000, 0x0000000720400000|  0%| F|  |TAMS 0x0000000720200000| PB 0x0000000720200000| Untracked 
| 248|0x0000000720400000, 0x0000000720400000, 0x0000000720600000|  0%| F|  |TAMS 0x0000000720400000| PB 0x0000000720400000| Untracked 
| 249|0x0000000720600000, 0x0000000720600000, 0x0000000720800000|  0%| F|  |TAMS 0x0000000720600000| PB 0x0000000720600000| Untracked 
| 250|0x0000000720800000, 0x0000000720800000, 0x0000000720a00000|  0%| F|  |TAMS 0x0000000720800000| PB 0x0000000720800000| Untracked 
| 251|0x0000000720a00000, 0x0000000720a00000, 0x0000000720c00000|  0%| F|  |TAMS 0x0000000720a00000| PB 0x0000000720a00000| Untracked 
| 252|0x0000000720c00000, 0x0000000720c00000, 0x0000000720e00000|  0%| F|  |TAMS 0x0000000720c00000| PB 0x0000000720c00000| Untracked 
| 253|0x0000000720e00000, 0x0000000720e00000, 0x0000000721000000|  0%| F|  |TAMS 0x0000000720e00000| PB 0x0000000720e00000| Untracked 
| 254|0x0000000721000000, 0x0000000721000000, 0x0000000721200000|  0%| F|  |TAMS 0x0000000721000000| PB 0x0000000721000000| Untracked 
| 255|0x0000000721200000, 0x0000000721200000, 0x0000000721400000|  0%| F|  |TAMS 0x0000000721200000| PB 0x0000000721200000| Untracked 
| 256|0x0000000721400000, 0x0000000721400000, 0x0000000721600000|  0%| F|  |TAMS 0x0000000721400000| PB 0x0000000721400000| Untracked 
| 257|0x0000000721600000, 0x0000000721600000, 0x0000000721800000|  0%| F|  |TAMS 0x0000000721600000| PB 0x0000000721600000| Untracked 
| 258|0x0000000721800000, 0x0000000721800000, 0x0000000721a00000|  0%| F|  |TAMS 0x0000000721800000| PB 0x0000000721800000| Untracked 
| 259|0x0000000721a00000, 0x0000000721a00000, 0x0000000721c00000|  0%| F|  |TAMS 0x0000000721a00000| PB 0x0000000721a00000| Untracked 
| 260|0x0000000721c00000, 0x0000000721c00000, 0x0000000721e00000|  0%| F|  |TAMS 0x0000000721c00000| PB 0x0000000721c00000| Untracked 
| 261|0x0000000721e00000, 0x0000000721e00000, 0x0000000722000000|  0%| F|  |TAMS 0x0000000721e00000| PB 0x0000000721e00000| Untracked 
| 262|0x0000000722000000, 0x0000000722000000, 0x0000000722200000|  0%| F|  |TAMS 0x0000000722000000| PB 0x0000000722000000| Untracked 
| 263|0x0000000722200000, 0x0000000722200000, 0x0000000722400000|  0%| F|  |TAMS 0x0000000722200000| PB 0x0000000722200000| Untracked 
| 264|0x0000000722400000, 0x0000000722400000, 0x0000000722600000|  0%| F|  |TAMS 0x0000000722400000| PB 0x0000000722400000| Untracked 
| 265|0x0000000722600000, 0x0000000722600000, 0x0000000722800000|  0%| F|  |TAMS 0x0000000722600000| PB 0x0000000722600000| Untracked 
| 266|0x0000000722800000, 0x0000000722800000, 0x0000000722a00000|  0%| F|  |TAMS 0x0000000722800000| PB 0x0000000722800000| Untracked 
| 267|0x0000000722a00000, 0x0000000722a00000, 0x0000000722c00000|  0%| F|  |TAMS 0x0000000722a00000| PB 0x0000000722a00000| Untracked 
| 268|0x0000000722c00000, 0x0000000722c00000, 0x0000000722e00000|  0%| F|  |TAMS 0x0000000722c00000| PB 0x0000000722c00000| Untracked 
| 269|0x0000000722e00000, 0x0000000722e00000, 0x0000000723000000|  0%| F|  |TAMS 0x0000000722e00000| PB 0x0000000722e00000| Untracked 
| 270|0x0000000723000000, 0x0000000723000000, 0x0000000723200000|  0%| F|  |TAMS 0x0000000723000000| PB 0x0000000723000000| Untracked 
| 271|0x0000000723200000, 0x0000000723200000, 0x0000000723400000|  0%| F|  |TAMS 0x0000000723200000| PB 0x0000000723200000| Untracked 
| 272|0x0000000723400000, 0x0000000723400000, 0x0000000723600000|  0%| F|  |TAMS 0x0000000723400000| PB 0x0000000723400000| Untracked 
| 273|0x0000000723600000, 0x0000000723600000, 0x0000000723800000|  0%| F|  |TAMS 0x0000000723600000| PB 0x0000000723600000| Untracked 
| 274|0x0000000723800000, 0x0000000723800000, 0x0000000723a00000|  0%| F|  |TAMS 0x0000000723800000| PB 0x0000000723800000| Untracked 
| 275|0x0000000723a00000, 0x0000000723a00000, 0x0000000723c00000|  0%| F|  |TAMS 0x0000000723a00000| PB 0x0000000723a00000| Untracked 
| 276|0x0000000723c00000, 0x0000000723c00000, 0x0000000723e00000|  0%| F|  |TAMS 0x0000000723c00000| PB 0x0000000723c00000| Untracked 
| 277|0x0000000723e00000, 0x0000000723e00000, 0x0000000724000000|  0%| F|  |TAMS 0x0000000723e00000| PB 0x0000000723e00000| Untracked 
| 278|0x0000000724000000, 0x0000000724000000, 0x0000000724200000|  0%| F|  |TAMS 0x0000000724000000| PB 0x0000000724000000| Untracked 
| 279|0x0000000724200000, 0x0000000724200000, 0x0000000724400000|  0%| F|  |TAMS 0x0000000724200000| PB 0x0000000724200000| Untracked 
| 280|0x0000000724400000, 0x0000000724520670, 0x0000000724600000| 56%| E|  |TAMS 0x0000000724400000| PB 0x0000000724400000| Complete 
| 281|0x0000000724600000, 0x0000000724800000, 0x0000000724800000|100%| E|CS|TAMS 0x0000000724600000| PB 0x0000000724600000| Complete 
| 282|0x0000000724800000, 0x0000000724a00000, 0x0000000724a00000|100%| E|CS|TAMS 0x0000000724800000| PB 0x0000000724800000| Complete 
| 283|0x0000000724a00000, 0x0000000724c00000, 0x0000000724c00000|100%| E|CS|TAMS 0x0000000724a00000| PB 0x0000000724a00000| Complete 
| 284|0x0000000724c00000, 0x0000000724e00000, 0x0000000724e00000|100%| E|CS|TAMS 0x0000000724c00000| PB 0x0000000724c00000| Complete 
| 285|0x0000000724e00000, 0x0000000725000000, 0x0000000725000000|100%| E|CS|TAMS 0x0000000724e00000| PB 0x0000000724e00000| Complete 
| 286|0x0000000725000000, 0x0000000725200000, 0x0000000725200000|100%| E|CS|TAMS 0x0000000725000000| PB 0x0000000725000000| Complete 
| 287|0x0000000725200000, 0x0000000725400000, 0x0000000725400000|100%| E|CS|TAMS 0x0000000725200000| PB 0x0000000725200000| Complete 
| 288|0x0000000725400000, 0x0000000725600000, 0x0000000725600000|100%| E|CS|TAMS 0x0000000725400000| PB 0x0000000725400000| Complete 
| 289|0x0000000725600000, 0x0000000725800000, 0x0000000725800000|100%| E|CS|TAMS 0x0000000725600000| PB 0x0000000725600000| Complete 
| 290|0x0000000725800000, 0x0000000725a00000, 0x0000000725a00000|100%| E|CS|TAMS 0x0000000725800000| PB 0x0000000725800000| Complete 
| 291|0x0000000725a00000, 0x0000000725c00000, 0x0000000725c00000|100%| E|CS|TAMS 0x0000000725a00000| PB 0x0000000725a00000| Complete 
| 292|0x0000000725c00000, 0x0000000725e00000, 0x0000000725e00000|100%| E|CS|TAMS 0x0000000725c00000| PB 0x0000000725c00000| Complete 
| 293|0x0000000725e00000, 0x0000000726000000, 0x0000000726000000|100%| E|CS|TAMS 0x0000000725e00000| PB 0x0000000725e00000| Complete 
| 294|0x0000000726000000, 0x0000000726200000, 0x0000000726200000|100%| E|CS|TAMS 0x0000000726000000| PB 0x0000000726000000| Complete 
| 295|0x0000000726200000, 0x0000000726400000, 0x0000000726400000|100%| E|CS|TAMS 0x0000000726200000| PB 0x0000000726200000| Complete 
| 296|0x0000000726400000, 0x0000000726600000, 0x0000000726600000|100%| E|CS|TAMS 0x0000000726400000| PB 0x0000000726400000| Complete 
| 297|0x0000000726600000, 0x0000000726800000, 0x0000000726800000|100%| E|CS|TAMS 0x0000000726600000| PB 0x0000000726600000| Complete 
| 298|0x0000000726800000, 0x0000000726a00000, 0x0000000726a00000|100%| E|CS|TAMS 0x0000000726800000| PB 0x0000000726800000| Complete 
| 299|0x0000000726a00000, 0x0000000726c00000, 0x0000000726c00000|100%| E|CS|TAMS 0x0000000726a00000| PB 0x0000000726a00000| Complete 
| 300|0x0000000726c00000, 0x0000000726e00000, 0x0000000726e00000|100%| E|CS|TAMS 0x0000000726c00000| PB 0x0000000726c00000| Complete 
| 301|0x0000000726e00000, 0x0000000727000000, 0x0000000727000000|100%| E|CS|TAMS 0x0000000726e00000| PB 0x0000000726e00000| Complete 
| 302|0x0000000727000000, 0x0000000727200000, 0x0000000727200000|100%| E|CS|TAMS 0x0000000727000000| PB 0x0000000727000000| Complete 
| 303|0x0000000727200000, 0x0000000727400000, 0x0000000727400000|100%| E|CS|TAMS 0x0000000727200000| PB 0x0000000727200000| Complete 
| 304|0x0000000727400000, 0x0000000727600000, 0x0000000727600000|100%| E|CS|TAMS 0x0000000727400000| PB 0x0000000727400000| Complete 
| 305|0x0000000727600000, 0x0000000727800000, 0x0000000727800000|100%| E|CS|TAMS 0x0000000727600000| PB 0x0000000727600000| Complete 
| 306|0x0000000727800000, 0x0000000727a00000, 0x0000000727a00000|100%| E|CS|TAMS 0x0000000727800000| PB 0x0000000727800000| Complete 
| 307|0x0000000727a00000, 0x0000000727c00000, 0x0000000727c00000|100%| E|CS|TAMS 0x0000000727a00000| PB 0x0000000727a00000| Complete 
| 308|0x0000000727c00000, 0x0000000727e00000, 0x0000000727e00000|100%| E|CS|TAMS 0x0000000727c00000| PB 0x0000000727c00000| Complete 
| 309|0x0000000727e00000, 0x0000000728000000, 0x0000000728000000|100%| E|CS|TAMS 0x0000000727e00000| PB 0x0000000727e00000| Complete 
| 310|0x0000000728000000, 0x0000000728200000, 0x0000000728200000|100%| E|CS|TAMS 0x0000000728000000| PB 0x0000000728000000| Complete 
| 311|0x0000000728200000, 0x0000000728400000, 0x0000000728400000|100%| E|CS|TAMS 0x0000000728200000| PB 0x0000000728200000| Complete 
| 312|0x0000000728400000, 0x0000000728600000, 0x0000000728600000|100%| E|CS|TAMS 0x0000000728400000| PB 0x0000000728400000| Complete 
| 313|0x0000000728600000, 0x0000000728800000, 0x0000000728800000|100%| E|CS|TAMS 0x0000000728600000| PB 0x0000000728600000| Complete 
| 314|0x0000000728800000, 0x0000000728a00000, 0x0000000728a00000|100%| E|CS|TAMS 0x0000000728800000| PB 0x0000000728800000| Complete 
| 315|0x0000000728a00000, 0x0000000728c00000, 0x0000000728c00000|100%| E|CS|TAMS 0x0000000728a00000| PB 0x0000000728a00000| Complete 
| 316|0x0000000728c00000, 0x0000000728e00000, 0x0000000728e00000|100%| E|CS|TAMS 0x0000000728c00000| PB 0x0000000728c00000| Complete 
| 317|0x0000000728e00000, 0x0000000729000000, 0x0000000729000000|100%| E|CS|TAMS 0x0000000728e00000| PB 0x0000000728e00000| Complete 
| 318|0x0000000729000000, 0x0000000729200000, 0x0000000729200000|100%| E|CS|TAMS 0x0000000729000000| PB 0x0000000729000000| Complete 
| 319|0x0000000729200000, 0x0000000729400000, 0x0000000729400000|100%| E|CS|TAMS 0x0000000729200000| PB 0x0000000729200000| Complete 
| 320|0x0000000729400000, 0x0000000729600000, 0x0000000729600000|100%| E|CS|TAMS 0x0000000729400000| PB 0x0000000729400000| Complete 
| 321|0x0000000729600000, 0x0000000729800000, 0x0000000729800000|100%| E|CS|TAMS 0x0000000729600000| PB 0x0000000729600000| Complete 
| 322|0x0000000729800000, 0x0000000729a00000, 0x0000000729a00000|100%| E|CS|TAMS 0x0000000729800000| PB 0x0000000729800000| Complete 
| 323|0x0000000729a00000, 0x0000000729c00000, 0x0000000729c00000|100%| E|CS|TAMS 0x0000000729a00000| PB 0x0000000729a00000| Complete 
| 324|0x0000000729c00000, 0x0000000729e00000, 0x0000000729e00000|100%| E|CS|TAMS 0x0000000729c00000| PB 0x0000000729c00000| Complete 
| 325|0x0000000729e00000, 0x000000072a000000, 0x000000072a000000|100%| E|CS|TAMS 0x0000000729e00000| PB 0x0000000729e00000| Complete 
| 326|0x000000072a000000, 0x000000072a200000, 0x000000072a200000|100%| E|CS|TAMS 0x000000072a000000| PB 0x000000072a000000| Complete 
| 327|0x000000072a200000, 0x000000072a400000, 0x000000072a400000|100%| E|CS|TAMS 0x000000072a200000| PB 0x000000072a200000| Complete 
| 328|0x000000072a400000, 0x000000072a600000, 0x000000072a600000|100%| E|CS|TAMS 0x000000072a400000| PB 0x000000072a400000| Complete 
| 329|0x000000072a600000, 0x000000072a800000, 0x000000072a800000|100%| E|CS|TAMS 0x000000072a600000| PB 0x000000072a600000| Complete 
| 330|0x000000072a800000, 0x000000072aa00000, 0x000000072aa00000|100%| E|CS|TAMS 0x000000072a800000| PB 0x000000072a800000| Complete 
| 331|0x000000072aa00000, 0x000000072ac00000, 0x000000072ac00000|100%| E|CS|TAMS 0x000000072aa00000| PB 0x000000072aa00000| Complete 
| 332|0x000000072ac00000, 0x000000072ae00000, 0x000000072ae00000|100%| E|CS|TAMS 0x000000072ac00000| PB 0x000000072ac00000| Complete 
| 333|0x000000072ae00000, 0x000000072b000000, 0x000000072b000000|100%| E|CS|TAMS 0x000000072ae00000| PB 0x000000072ae00000| Complete 
| 334|0x000000072b000000, 0x000000072b200000, 0x000000072b200000|100%| E|CS|TAMS 0x000000072b000000| PB 0x000000072b000000| Complete 
| 335|0x000000072b200000, 0x000000072b400000, 0x000000072b400000|100%| E|CS|TAMS 0x000000072b200000| PB 0x000000072b200000| Complete 
| 336|0x000000072b400000, 0x000000072b600000, 0x000000072b600000|100%| E|CS|TAMS 0x000000072b400000| PB 0x000000072b400000| Complete 
| 337|0x000000072b600000, 0x000000072b800000, 0x000000072b800000|100%| E|CS|TAMS 0x000000072b600000| PB 0x000000072b600000| Complete 
| 338|0x000000072b800000, 0x000000072ba00000, 0x000000072ba00000|100%| E|CS|TAMS 0x000000072b800000| PB 0x000000072b800000| Complete 
| 339|0x000000072ba00000, 0x000000072bc00000, 0x000000072bc00000|100%| E|CS|TAMS 0x000000072ba00000| PB 0x000000072ba00000| Complete 
| 340|0x000000072bc00000, 0x000000072be00000, 0x000000072be00000|100%| E|CS|TAMS 0x000000072bc00000| PB 0x000000072bc00000| Complete 
| 341|0x000000072be00000, 0x000000072c000000, 0x000000072c000000|100%| E|CS|TAMS 0x000000072be00000| PB 0x000000072be00000| Complete 
| 342|0x000000072c000000, 0x000000072c200000, 0x000000072c200000|100%| E|CS|TAMS 0x000000072c000000| PB 0x000000072c000000| Complete 
| 343|0x000000072c200000, 0x000000072c400000, 0x000000072c400000|100%| E|CS|TAMS 0x000000072c200000| PB 0x000000072c200000| Complete 
| 344|0x000000072c400000, 0x000000072c600000, 0x000000072c600000|100%| E|CS|TAMS 0x000000072c400000| PB 0x000000072c400000| Complete 
| 345|0x000000072c600000, 0x000000072c800000, 0x000000072c800000|100%| E|CS|TAMS 0x000000072c600000| PB 0x000000072c600000| Complete 
| 346|0x000000072c800000, 0x000000072ca00000, 0x000000072ca00000|100%| E|CS|TAMS 0x000000072c800000| PB 0x000000072c800000| Complete 
| 347|0x000000072ca00000, 0x000000072cc00000, 0x000000072cc00000|100%| E|CS|TAMS 0x000000072ca00000| PB 0x000000072ca00000| Complete 
| 348|0x000000072cc00000, 0x000000072ce00000, 0x000000072ce00000|100%| E|CS|TAMS 0x000000072cc00000| PB 0x000000072cc00000| Complete 
| 349|0x000000072ce00000, 0x000000072d000000, 0x000000072d000000|100%| E|CS|TAMS 0x000000072ce00000| PB 0x000000072ce00000| Complete 
| 350|0x000000072d000000, 0x000000072d200000, 0x000000072d200000|100%| E|CS|TAMS 0x000000072d000000| PB 0x000000072d000000| Complete 
| 351|0x000000072d200000, 0x000000072d400000, 0x000000072d400000|100%| E|CS|TAMS 0x000000072d200000| PB 0x000000072d200000| Complete 
| 352|0x000000072d400000, 0x000000072d600000, 0x000000072d600000|100%| E|CS|TAMS 0x000000072d400000| PB 0x000000072d400000| Complete 
| 353|0x000000072d600000, 0x000000072d800000, 0x000000072d800000|100%| E|CS|TAMS 0x000000072d600000| PB 0x000000072d600000| Complete 
| 354|0x000000072d800000, 0x000000072da00000, 0x000000072da00000|100%| E|CS|TAMS 0x000000072d800000| PB 0x000000072d800000| Complete 
| 355|0x000000072da00000, 0x000000072dc00000, 0x000000072dc00000|100%| E|CS|TAMS 0x000000072da00000| PB 0x000000072da00000| Complete 
| 356|0x000000072dc00000, 0x000000072de00000, 0x000000072de00000|100%| E|CS|TAMS 0x000000072dc00000| PB 0x000000072dc00000| Complete 
| 357|0x000000072de00000, 0x000000072e000000, 0x000000072e000000|100%| E|CS|TAMS 0x000000072de00000| PB 0x000000072de00000| Complete 
| 358|0x000000072e000000, 0x000000072e200000, 0x000000072e200000|100%| E|CS|TAMS 0x000000072e000000| PB 0x000000072e000000| Complete 
| 359|0x000000072e200000, 0x000000072e400000, 0x000000072e400000|100%| E|CS|TAMS 0x000000072e200000| PB 0x000000072e200000| Complete 
| 360|0x000000072e400000, 0x000000072e600000, 0x000000072e600000|100%| E|CS|TAMS 0x000000072e400000| PB 0x000000072e400000| Complete 
| 361|0x000000072e600000, 0x000000072e800000, 0x000000072e800000|100%| E|CS|TAMS 0x000000072e600000| PB 0x000000072e600000| Complete 
| 362|0x000000072e800000, 0x000000072ea00000, 0x000000072ea00000|100%| E|CS|TAMS 0x000000072e800000| PB 0x000000072e800000| Complete 
| 363|0x000000072ea00000, 0x000000072ec00000, 0x000000072ec00000|100%| E|CS|TAMS 0x000000072ea00000| PB 0x000000072ea00000| Complete 
| 364|0x000000072ec00000, 0x000000072ee00000, 0x000000072ee00000|100%| E|CS|TAMS 0x000000072ec00000| PB 0x000000072ec00000| Complete 
| 365|0x000000072ee00000, 0x000000072f000000, 0x000000072f000000|100%| E|CS|TAMS 0x000000072ee00000| PB 0x000000072ee00000| Complete 
| 366|0x000000072f000000, 0x000000072f200000, 0x000000072f200000|100%| E|CS|TAMS 0x000000072f000000| PB 0x000000072f000000| Complete 
| 367|0x000000072f200000, 0x000000072f400000, 0x000000072f400000|100%| E|CS|TAMS 0x000000072f200000| PB 0x000000072f200000| Complete 
| 368|0x000000072f400000, 0x000000072f600000, 0x000000072f600000|100%| E|CS|TAMS 0x000000072f400000| PB 0x000000072f400000| Complete 
| 369|0x000000072f600000, 0x000000072f800000, 0x000000072f800000|100%| E|CS|TAMS 0x000000072f600000| PB 0x000000072f600000| Complete 
| 370|0x000000072f800000, 0x000000072fa00000, 0x000000072fa00000|100%| E|CS|TAMS 0x000000072f800000| PB 0x000000072f800000| Complete 
| 371|0x000000072fa00000, 0x000000072fc00000, 0x000000072fc00000|100%| E|CS|TAMS 0x000000072fa00000| PB 0x000000072fa00000| Complete 
| 372|0x000000072fc00000, 0x000000072fe00000, 0x000000072fe00000|100%| E|CS|TAMS 0x000000072fc00000| PB 0x000000072fc00000| Complete 
| 373|0x000000072fe00000, 0x0000000730000000, 0x0000000730000000|100%| E|CS|TAMS 0x000000072fe00000| PB 0x000000072fe00000| Complete 
| 374|0x0000000730000000, 0x0000000730200000, 0x0000000730200000|100%| E|CS|TAMS 0x0000000730000000| PB 0x0000000730000000| Complete 
| 375|0x0000000730200000, 0x0000000730400000, 0x0000000730400000|100%| E|CS|TAMS 0x0000000730200000| PB 0x0000000730200000| Complete 
| 376|0x0000000730400000, 0x0000000730600000, 0x0000000730600000|100%| E|CS|TAMS 0x0000000730400000| PB 0x0000000730400000| Complete 
| 377|0x0000000730600000, 0x0000000730800000, 0x0000000730800000|100%| E|CS|TAMS 0x0000000730600000| PB 0x0000000730600000| Complete 
| 378|0x0000000730800000, 0x0000000730a00000, 0x0000000730a00000|100%| E|CS|TAMS 0x0000000730800000| PB 0x0000000730800000| Complete 
| 379|0x0000000730a00000, 0x0000000730c00000, 0x0000000730c00000|100%| E|CS|TAMS 0x0000000730a00000| PB 0x0000000730a00000| Complete 
| 380|0x0000000730c00000, 0x0000000730e00000, 0x0000000730e00000|100%| E|CS|TAMS 0x0000000730c00000| PB 0x0000000730c00000| Complete 
| 381|0x0000000730e00000, 0x0000000731000000, 0x0000000731000000|100%| E|CS|TAMS 0x0000000730e00000| PB 0x0000000730e00000| Complete 
| 382|0x0000000731000000, 0x0000000731200000, 0x0000000731200000|100%| E|CS|TAMS 0x0000000731000000| PB 0x0000000731000000| Complete 
| 383|0x0000000731200000, 0x0000000731400000, 0x0000000731400000|100%| E|CS|TAMS 0x0000000731200000| PB 0x0000000731200000| Complete 
| 384|0x0000000731400000, 0x0000000731600000, 0x0000000731600000|100%| E|CS|TAMS 0x0000000731400000| PB 0x0000000731400000| Complete 
| 385|0x0000000731600000, 0x0000000731800000, 0x0000000731800000|100%| E|CS|TAMS 0x0000000731600000| PB 0x0000000731600000| Complete 
| 386|0x0000000731800000, 0x0000000731a00000, 0x0000000731a00000|100%| E|CS|TAMS 0x0000000731800000| PB 0x0000000731800000| Complete 
| 387|0x0000000731a00000, 0x0000000731c00000, 0x0000000731c00000|100%| E|CS|TAMS 0x0000000731a00000| PB 0x0000000731a00000| Complete 
| 388|0x0000000731c00000, 0x0000000731e00000, 0x0000000731e00000|100%| E|CS|TAMS 0x0000000731c00000| PB 0x0000000731c00000| Complete 
| 389|0x0000000731e00000, 0x0000000732000000, 0x0000000732000000|100%| E|CS|TAMS 0x0000000731e00000| PB 0x0000000731e00000| Complete 
| 390|0x0000000732000000, 0x0000000732200000, 0x0000000732200000|100%| E|CS|TAMS 0x0000000732000000| PB 0x0000000732000000| Complete 
| 391|0x0000000732200000, 0x0000000732400000, 0x0000000732400000|100%| E|CS|TAMS 0x0000000732200000| PB 0x0000000732200000| Complete 
| 392|0x0000000732400000, 0x0000000732600000, 0x0000000732600000|100%| E|CS|TAMS 0x0000000732400000| PB 0x0000000732400000| Complete 
| 393|0x0000000732600000, 0x0000000732800000, 0x0000000732800000|100%| E|CS|TAMS 0x0000000732600000| PB 0x0000000732600000| Complete 
|2018|0x00000007fd800000, 0x00000007fda00000, 0x00000007fda00000|100%| E|CS|TAMS 0x00000007fd800000| PB 0x00000007fd800000| Complete 
|2019|0x00000007fda00000, 0x00000007fdc00000, 0x00000007fdc00000|100%| E|CS|TAMS 0x00000007fda00000| PB 0x00000007fda00000| Complete 
|2020|0x00000007fdc00000, 0x00000007fde00000, 0x00000007fde00000|100%| E|CS|TAMS 0x00000007fdc00000| PB 0x00000007fdc00000| Complete 
|2021|0x00000007fde00000, 0x00000007fe000000, 0x00000007fe000000|100%| E|CS|TAMS 0x00000007fde00000| PB 0x00000007fde00000| Complete 
|2022|0x00000007fe000000, 0x00000007fe200000, 0x00000007fe200000|100%| E|CS|TAMS 0x00000007fe000000| PB 0x00000007fe000000| Complete 
|2023|0x00000007fe200000, 0x00000007fe400000, 0x00000007fe400000|100%| E|CS|TAMS 0x00000007fe200000| PB 0x00000007fe200000| Complete 
|2024|0x00000007fe400000, 0x00000007fe600000, 0x00000007fe600000|100%| E|  |TAMS 0x00000007fe400000| PB 0x00000007fe400000| Complete 
|2025|0x00000007fe600000, 0x00000007fe800000, 0x00000007fe800000|100%| E|CS|TAMS 0x00000007fe600000| PB 0x00000007fe600000| Complete 
|2026|0x00000007fe800000, 0x00000007fea00000, 0x00000007fea00000|100%| E|CS|TAMS 0x00000007fe800000| PB 0x00000007fe800000| Complete 
|2027|0x00000007fea00000, 0x00000007fec00000, 0x00000007fec00000|100%| E|CS|TAMS 0x00000007fea00000| PB 0x00000007fea00000| Complete 
|2028|0x00000007fec00000, 0x00000007fee00000, 0x00000007fee00000|100%| O|Cm|TAMS 0x00000007fec00000| PB 0x00000007fec00000| Complete 
|2029|0x00000007fee00000, 0x00000007ff000000, 0x00000007ff000000|100%| E|CS|TAMS 0x00000007fee00000| PB 0x00000007fee00000| Complete 
|2030|0x00000007ff000000, 0x00000007ff200000, 0x00000007ff200000|100%| O|  |TAMS 0x00000007ff000000| PB 0x00000007ff000000| Untracked 
|2031|0x00000007ff200000, 0x00000007ff400000, 0x00000007ff400000|100%| O|  |TAMS 0x00000007ff200000| PB 0x00000007ff200000| Untracked 
|2032|0x00000007ff400000, 0x00000007ff600000, 0x00000007ff600000|100%| E|CS|TAMS 0x00000007ff400000| PB 0x00000007ff400000| Complete 
|2033|0x00000007ff600000, 0x00000007ff800000, 0x00000007ff800000|100%| O|  |TAMS 0x00000007ff600000| PB 0x00000007ff600000| Untracked 
|2034|0x00000007ff800000, 0x00000007ffa00000, 0x00000007ffa00000|100%| O|  |TAMS 0x00000007ff800000| PB 0x00000007ff800000| Untracked 
|2035|0x00000007ffa00000, 0x00000007ffc00000, 0x00000007ffc00000|100%| O|  |TAMS 0x00000007ffa00000| PB 0x00000007ffa00000| Untracked 
|2036|0x00000007ffc00000, 0x00000007ffe00000, 0x00000007ffe00000|100%| O|  |TAMS 0x00000007ffc00000| PB 0x00000007ffc00000| Untracked 
|2037|0x00000007ffe00000, 0x0000000800000000, 0x0000000800000000|100%| O|  |TAMS 0x00000007ffe00000| PB 0x00000007ffe00000| Untracked 

Card table byte_map: [0x00000205fd360000,0x00000205fdb60000] _byte_map_base: 0x00000205f9b56000

Marking Bits: (CMBitMap*) 0x00000205f8250700
 Bits: [0x00000205a0000000, 0x00000205a3fb0000)

Polling page: 0x00000205f5e00000

Metaspace:

Usage:
  Non-class:    314.74 MB used.
      Class:     42.77 MB used.
       Both:    357.50 MB used.

Virtual space:
  Non-class space:      320.00 MB reserved,     317.00 MB (>99%) committed,  5 nodes.
      Class space:        1.00 GB reserved,      44.69 MB (  4%) committed,  1 nodes.
             Both:        1.31 GB reserved,     361.69 MB ( 27%) committed. 

Chunk freelists:
   Non-Class:  2.39 MB
       Class:  3.34 MB
        Both:  5.73 MB

MaxMetaspaceSize: unlimited
CompressedClassSpaceSize: 1.00 GB
Initial GC threshold: 21.00 MB
Current GC threshold: 601.50 MB
CDS: off
 - commit_granule_bytes: 65536.
 - commit_granule_words: 8192.
 - virtual_space_node_default_size: 8388608.
 - enlarge_chunks_in_place: 1.
 - use_allocation_guard: 0.


Internal statistics:

num_allocs_failed_limit: 22.
num_arena_births: 8418.
num_arena_deaths: 2962.
num_vsnodes_births: 6.
num_vsnodes_deaths: 0.
num_space_committed: 5798.
num_space_uncommitted: 5.
num_chunks_returned_to_freelist: 3551.
num_chunks_taken_from_freelist: 27840.
num_chunk_merges: 1187.
num_chunk_splits: 15845.
num_chunks_enlarged: 8622.
num_inconsistent_stats: 0.

CodeHeap 'non-profiled nmethods': size=259328Kb used=26003Kb max_used=26571Kb free=233324Kb
 bounds [0x00000205902c0000, 0x0000020591cc0000, 0x00000205a0000000]
CodeHeap 'profiled nmethods': size=259264Kb used=68254Kb max_used=80814Kb free=191009Kb
 bounds [0x0000020580000000, 0x0000020584ef0000, 0x000002058fd30000]
CodeHeap 'non-nmethods': size=5696Kb used=4113Kb max_used=4185Kb free=1582Kb
 bounds [0x000002058fd30000, 0x0000020590170000, 0x00000205902c0000]
 total_blobs=32928 nmethods=30805 adapters=2022
 compilation: enabled
              stopped_count=0, restarted_count=0
 full_count=0

Compilation events (20 events):
Event: 1322.041 Thread 0x00000205a90cd070 61700       3       com.jetbrains.rider.completion.ProtocolCompletionProvider$createCompletionConsumer$consumer$6$1::weigh (28 bytes)
Event: 1322.042 Thread 0x00000205a90cd070 nmethod 61700 0x0000020582b84a90 code [0x0000020582b84ce0, 0x0000020582b85668]
Event: 1322.042 Thread 0x00000205a90cd070 61704       3       com.intellij.completion.ml.storage.MutableLookupStorage$Companion::get (79 bytes)
Event: 1322.042 Thread 0x00000205a90cd070 nmethod 61704 0x00000205814e8e90 code [0x00000205814e9200, 0x00000205814ea7a0]
Event: 1322.042 Thread 0x00000205a90cd070 61701       3       com.intellij.completion.ml.features.MLCompletionWeigher::weigh (13 bytes)
Event: 1322.042 Thread 0x00000205a90cd070 nmethod 61701 0x00000205820dc290 code [0x00000205820dc440, 0x00000205820dc760]
Event: 1322.042 Thread 0x00000205a90cd070 61702       3       com.intellij.completion.ml.common.CommonElementLocationFeatures::calculateFeatures (231 bytes)
Event: 1322.044 Thread 0x00000205a90cd070 nmethod 61702 0x0000020582964b10 code [0x0000020582965160, 0x0000020582968588]
Event: 1322.044 Thread 0x00000205a90c7ba0 nmethod 61698 0x00000205911f7990 code [0x00000205911f7b80, 0x00000205911f7f98]
Event: 1322.044 Thread 0x00000205a90c7ba0 61703   !   4       com.intellij.codeInsight.lookup.CachingComparingClassifier::addElement (148 bytes)
Event: 1322.054 Thread 0x00000205a90cd070 61711       2       java.util.Comparator$$Lambda/0x00000008008511c8::compare (14 bytes)
Event: 1322.054 Thread 0x00000205a90cd070 nmethod 61711 0x0000020581730b10 code [0x0000020581730ce0, 0x0000020581730eb0]
Event: 1322.059 Thread 0x00000205a90cd070 61715       3       it.unimi.dsi.fastutil.objects.Reference2ObjectLinkedOpenHashMap::rehash (307 bytes)
Event: 1322.060 Thread 0x00000205a90cd070 nmethod 61715 0x0000020580d6a510 code [0x0000020580d6a760, 0x0000020580d6b6c8]
Event: 1322.075 Thread 0x00000205a90c7ba0 nmethod 61703 0x0000020590df4c10 code [0x0000020590df50c0, 0x0000020590df8070]
Event: 1322.075 Thread 0x00000205a90c7ba0 61713       4       com.intellij.codeInsight.lookup.ComparingClassifier::classify (192 bytes)
Event: 1322.079 Thread 0x00000205a90cd070 61717       3       com.intellij.codeInsight.lookup.LookupElementDecorator::equals (47 bytes)
Event: 1322.079 Thread 0x00000205a90cd070 nmethod 61717 0x0000020582423690 code [0x0000020582423860, 0x0000020582423cf8]
Event: 1322.088 Thread 0x00000205a90cd070 61719       2       javax.swing.JList::getScrollableTracksViewportWidth (51 bytes)
Event: 1322.088 Thread 0x00000205a90cd070 nmethod 61719 0x00000205818c3d90 code [0x00000205818c3f60, 0x00000205818c4258]

GC Heap History (20 events):
Event: 1094.284 GC heap before
{Heap before GC invocations=58 (full 0):
 garbage-first heap   total 837632K, used 785896K [0x0000000701400000, 0x0000000800000000)
  region size 2048K, 224 young (458752K), 9 survivors (18432K)
 Metaspace       used 349769K, committed 354240K, reserved 1376256K
  class space    used 42342K, committed 44416K, reserved 1048576K
}
Event: 1094.296 GC heap after
{Heap after GC invocations=59 (full 0):
 garbage-first heap   total 837632K, used 370752K [0x0000000701400000, 0x0000000800000000)
  region size 2048K, 20 young (40960K), 20 survivors (40960K)
 Metaspace       used 349769K, committed 354240K, reserved 1376256K
  class space    used 42342K, committed 44416K, reserved 1048576K
}
Event: 1100.948 GC heap before
{Heap before GC invocations=59 (full 0):
 garbage-first heap   total 837632K, used 772160K [0x0000000701400000, 0x0000000800000000)
  region size 2048K, 206 young (421888K), 20 survivors (40960K)
 Metaspace       used 360634K, committed 365056K, reserved 1376256K
  class space    used 43581K, committed 45632K, reserved 1048576K
}
Event: 1100.968 GC heap after
{Heap after GC invocations=60 (full 0):
 garbage-first heap   total 847872K, used 369659K [0x0000000701400000, 0x0000000800000000)
  region size 2048K, 24 young (49152K), 24 survivors (49152K)
 Metaspace       used 360634K, committed 365056K, reserved 1376256K
  class space    used 43581K, committed 45632K, reserved 1048576K
}
Event: 1102.172 GC heap before
{Heap before GC invocations=60 (full 0):
 garbage-first heap   total 847872K, used 490491K [0x0000000701400000, 0x0000000800000000)
  region size 2048K, 85 young (174080K), 24 survivors (49152K)
 Metaspace       used 361237K, committed 365632K, reserved 1376256K
  class space    used 43650K, committed 45696K, reserved 1048576K
}
Event: 1102.183 GC heap after
{Heap after GC invocations=61 (full 0):
 garbage-first heap   total 847872K, used 370424K [0x0000000701400000, 0x0000000800000000)
  region size 2048K, 5 young (10240K), 5 survivors (10240K)
 Metaspace       used 361237K, committed 365632K, reserved 1376256K
  class space    used 43650K, committed 45696K, reserved 1048576K
}
Event: 1108.556 GC heap before
{Heap before GC invocations=62 (full 0):
 garbage-first heap   total 847872K, used 790264K [0x0000000701400000, 0x0000000800000000)
  region size 2048K, 209 young (428032K), 5 survivors (10240K)
 Metaspace       used 362585K, committed 366976K, reserved 1376256K
  class space    used 43660K, committed 45696K, reserved 1048576K
}
Event: 1108.563 GC heap after
{Heap after GC invocations=63 (full 0):
 garbage-first heap   total 847872K, used 383679K [0x0000000701400000, 0x0000000800000000)
  region size 2048K, 10 young (20480K), 10 survivors (20480K)
 Metaspace       used 362585K, committed 366976K, reserved 1376256K
  class space    used 43660K, committed 45696K, reserved 1048576K
}
Event: 1161.952 GC heap before
{Heap before GC invocations=63 (full 0):
 garbage-first heap   total 847872K, used 793279K [0x0000000701400000, 0x0000000800000000)
  region size 2048K, 204 young (417792K), 10 survivors (20480K)
 Metaspace       used 363857K, committed 368320K, reserved 1376256K
  class space    used 43772K, committed 45824K, reserved 1048576K
}
Event: 1161.962 GC heap after
{Heap after GC invocations=64 (full 0):
 garbage-first heap   total 847872K, used 389632K [0x0000000701400000, 0x0000000800000000)
  region size 2048K, 10 young (20480K), 10 survivors (20480K)
 Metaspace       used 363857K, committed 368320K, reserved 1376256K
  class space    used 43772K, committed 45824K, reserved 1048576K
}
Event: 1163.592 GC heap before
{Heap before GC invocations=64 (full 0):
 garbage-first heap   total 847872K, used 463360K [0x0000000701400000, 0x0000000800000000)
  region size 2048K, 48 young (98304K), 10 survivors (20480K)
 Metaspace       used 363986K, committed 368384K, reserved 1376256K
  class space    used 43773K, committed 45824K, reserved 1048576K
}
Event: 1163.597 GC heap after
{Heap after GC invocations=65 (full 0):
 garbage-first heap   total 847872K, used 374338K [0x0000000701400000, 0x0000000800000000)
  region size 2048K, 8 young (16384K), 8 survivors (16384K)
 Metaspace       used 363986K, committed 368384K, reserved 1376256K
  class space    used 43773K, committed 45824K, reserved 1048576K
}
Event: 1182.680 GC heap before
{Heap before GC invocations=66 (full 0):
 garbage-first heap   total 847872K, used 724546K [0x0000000701400000, 0x0000000800000000)
  region size 2048K, 176 young (360448K), 8 survivors (16384K)
 Metaspace       used 363493K, committed 367616K, reserved 1376256K
  class space    used 43542K, committed 45504K, reserved 1048576K
}
Event: 1182.684 GC heap after
{Heap after GC invocations=67 (full 0):
 garbage-first heap   total 847872K, used 377818K [0x0000000701400000, 0x0000000800000000)
  region size 2048K, 5 young (10240K), 5 survivors (10240K)
 Metaspace       used 363493K, committed 367616K, reserved 1376256K
  class space    used 43542K, committed 45504K, reserved 1048576K
}
Event: 1286.625 GC heap before
{Heap before GC invocations=67 (full 0):
 garbage-first heap   total 847872K, used 738266K [0x0000000701400000, 0x0000000800000000)
  region size 2048K, 182 young (372736K), 5 survivors (10240K)
 Metaspace       used 365144K, committed 369472K, reserved 1376256K
  class space    used 43776K, committed 45760K, reserved 1048576K
}
Event: 1286.632 GC heap after
{Heap after GC invocations=68 (full 0):
 garbage-first heap   total 847872K, used 364897K [0x0000000701400000, 0x0000000800000000)
  region size 2048K, 6 young (12288K), 6 survivors (12288K)
 Metaspace       used 365144K, committed 369472K, reserved 1376256K
  class space    used 43776K, committed 45760K, reserved 1048576K
}
Event: 1288.273 GC heap before
{Heap before GC invocations=68 (full 0):
 garbage-first heap   total 847872K, used 405857K [0x0000000701400000, 0x0000000800000000)
  region size 2048K, 28 young (57344K), 6 survivors (12288K)
 Metaspace       used 365214K, committed 369536K, reserved 1376256K
  class space    used 43777K, committed 45760K, reserved 1048576K
}
Event: 1288.277 GC heap after
{Heap after GC invocations=69 (full 0):
 garbage-first heap   total 847872K, used 364645K [0x0000000701400000, 0x0000000800000000)
  region size 2048K, 6 young (12288K), 6 survivors (12288K)
 Metaspace       used 365214K, committed 369536K, reserved 1376256K
  class space    used 43777K, committed 45760K, reserved 1048576K
}
Event: 1320.679 GC heap before
{Heap before GC invocations=70 (full 0):
 garbage-first heap   total 847872K, used 747621K [0x0000000701400000, 0x0000000800000000)
  region size 2048K, 188 young (385024K), 6 survivors (12288K)
 Metaspace       used 365945K, committed 370240K, reserved 1376256K
  class space    used 43793K, committed 45760K, reserved 1048576K
}
Event: 1320.686 GC heap after
{Heap after GC invocations=71 (full 0):
 garbage-first heap   total 847872K, used 388330K [0x0000000701400000, 0x0000000800000000)
  region size 2048K, 11 young (22528K), 11 survivors (22528K)
 Metaspace       used 365945K, committed 370240K, reserved 1376256K
  class space    used 43793K, committed 45760K, reserved 1048576K
}

Dll operation events (3 events):
Event: 0.004 Loaded shared library C:\Program Files\JetBrains\JetBrains Rider 2024.2.7\jbr\bin\java.dll
Event: 0.006 Loaded shared library C:\Program Files\JetBrains\JetBrains Rider 2024.2.7\jbr\bin\zip.dll
Event: 0.373 Loaded shared library C:\Program Files\JetBrains\JetBrains Rider 2024.2.7\jbr\bin\verify.dll

Deoptimization events (20 events):
Event: 1321.803 Thread 0x00000205d3e576c0 Uncommon trap: trap_request=0xffffffc6 fr.pc=0x0000020591c375dc relative=0x000000000000051c
Event: 1321.803 Thread 0x00000205d3e576c0 Uncommon trap: reason=bimorphic_or_optimized_type_check action=maybe_recompile pc=0x0000020591c375dc method=com.intellij.openapi.util.text.Strings.indexOf(Ljava/lang/CharSequence;CII)I @ 11 c2
Event: 1321.803 Thread 0x00000205d3e576c0 DEOPT PACKING pc=0x0000020591c375dc sp=0x0000002069afa8e0
Event: 1321.803 Thread 0x00000205d3e576c0 DEOPT UNPACKING pc=0x000002058fd87da2 sp=0x0000002069afa860 mode 2
Event: 1321.825 Thread 0x00000206c32a9300 DEOPT PACKING pc=0x00000205802f6d0a sp=0x000000206d4fde70
Event: 1321.825 Thread 0x00000206c32a9300 DEOPT UNPACKING pc=0x000002058fd888e2 sp=0x000000206d4fd390 mode 0
Event: 1321.954 Thread 0x00000205d3e576c0 DEOPT PACKING pc=0x0000020582d35c88 sp=0x0000002069afb430
Event: 1321.954 Thread 0x00000205d3e576c0 DEOPT UNPACKING pc=0x000002058fd888e2 sp=0x0000002069afa950 mode 0
Event: 1322.054 Thread 0x000002068c2f2dd0 Uncommon trap: trap_request=0xffffff45 fr.pc=0x0000020591a0fefc relative=0x000000000000037c
Event: 1322.054 Thread 0x000002068c2f2dd0 Uncommon trap: reason=unstable_if action=reinterpret pc=0x0000020591a0fefc method=com.intellij.openapi.util.text.NaturalComparator.compare(Ljava/lang/String;Ljava/lang/String;)I @ 8 c2
Event: 1322.054 Thread 0x000002068c2f2dd0 DEOPT PACKING pc=0x0000020591a0fefc sp=0x00000020682fdcd0
Event: 1322.054 Thread 0x000002068c2f2dd0 DEOPT UNPACKING pc=0x000002058fd87da2 sp=0x00000020682fdb10 mode 2
Event: 1322.057 Thread 0x00000205d3e576c0 DEOPT PACKING pc=0x000002058461882e sp=0x0000002069afd100
Event: 1322.057 Thread 0x00000205d3e576c0 DEOPT UNPACKING pc=0x000002058fd888e2 sp=0x0000002069afc650 mode 0
Event: 1322.058 Thread 0x00000205d3e576c0 DEOPT PACKING pc=0x00000205827c5ad5 sp=0x0000002069afd360
Event: 1322.058 Thread 0x00000205d3e576c0 DEOPT UNPACKING pc=0x000002058fd888e2 sp=0x0000002069afc918 mode 0
Event: 1322.059 Thread 0x00000205d3e576c0 DEOPT PACKING pc=0x00000205827879ce sp=0x0000002069afd320
Event: 1322.059 Thread 0x00000205d3e576c0 DEOPT UNPACKING pc=0x000002058fd888e2 sp=0x0000002069afc818 mode 0
Event: 1322.092 Thread 0x000002068c2f2dd0 DEOPT PACKING pc=0x000002058182d211 sp=0x00000020682fe050
Event: 1322.092 Thread 0x000002068c2f2dd0 DEOPT UNPACKING pc=0x000002058fd888e2 sp=0x00000020682fd540 mode 0

Classes loaded (20 events):
Event: 1318.976 Loading class com/jetbrains/rd/rdtext/intrinsics/RdTextChangeKt$WhenMappings
Event: 1318.976 Loading class com/jetbrains/rd/rdtext/intrinsics/RdTextChangeKt$WhenMappings done
Event: 1319.176 Loading class kotlin/jvm/functions/Function1
Event: 1319.176 Loading class kotlin/jvm/functions/Function1 done
Event: 1319.176 Loading class kotlin/jvm/functions/Function1
Event: 1319.176 Loading class kotlin/jvm/functions/Function1 done
Event: 1320.499 Loading class com/intellij/psi/codeStyle/TypoTolerantMatcher$TypoError
Event: 1320.499 Loading class com/intellij/psi/codeStyle/TypoTolerantMatcher$TypoError done
Event: 1320.500 Loading class com/intellij/psi/codeStyle/TypoTolerantMatcher$ErrorWithIndex
Event: 1320.500 Loading class com/intellij/psi/codeStyle/TypoTolerantMatcher$ErrorWithIndex done
Event: 1320.500 Loading class com/intellij/psi/codeStyle/TypoTolerantMatcher$MissError
Event: 1320.500 Loading class com/intellij/psi/codeStyle/TypoTolerantMatcher$MissError done
Event: 1320.500 Loading class com/intellij/psi/codeStyle/TypoTolerantMatcher$Fragment
Event: 1320.500 Loading class com/intellij/psi/codeStyle/TypoTolerantMatcher$Fragment done
Event: 1320.501 Loading class com/intellij/psi/codeStyle/TypoTolerantMatcher$Range
Event: 1320.501 Loading class com/intellij/psi/codeStyle/TypoTolerantMatcher$Range done
Event: 1320.501 Loading class com/intellij/codeInsight/lookup/AutoCompletionPolicy
Event: 1320.501 Loading class com/intellij/codeInsight/lookup/AutoCompletionPolicy done
Event: 1320.502 Loading class com/intellij/codeInsight/lookup/AutoCompletionPolicy$PolicyDecorator
Event: 1320.502 Loading class com/intellij/codeInsight/lookup/AutoCompletionPolicy$PolicyDecorator done

Classes unloaded (20 events):
Event: 1288.393 Thread 0x00000205ffe13270 Unloading class 0x0000000802a04c00 'java/lang/invoke/LambdaForm$MH+0x0000000802a04c00'
Event: 1288.393 Thread 0x00000205ffe13270 Unloading class 0x0000000802a03c00 'java/lang/invoke/LambdaForm$MH+0x0000000802a03c00'
Event: 1288.393 Thread 0x00000205ffe13270 Unloading class 0x00000008029e9800 'java/lang/invoke/LambdaForm$MH+0x00000008029e9800'
Event: 1288.393 Thread 0x00000205ffe13270 Unloading class 0x00000008029e9400 'java/lang/invoke/LambdaForm$MH+0x00000008029e9400'
Event: 1288.393 Thread 0x00000205ffe13270 Unloading class 0x00000008029e8c00 'java/lang/invoke/LambdaForm$MH+0x00000008029e8c00'
Event: 1288.393 Thread 0x00000205ffe13270 Unloading class 0x00000008029e8800 'java/lang/invoke/LambdaForm$MH+0x00000008029e8800'
Event: 1288.393 Thread 0x00000205ffe13270 Unloading class 0x00000008029dc400 'java/lang/invoke/LambdaForm$MH+0x00000008029dc400'
Event: 1288.393 Thread 0x00000205ffe13270 Unloading class 0x00000008029b4c00 'java/lang/invoke/LambdaForm$MH+0x00000008029b4c00'
Event: 1288.393 Thread 0x00000205ffe13270 Unloading class 0x00000008029b4800 'java/lang/invoke/LambdaForm$MH+0x00000008029b4800'
Event: 1288.393 Thread 0x00000205ffe13270 Unloading class 0x00000008029b4400 'java/lang/invoke/LambdaForm$MH+0x00000008029b4400'
Event: 1288.393 Thread 0x00000205ffe13270 Unloading class 0x0000000802984400 'java/lang/invoke/LambdaForm$MH+0x0000000802984400'
Event: 1288.393 Thread 0x00000205ffe13270 Unloading class 0x0000000802984000 'java/lang/invoke/LambdaForm$MH+0x0000000802984000'
Event: 1288.393 Thread 0x00000205ffe13270 Unloading class 0x00000008001b4400 'java/lang/invoke/LambdaForm$MH+0x00000008001b4400'
Event: 1288.393 Thread 0x00000205ffe13270 Unloading class 0x00000008001be000 'java/lang/invoke/LambdaForm$MH+0x00000008001be000'
Event: 1288.393 Thread 0x00000205ffe13270 Unloading class 0x0000000800300400 'java/lang/invoke/LambdaForm$MH+0x0000000800300400'
Event: 1288.393 Thread 0x00000205ffe13270 Unloading class 0x0000000800301800 'java/lang/invoke/LambdaForm$MH+0x0000000800301800'
Event: 1288.393 Thread 0x00000205ffe13270 Unloading class 0x00000008016cec00 'java/lang/invoke/LambdaForm$MH+0x00000008016cec00'
Event: 1288.393 Thread 0x00000205ffe13270 Unloading class 0x0000000801778400 'java/lang/invoke/LambdaForm$BMH+0x0000000801778400'
Event: 1288.393 Thread 0x00000205ffe13270 Unloading class 0x000000080225a800 'java/lang/invoke/LambdaForm$MH+0x000000080225a800'
Event: 1288.393 Thread 0x00000205ffe13270 Unloading class 0x0000000802420000 'java/lang/invoke/LambdaForm$MH+0x0000000802420000'

Classes redefined (4 events):
Event: 0.267 Thread 0x00000205ffe13270 redefined class name=java.math.BigInteger, count=1
Event: 0.280 Thread 0x00000205ffe13270 redefined class name=java.net.InetAddress, count=1
Event: 0.285 Thread 0x00000205ffe13270 redefined class name=sun.management.VMManagementImpl, count=1
Event: 0.305 Thread 0x00000205ffe13270 redefined class name=java.lang.Class, count=1

Internal exceptions (20 events):
Event: 1316.730 Thread 0x00000205d3e576c0 Exception <a 'java/lang/NoSuchMethodError'{0x000000072e5859b8}: 'void com.intellij.ide.actions.EditCustomVmOptionsAction$AccessExtension.<init>(com.intellij.openapi.project.Project, kotlinx.coroutines.CoroutineScope)'> (0x000000072e5859b8) 
thrown [s\src\hotspot\share\interpreter\linkResolver.cpp, line 784]
Event: 1316.730 Thread 0x00000205d3e576c0 Exception <a 'java/lang/NoSuchMethodError'{0x000000072e586fc0}: 'void com.intellij.ide.actions.EditCustomVmOptionsAction$AccessExtension.<init>(kotlinx.coroutines.CoroutineScope)'> (0x000000072e586fc0) 
thrown [s\src\hotspot\share\interpreter\linkResolver.cpp, line 784]
Event: 1316.733 Thread 0x00000205d3e576c0 Exception <a 'java/lang/NoSuchMethodError'{0x000000072e58bbf8}: 'void com.jetbrains.rider.web.userSecrets.RiderUserSecretsWritingAccessExtension.<init>(com.intellij.openapi.project.Project)'> (0x000000072e58bbf8) 
thrown [s\src\hotspot\share\interpreter\linkResolver.cpp, line 784]
Event: 1316.733 Thread 0x00000205d3e576c0 Exception <a 'java/lang/NoSuchMethodError'{0x000000072e58d220}: 'void com.jetbrains.rider.web.userSecrets.RiderUserSecretsWritingAccessExtension.<init>(com.intellij.openapi.project.Project, kotlinx.coroutines.CoroutineScope)'> (0x000000072e58d220) 
thrown [s\src\hotspot\share\interpreter\linkResolver.cpp, line 784]
Event: 1316.733 Thread 0x00000205d3e576c0 Exception <a 'java/lang/NoSuchMethodError'{0x000000072e58e860}: 'void com.jetbrains.rider.web.userSecrets.RiderUserSecretsWritingAccessExtension.<init>(kotlinx.coroutines.CoroutineScope)'> (0x000000072e58e860) 
thrown [s\src\hotspot\share\interpreter\linkResolver.cpp, line 784]
Event: 1316.735 Thread 0x00000205d3e576c0 Exception <a 'java/lang/NoSuchMethodError'{0x000000072e596dc0}: 'void com.jetbrains.rider.nuget.RiderNuGetNonProjectFileWritingAccessExtension.<init>(com.intellij.openapi.project.Project)'> (0x000000072e596dc0) 
thrown [s\src\hotspot\share\interpreter\linkResolver.cpp, line 784]
Event: 1316.735 Thread 0x00000205d3e576c0 Exception <a 'java/lang/NoSuchMethodError'{0x000000072e5983d8}: 'void com.jetbrains.rider.nuget.RiderNuGetNonProjectFileWritingAccessExtension.<init>(com.intellij.openapi.project.Project, kotlinx.coroutines.CoroutineScope)'> (0x000000072e5983d8) 
thrown [s\src\hotspot\share\interpreter\linkResolver.cpp, line 784]
Event: 1316.735 Thread 0x00000205d3e576c0 Exception <a 'java/lang/NoSuchMethodError'{0x000000072e599a10}: 'void com.jetbrains.rider.nuget.RiderNuGetNonProjectFileWritingAccessExtension.<init>(kotlinx.coroutines.CoroutineScope)'> (0x000000072e599a10) 
thrown [s\src\hotspot\share\interpreter\linkResolver.cpp, line 784]
Event: 1316.736 Thread 0x00000205d3e576c0 Exception <a 'java/lang/NoSuchMethodError'{0x000000072e59cf40}: 'void com.jetbrains.rdserver.unattendedHost.actions.UnattendedHostEditCustomVmOptionsAction$AccessExtension.<init>(com.intellij.openapi.project.Project)'> (0x000000072e59cf40) 
thrown [s\src\hotspot\share\interpreter\linkResolver.cpp, line 784]
Event: 1316.736 Thread 0x00000205d3e576c0 Exception <a 'java/lang/NoSuchMethodError'{0x000000072e59e620}: 'void com.jetbrains.rdserver.unattendedHost.actions.UnattendedHostEditCustomVmOptionsAction$AccessExtension.<init>(com.intellij.openapi.project.Project, kotlinx.coroutines.CoroutineScope)'> (0x000000072e59e620) 
thrown [s\src\hotspot\share\interpreter\linkResolver.cpp, line 784]
Event: 1316.736 Thread 0x00000205d3e576c0 Exception <a 'java/lang/NoSuchMethodError'{0x000000072e59fd18}: 'void com.jetbrains.rdserver.unattendedHost.actions.UnattendedHostEditCustomVmOptionsAction$AccessExtension.<init>(kotlinx.coroutines.CoroutineScope)'> (0x000000072e59fd18) 
thrown [s\src\hotspot\share\interpreter\linkResolver.cpp, line 784]
Event: 1318.240 Thread 0x00000206a3a7a630 Exception <a 'java/io/IOException'{0x0000000726d9eff8}> (0x0000000726d9eff8) 
thrown [s\src\hotspot\share\prims\jni.cpp, line 535]
Event: 1318.240 Thread 0x00000206a3a7a630 Exception <a 'java/io/IOException'{0x0000000726d9f5c0}> (0x0000000726d9f5c0) 
thrown [s\src\hotspot\share\prims\jni.cpp, line 535]
Event: 1318.240 Thread 0x00000206a3a7a630 Exception <a 'java/io/IOException'{0x0000000726da0cd0}> (0x0000000726da0cd0) 
thrown [s\src\hotspot\share\prims\jni.cpp, line 535]
Event: 1318.240 Thread 0x00000206a3a7a630 Exception <a 'java/io/IOException'{0x0000000726da1298}> (0x0000000726da1298) 
thrown [s\src\hotspot\share\prims\jni.cpp, line 535]
Event: 1319.626 Thread 0x00000206a87180c0 Exception <a 'sun/nio/fs/WindowsException'{0x00000007247211e8}> (0x00000007247211e8) 
thrown [s\src\hotspot\share\prims\jni.cpp, line 535]
Event: 1320.109 Thread 0x00000206aeb858f0 Implicit null exception at 0x0000020590c25d0b to 0x0000020590c25f58
Event: 1320.548 Thread 0x00000205d3e576c0 Implicit null exception at 0x0000020591991ddf to 0x0000020591991ed4
Event: 1320.715 Thread 0x00000205ef588ae0 Exception <a 'sun/nio/fs/WindowsException'{0x00000007fe895358}> (0x00000007fe895358) 
thrown [s\src\hotspot\share\prims\jni.cpp, line 535]
Event: 1322.054 Thread 0x000002068c2f2dd0 Implicit null exception at 0x0000020591a0fd71 to 0x0000020591a0feec

ZGC Phase Switch (0 events):
No events

VM Operations (20 events):
Event: 1314.694 Executing VM operation: Cleanup
Event: 1314.694 Executing VM operation: Cleanup done
Event: 1316.713 Executing VM operation: Cleanup
Event: 1316.713 Executing VM operation: Cleanup done
Event: 1317.719 Executing VM operation: Cleanup
Event: 1317.719 Executing VM operation: Cleanup done
Event: 1318.236 Executing VM operation: ICBufferFull
Event: 1318.236 Executing VM operation: ICBufferFull done
Event: 1319.237 Executing VM operation: Cleanup
Event: 1319.237 Executing VM operation: Cleanup done
Event: 1320.245 Executing VM operation: Cleanup
Event: 1320.245 Executing VM operation: Cleanup done
Event: 1320.678 Executing VM operation: G1CollectForAllocation (G1 Evacuation Pause)
Event: 1320.686 Executing VM operation: G1CollectForAllocation (G1 Evacuation Pause) done
Event: 1321.700 Executing VM operation: Cleanup
Event: 1321.700 Executing VM operation: Cleanup done
Event: 1322.054 Executing VM operation: HandshakeAllThreads (HandshakeForDeflation)
Event: 1322.054 Executing VM operation: HandshakeAllThreads (HandshakeForDeflation) done
Event: 1322.054 Executing VM operation: RendezvousGCThreads
Event: 1322.054 Executing VM operation: RendezvousGCThreads done

Memory protections (0 events):
No events

Nmethod flushes (20 events):
Event: 1288.413 Thread 0x00000205ffe13270 flushing  nmethod 0x0000020584b8d510
Event: 1288.413 Thread 0x00000205ffe13270 flushing  nmethod 0x0000020584ca5a90
Event: 1288.413 Thread 0x00000205ffe13270 flushing  nmethod 0x0000020584cabb90
Event: 1288.413 Thread 0x00000205ffe13270 flushing  nmethod 0x0000020584cac190
Event: 1288.413 Thread 0x00000205ffe13270 flushing  nmethod 0x0000020584cf2490
Event: 1288.413 Thread 0x00000205ffe13270 flushing  nmethod 0x0000020584cf2c90
Event: 1288.413 Thread 0x00000205ffe13270 flushing  nmethod 0x0000020584cf3c90
Event: 1288.413 Thread 0x00000205ffe13270 flushing  nmethod 0x0000020584cf4110
Event: 1288.413 Thread 0x00000205ffe13270 flushing  nmethod 0x0000020584cf7710
Event: 1288.413 Thread 0x00000205ffe13270 flushing  nmethod 0x0000020584cf8e90
Event: 1288.413 Thread 0x00000205ffe13270 flushing  nmethod 0x0000020584cf9410
Event: 1288.413 Thread 0x00000205ffe13270 flushing  nmethod 0x0000020584cfa910
Event: 1288.413 Thread 0x00000205ffe13270 flushing  nmethod 0x0000020584cfad10
Event: 1288.413 Thread 0x00000205ffe13270 flushing  nmethod 0x0000020584cfb990
Event: 1288.413 Thread 0x00000205ffe13270 flushing  nmethod 0x0000020584cfc690
Event: 1288.413 Thread 0x00000205ffe13270 flushing  nmethod 0x0000020584dcba90
Event: 1288.413 Thread 0x00000205ffe13270 flushing  nmethod 0x0000020584dd2510
Event: 1288.413 Thread 0x00000205ffe13270 flushing  nmethod 0x0000020584dd6090
Event: 1288.413 Thread 0x00000205ffe13270 flushing  nmethod 0x0000020584dd6a10
Event: 1288.413 Thread 0x00000205ffe13270 flushing osr nmethod 0x0000020584ddb490

Events (20 events):
Event: 1257.331 Thread 0x00000206650f34e0 Thread added: 0x00000206c32a9300
Event: 1263.570 Thread 0x00000206aeb85f80 Thread added: 0x00000206a54677c0
Event: 1263.786 Thread 0x00000206a54677c0 Thread added: 0x00000206bd7061b0
Event: 1263.786 Thread 0x00000206a54677c0 Thread added: 0x00000206bd708fa0
Event: 1263.840 Thread 0x00000206aeb85f80 Thread added: 0x0000020675a8d0e0
Event: 1263.861 Thread 0x0000020675a8d0e0 Thread added: 0x00000206bd9e2d80
Event: 1263.862 Thread 0x0000020675a8d0e0 Thread added: 0x00000206bd9e4e50
Event: 1264.047 Thread 0x00000206aeb85f80 Thread added: 0x00000206c1686200
Event: 1264.301 Thread 0x00000206c1686200 Thread added: 0x00000206bd70a9e0
Event: 1264.301 Thread 0x00000206c1686200 Thread added: 0x00000206bd709630
Event: 1286.633 Thread 0x00000206c1686200 Thread exited: 0x00000206c1686200
Event: 1286.633 Thread 0x00000206a54677c0 Thread exited: 0x00000206a54677c0
Event: 1286.633 Thread 0x00000206bd9e2d80 Thread exited: 0x00000206bd9e2d80
Event: 1286.633 Thread 0x0000020675a8d0e0 Thread exited: 0x0000020675a8d0e0
Event: 1286.633 Thread 0x00000206bd708fa0 Thread exited: 0x00000206bd708fa0
Event: 1286.633 Thread 0x00000206bd9e4e50 Thread exited: 0x00000206bd9e4e50
Event: 1286.633 Thread 0x00000206bd7061b0 Thread exited: 0x00000206bd7061b0
Event: 1286.634 Thread 0x00000206bd709630 Thread exited: 0x00000206bd709630
Event: 1286.634 Thread 0x00000206bd70a9e0 Thread exited: 0x00000206bd70a9e0
Event: 1317.331 Thread 0x00000206ae780390 Thread exited: 0x00000206ae780390


Dynamic libraries:
0x00007ff62ae80000 - 0x00007ff62afef000 	C:\Program Files\JetBrains\JetBrains Rider 2024.2.7\bin\rider64.exe
0x00007ff8b5eb0000 - 0x00007ff8b60c7000 	C:\WINDOWS\SYSTEM32\ntdll.dll
0x00007ff8b5800000 - 0x00007ff8b58c4000 	C:\WINDOWS\System32\KERNEL32.DLL
0x00007ff8b3840000 - 0x00007ff8b3bed000 	C:\WINDOWS\System32\KERNELBASE.dll
0x00007ff8b3f20000 - 0x00007ff8b3fd2000 	C:\WINDOWS\System32\ADVAPI32.dll
0x00007ff8b40f0000 - 0x00007ff8b4197000 	C:\WINDOWS\System32\msvcrt.dll
0x00007ff8b3cb0000 - 0x00007ff8b3d59000 	C:\WINDOWS\System32\sechost.dll
0x00007ff8b3750000 - 0x00007ff8b3778000 	C:\WINDOWS\System32\bcrypt.dll
0x00007ff8b4cd0000 - 0x00007ff8b4de4000 	C:\WINDOWS\System32\RPCRT4.dll
0x00007ff8b5720000 - 0x00007ff8b57f7000 	C:\WINDOWS\System32\OLEAUT32.dll
0x00007ff8b3590000 - 0x00007ff8b362a000 	C:\WINDOWS\System32\msvcp_win.dll
0x00007ff8b3630000 - 0x00007ff8b3741000 	C:\WINDOWS\System32\ucrtbase.dll
0x00007ff8b41a0000 - 0x00007ff8b4528000 	C:\WINDOWS\System32\combase.dll
0x00007ff8a9790000 - 0x00007ff8a99c2000 	C:\WINDOWS\SYSTEM32\dbghelp.dll
0x00007ff8b4df0000 - 0x00007ff8b564f000 	C:\WINDOWS\System32\SHELL32.dll
0x00007ff8b5a90000 - 0x00007ff8b5c3e000 	C:\WINDOWS\System32\USER32.dll
0x00007ff8b3560000 - 0x00007ff8b3586000 	C:\WINDOWS\System32\win32u.dll
0x00007ff8b5df0000 - 0x00007ff8b5e19000 	C:\WINDOWS\System32\GDI32.dll
0x00007ff8b33c0000 - 0x00007ff8b34d9000 	C:\WINDOWS\System32\gdi32full.dll
0x00007ff8b2870000 - 0x00007ff8b2898000 	C:\WINDOWS\SYSTEM32\USERENV.dll
0x00007ff8aacf0000 - 0x00007ff8aad24000 	C:\WINDOWS\SYSTEM32\WINMM.dll
0x00007ff8b29d0000 - 0x00007ff8b29dc000 	C:\WINDOWS\SYSTEM32\CRYPTBASE.DLL
0x00007ff8b5db0000 - 0x00007ff8b5de1000 	C:\WINDOWS\System32\IMM32.DLL
0x00007ff8b1140000 - 0x00007ff8b1a3c000 	C:\WINDOWS\SYSTEM32\windows.storage.dll
0x00007ff8b1000000 - 0x00007ff8b113f000 	C:\WINDOWS\SYSTEM32\wintypes.dll
0x00007ff8b3fe0000 - 0x00007ff8b40d4000 	C:\WINDOWS\System32\SHCORE.dll
0x00007ff8b3ec0000 - 0x00007ff8b3f1e000 	C:\WINDOWS\System32\shlwapi.dll
0x00007ff8b3110000 - 0x00007ff8b3131000 	C:\WINDOWS\SYSTEM32\profapi.dll
0x00007ff8b2320000 - 0x00007ff8b2354000 	C:\WINDOWS\SYSTEM32\ntmarta.dll
0x00007fffcf3c0000 - 0x00007fffd0177000 	C:\Program Files\JetBrains\JetBrains Rider 2024.2.7\jbr\bin\server\jvm.dll
0x00007ff8b5c40000 - 0x00007ff8b5cb1000 	C:\WINDOWS\System32\WS2_32.dll
0x00007ff8b2070000 - 0x00007ff8b20bd000 	C:\WINDOWS\SYSTEM32\POWRPROF.dll
0x00007ff899a40000 - 0x00007ff899a5b000 	C:\Program Files\JetBrains\JetBrains Rider 2024.2.7\jbr\bin\VCRUNTIME140.dll
0x00007ff8ab3a0000 - 0x00007ff8ab3ac000 	C:\Program Files\JetBrains\JetBrains Rider 2024.2.7\jbr\bin\VCRUNTIME140_1.dll
0x00007ff8ac550000 - 0x00007ff8ac55a000 	C:\WINDOWS\SYSTEM32\VERSION.dll
0x00007ff8b2050000 - 0x00007ff8b2063000 	C:\WINDOWS\SYSTEM32\UMPDC.dll
0x00007ff897a80000 - 0x00007ff897a8a000 	C:\Program Files\JetBrains\JetBrains Rider 2024.2.7\jbr\bin\jimage.dll
0x00007ff889140000 - 0x00007ff889172000 	C:\WINDOWS\SYSTEM32\dbgcore.DLL
0x00007ff8b34e0000 - 0x00007ff8b355b000 	C:\WINDOWS\System32\bcryptPrimitives.dll
0x00007ff88c880000 - 0x00007ff88c88e000 	C:\Program Files\JetBrains\JetBrains Rider 2024.2.7\jbr\bin\instrument.dll
0x00007ff88b410000 - 0x00007ff88b42f000 	C:\Program Files\JetBrains\JetBrains Rider 2024.2.7\jbr\bin\java.dll
0x00007ff888290000 - 0x00007ff8882a8000 	C:\Program Files\JetBrains\JetBrains Rider 2024.2.7\jbr\bin\jli.dll
0x00007ff89c3b0000 - 0x00007ff89c463000 	C:\WINDOWS\WinSxS\amd64_microsoft.windows.common-controls_6595b64144ccf1df_5.82.22621.3527_none_b43b7f4b638cc64f\COMCTL32.dll
0x00007ff8b2300000 - 0x00007ff8b2318000 	C:\WINDOWS\SYSTEM32\kernel.appcore.dll
0x00007ff87fd20000 - 0x00007ff87fd38000 	C:\Program Files\JetBrains\JetBrains Rider 2024.2.7\jbr\bin\zip.dll
0x00007ff88c7c0000 - 0x00007ff88c7d0000 	C:\Program Files\JetBrains\JetBrains Rider 2024.2.7\jbr\bin\net.dll
0x00007ff8af080000 - 0x00007ff8af1b6000 	C:\WINDOWS\SYSTEM32\WINHTTP.dll
0x00007ff8b2770000 - 0x00007ff8b27d9000 	C:\WINDOWS\system32\mswsock.dll
0x00007ff87f590000 - 0x00007ff87f5a6000 	C:\Program Files\JetBrains\JetBrains Rider 2024.2.7\jbr\bin\nio.dll
0x00007ff88a760000 - 0x00007ff88a769000 	C:\Program Files\JetBrains\JetBrains Rider 2024.2.7\jbr\bin\management.dll
0x00007ff889c00000 - 0x00007ff889c0b000 	C:\Program Files\JetBrains\JetBrains Rider 2024.2.7\jbr\bin\management_ext.dll
0x00007ff8b58d0000 - 0x00007ff8b58d8000 	C:\WINDOWS\System32\PSAPI.DLL
0x00007ff8978f0000 - 0x00007ff897907000 	C:\WINDOWS\system32\napinsp.dll
0x00007ff87aa30000 - 0x00007ff87aa4b000 	C:\WINDOWS\system32\pnrpnsp.dll
0x00007ff8b1d80000 - 0x00007ff8b1e78000 	C:\WINDOWS\SYSTEM32\DNSAPI.dll
0x00007ff8b1d50000 - 0x00007ff8b1d7d000 	C:\WINDOWS\SYSTEM32\IPHLPAPI.DLL
0x00007ff8b3ca0000 - 0x00007ff8b3ca9000 	C:\WINDOWS\System32\NSI.dll
0x00007ff87aa10000 - 0x00007ff87aa21000 	C:\WINDOWS\System32\winrnr.dll
0x00007ff87a9e0000 - 0x00007ff87aa07000 	C:\WINDOWS\system32\nlansp_c.dll
0x00007ff8ac7d0000 - 0x00007ff8ac7e5000 	C:\WINDOWS\system32\wshbth.dll
0x00007ff89ae00000 - 0x00007ff89ae0a000 	C:\Windows\System32\rasadhlp.dll
0x00007ff8ad3c0000 - 0x00007ff8ad443000 	C:\WINDOWS\System32\fwpuclnt.dll
0x00007ff87f880000 - 0x00007ff87f890000 	C:\Program Files\JetBrains\JetBrains Rider 2024.2.7\jbr\bin\verify.dll
0x00007ff86d0e0000 - 0x00007ff86d278000 	C:\Program Files\JetBrains\JetBrains Rider 2024.2.7\jbr\bin\awt.dll
0x00007ff8b08f0000 - 0x00007ff8b091b000 	C:\WINDOWS\SYSTEM32\dwmapi.dll
0x00007ff8777f0000 - 0x00007ff877834000 	C:\Program Files\JetBrains\JetBrains Rider 2024.2.7\jbr\bin\nvdaControllerClient64.dll
0x00007ff86d050000 - 0x00007ff86d0dd000 	C:\Program Files\JetBrains\JetBrains Rider 2024.2.7\bin\MSVCP140.dll
0x00007ff8aea40000 - 0x00007ff8aead7000 	C:\WINDOWS\SYSTEM32\apphelp.dll
0x00007ff87d490000 - 0x00007ff87d499000 	C:\Program Files\JetBrains\JetBrains Rider 2024.2.7\jbr\bin\prefs.dll
0x00007ff87d270000 - 0x00007ff87d27e000 	C:\Program Files\JetBrains\JetBrains Rider 2024.2.7\jbr\bin\sunmscapi.dll
0x00007ff8b3250000 - 0x00007ff8b33b7000 	C:\WINDOWS\System32\CRYPT32.dll
0x00007ff8b2b70000 - 0x00007ff8b2b9e000 	C:\WINDOWS\SYSTEM32\ncrypt.dll
0x00007ff8b2b30000 - 0x00007ff8b2b67000 	C:\WINDOWS\SYSTEM32\NTASN1.dll
0x00007ff8b0670000 - 0x00007ff8b071f000 	C:\WINDOWS\system32\uxtheme.dll
0x00007ff8b3d60000 - 0x00007ff8b3eb3000 	C:\WINDOWS\System32\MSCTF.dll
0x00007ff8b58e0000 - 0x00007ff8b5a85000 	C:\WINDOWS\System32\ole32.dll
0x00007ff863890000 - 0x00007ff863898000 	C:\WINDOWS\system32\wshunix.dll
0x00007ff86e120000 - 0x00007ff86e169000 	C:\Program Files\JetBrains\JetBrains Rider 2024.2.7\jbr\bin\javaaccessbridge.dll
0x00007ff87a920000 - 0x00007ff87a927000 	C:\Program Files\JetBrains\JetBrains Rider 2024.2.7\jbr\bin\jawt.dll
0x00007ff87a060000 - 0x00007ff87a069000 	C:\Program Files\JetBrains\JetBrains Rider 2024.2.7\jbr\bin\extnet.dll
0x00007ff86d000000 - 0x00007ff86d045000 	C:\Program Files\JetBrains\JetBrains Rider 2024.2.7\lib\jna\amd64\jnidispatch.dll
0x00007ff89c9e0000 - 0x00007ff89cc73000 	C:\WINDOWS\WinSxS\amd64_microsoft.windows.common-controls_6595b64144ccf1df_6.0.22621.3672_none_2713b9d173822955\comctl32.DLL
0x00007ff86c0e0000 - 0x00007ff86c167000 	C:\Program Files\JetBrains\JetBrains Rider 2024.2.7\jbr\bin\freetype.dll
0x00007ff86bff0000 - 0x00007ff86c0d5000 	C:\Program Files\JetBrains\JetBrains Rider 2024.2.7\jbr\bin\fontmanager.dll
0x00007ff842df0000 - 0x00007ff842ef0000 	C:\WINDOWS\system32\opengl32.dll
0x00007ff842dc0000 - 0x00007ff842ded000 	C:\WINDOWS\SYSTEM32\GLU32.dll
0x00007ff8b0960000 - 0x00007ff8b0999000 	C:\WINDOWS\SYSTEM32\dxcore.dll
0x00007ff8b29e0000 - 0x00007ff8b29fb000 	C:\WINDOWS\SYSTEM32\CRYPTSP.dll
0x00007ff8b2260000 - 0x00007ff8b2295000 	C:\WINDOWS\system32\rsaenh.dll
0x00007ff8b2e70000 - 0x00007ff8b2e82000 	C:\WINDOWS\SYSTEM32\MSASN1.dll
0x00007ff8af310000 - 0x00007ff8af329000 	C:\WINDOWS\SYSTEM32\dhcpcsvc6.DLL
0x00007ff8af020000 - 0x00007ff8af03f000 	C:\WINDOWS\SYSTEM32\dhcpcsvc.DLL
0x00007ff89cc80000 - 0x00007ff89ce39000 	C:\WINDOWS\WinSxS\amd64_microsoft.windows.gdiplus_6595b64144ccf1df_1.1.22621.3810_none_57f8d842ce19d879\gdiplus.dll
0x00007ff89b1e0000 - 0x00007ff89b32e000 	C:\WINDOWS\SYSTEM32\textinputframework.dll
0x00007ff8ae640000 - 0x00007ff8ae773000 	C:\WINDOWS\SYSTEM32\CoreMessaging.dll
0x00007ff8aa770000 - 0x00007ff8aaadd000 	C:\WINDOWS\SYSTEM32\CoreUIComponents.dll
0x00007ff8b3bf0000 - 0x00007ff8b3ca0000 	C:\WINDOWS\System32\clbcatq.dll
0x00007ff8b0480000 - 0x00007ff8b0630000 	C:\WINDOWS\SYSTEM32\WindowsCodecs.dll
0x00007ff8918a0000 - 0x00007ff8918fe000 	C:\WINDOWS\system32\dataexchange.dll
0x00007ff8a6530000 - 0x00007ff8a67ba000 	C:\WINDOWS\system32\twinapi.appcore.dll
0x00007ff80f8a0000 - 0x00007ff80f8d8000 	C:\Program Files\JetBrains\JetBrains Rider 2024.2.7\bin\WinShellIntegrationBridge.dll
0x00007ff893560000 - 0x00007ff8935ff000 	C:\Windows\System32\appresolver.dll
0x00007ff8affb0000 - 0x00007ff8b00b0000 	C:\WINDOWS\system32\propsys.dll
0x00007ff8abca0000 - 0x00007ff8abd00000 	C:\Windows\System32\Bcp47Langs.dll
0x00007ff8b5d30000 - 0x00007ff8b5dad000 	C:\WINDOWS\System32\coml2.dll
0x00007ff8250d0000 - 0x00007ff825285000 	C:\Windows\System32\TaskFlowDataEngine.dll
0x00007ff89aa20000 - 0x00007ff89aace000 	C:\Windows\System32\OneCoreCommonProxyStub.dll
0x00007ff8b2ec0000 - 0x00007ff8b2f0e000 	C:\WINDOWS\SYSTEM32\CFGMGR32.dll
0x00007ff8934a0000 - 0x00007ff893555000 	C:\Windows\System32\Windows.FileExplorer.Common.dll
0x00007ff890e90000 - 0x00007ff890e9d000 	C:\WINDOWS\SYSTEM32\LINKINFO.dll
0x00007ff890b70000 - 0x00007ff890c0b000 	C:\WINDOWS\SYSTEM32\ntshrui.dll
0x00007ff8b2560000 - 0x00007ff8b25a3000 	C:\WINDOWS\SYSTEM32\SspiCli.dll
0x00007ff8a5550000 - 0x00007ff8a5578000 	C:\WINDOWS\SYSTEM32\srvcli.dll
0x00007ff89b950000 - 0x00007ff89b962000 	C:\WINDOWS\SYSTEM32\cscapi.dll
0x00007ff8b00f0000 - 0x00007ff8b0195000 	C:\WINDOWS\SYSTEM32\policymanager.dll
0x00007ff8afd10000 - 0x00007ff8afda3000 	C:\WINDOWS\SYSTEM32\msvcp110_win.dll
0x00007ff8b2f30000 - 0x00007ff8b2f3a000 	C:\WINDOWS\SYSTEM32\DPAPI.dll
0x00007ff8abbc0000 - 0x00007ff8abbd0000 	C:\WINDOWS\system32\wbem\wbemprox.dll
0x00007ff8a2670000 - 0x00007ff8a26f0000 	C:\WINDOWS\SYSTEM32\wbemcomn.dll
0x00007ff8a1560000 - 0x00007ff8a1574000 	C:\WINDOWS\system32\wbem\wbemsvc.dll
0x00007ff8a19b0000 - 0x00007ff8a1aa8000 	C:\WINDOWS\system32\wbem\fastprox.dll
0x00007ff89ceb0000 - 0x00007ff89cecd000 	C:\WINDOWS\SYSTEM32\amsi.dll
0x00007ff89c950000 - 0x00007ff89c9d1000 	C:\ProgramData\Microsoft\Windows Defender\Platform\4.18.24080.9-0\MpOav.dll
0x00007ff88ef40000 - 0x00007ff88f384000 	C:\Windows\System32\uiautomationcore.dll
0x00007ff89c830000 - 0x00007ff89c899000 	C:\Windows\System32\OLEACC.dll
0x00007ff889db0000 - 0x00007ff889e00000 	C:\WINDOWS\SYSTEM32\pdh.dll
0x00007ff8ae600000 - 0x00007ff8ae610000 	C:\WINDOWS\System32\perfos.dll
0x00007ff8b09a0000 - 0x00007ff8b09b0000 	C:\WINDOWS\SYSTEM32\pfclient.dll

dbghelp: loaded successfully - version: 4.0.5 - missing functions: none
symbol engine: initialized successfully - sym options: 0x614 - pdb path: .;C:\Program Files\JetBrains\JetBrains Rider 2024.2.7\bin;C:\WINDOWS\SYSTEM32;C:\Program Files\JetBrains\JetBrains Rider 2024.2.7\jbr\bin\server;C:\Program Files\JetBrains\JetBrains Rider 2024.2.7\jbr\bin;C:\WINDOWS\WinSxS\amd64_microsoft.windows.common-controls_6595b64144ccf1df_5.82.22621.3527_none_b43b7f4b638cc64f;C:\Program Files\JetBrains\JetBrains Rider 2024.2.7\lib\jna\amd64;C:\WINDOWS\WinSxS\amd64_microsoft.windows.common-controls_6595b64144ccf1df_6.0.22621.3672_none_2713b9d173822955;C:\WINDOWS\WinSxS\amd64_microsoft.windows.gdiplus_6595b64144ccf1df_1.1.22621.3810_none_57f8d842ce19d879;C:\WINDOWS\system32\wbem;C:\ProgramData\Microsoft\Windows Defender\Platform\4.18.24080.9-0

VM Arguments:
jvm_args: abort vfprintf -XX:ErrorFile=C:\Users\HLC_2021\java_error_in_rider_%p.log -XX:HeapDumpPath=C:\Users\HLC_2021\java_error_in_rider.hprof -Xms128m -Xmx2048m -XX:+HeapDumpOnOutOfMemoryError -XX:-OmitStackTraceInFastThrow -XX:+IgnoreUnrecognizedVMOptions -ea -Dsun.io.useCanonCaches=false -Dsun.java2d.metal=true -Djbr.catch.SIGABRT=true -Djdk.http.auth.tunneling.disabledSchemes="" -Djdk.attach.allowAttachSelf=true -Djdk.module.illegalAccess.silent=true -Dkotlinx.coroutines.debug=off -XX:CICompilerCount=2 -XX:ReservedCodeCacheSize=512m -XX:+UnlockDiagnosticVMOptions -XX:TieredOldPercentage=100000 -Xms128m -Xmx4075m -XX:ReservedCodeCacheSize=512m -XX:+IgnoreUnrecognizedVMOptions -XX:+UseG1GC -XX:SoftRefLRUPolicyMSPerMB=50 -XX:CICompilerCount=2 -XX:+HeapDumpOnOutOfMemoryError -XX:-OmitStackTraceInFastThrow -ea -Dsun.io.useCanonCaches=false -Djdk.http.auth.tunneling.disabledSchemes="" -Djdk.attach.allowAttachSelf=true -Djdk.module.illegalAccess.silent=true -Dkotlinx.coroutines.debug=off -XX:ErrorFile=$USER_HOME/java_error_in_idea_%p.log -XX:HeapDumpPath=$USER_HOME/java_error_in_idea.hprof --add-opens=java.base/jdk.internal.org.objectweb.asm=ALL-UNNAMED --add-opens=java.base/jdk.internal.org.objectweb.asm.tree=ALL-UNNAMED -javaagent:C:\Users\HLC_2021\Downloads\jetbra-ded4f9dc4fcb60294b21669dafa90330f2713ce4 (1)\jetbra\ja-netfilter.jar=jetbrains -Djb.vmOptionsFile=C:\Users\HLC_2021\Downloads\jetbra-ded4f9dc4fcb60294b21669dafa90330f2713ce4 (1)\jetbra\vmoptions\rider.vmoptions -Djava.system.class.loader=com.intellij.util.lang.PathClassLoader -Didea.vendor.name=JetBrains -Didea.paths.selector=Rider2024.2 -Djna.boot.library.path=C:\Program Files\JetBrains\JetBrains Rider 2024.2.7/lib/jna/amd64 -Dpty4j.preferred.native.folder=C:\Program Files\JetBrains\JetBrains Rider 2024.2.7/lib/pty4j -Djna.nosys=true -Djna.noclasspath=true -Dintellij.platform.runtime.repository.path=C:\Program Files\JetBrains\JetBrains Rider 2024.2.7/modules/module-descriptors.jar -Didea.platform.prefix=Rider -Dide.native.launcher=true -Didea.class.before.app=com.jetbrains.rider.protocol.EarlyBackendStarter -Didea.show.customize.ide.wizard=true -DFilePageCache.THROW_ERROR_ON_DUPLICATE_STORAGE_REGISTRATION=false -Dsplash=true -Daether.connector.resumeDownloads=false --add-opens=java.base/java.io=ALL-UNNAMED --add-opens=java.base/java.lang=ALL-UNNAMED --add-opens=java.base/java.lang.ref=ALL-UNNAMED --add-opens=java.base/java.lang.reflect=ALL-UNNAMED --add-opens=java.base/java.net=ALL-UNNAMED --add-opens=java.base/java.nio=ALL-UNNAMED --add-opens=java.base/java.nio.charset=ALL-UNNAMED --add-opens=java.base/java.text=ALL-UNNAMED --add-opens=java.base/java.time=ALL-UNNAMED --add-opens=java.base/java.util=ALL-UNNAMED --add-opens=java.base/java.util.concurrent=ALL-UNNAMED --add-opens=java.base/java.util.concurrent.atomic=ALL-UNNAMED --add-opens=java.base/java.util.concurrent.locks=ALL-UNNAMED --add-opens=java.base/jdk.internal.vm=ALL-UNNAMED --add-opens=java.base/sun.net.dns=ALL-UNNAMED --add-opens=java.base/sun.nio.ch=ALL-UNNAMED --add-opens=java.base/sun.nio.fs=ALL-UNNAMED --add-opens=java.base/sun.security.ssl=ALL-UNNAMED --add-opens=java.base/sun.security.util=ALL-UNNAMED --add-opens=java.desktop/com.sun.java.swing=ALL-UNNAMED --add-opens=java.desktop/java.awt=ALL-UNNAMED --add-opens=java.desktop/java.awt.dnd.peer=ALL-UNNAMED --add-opens=java.desktop/java.awt.event=ALL-UNNAMED --add-opens=java.desktop/java.awt.font=ALL-UNNAMED --add-opens=java.desktop/java.awt.image=ALL-UNNAMED --add-opens=java.desktop/java.awt.peer=ALL-UNNAMED --add-opens=java.desktop/javax.swing=ALL-UNNAMED --add-opens=java.desktop/javax.swing.plaf.basic=ALL-UNNAMED --add-opens=java.desktop/javax.swing.text=ALL-UNNAMED --add-opens=java.desktop/javax.swing.text.html=ALL-UNNAMED --add-opens=java.desktop/sun.awt=ALL-UNNAMED --add-opens=java.desktop/sun.awt.datatransfer=ALL-UNNAMED --add-opens=java.desktop/sun.awt.image=ALL-UNNAMED --add-opens=java.desktop/sun.awt.windows=ALL-UNNAMED --add-opens=java.desktop/sun.font=ALL-UNNAMED --add-opens=java.desktop/sun.java2d=ALL-UNNAMED --add-opens=java.desktop/sun.swing=ALL-UNNAMED --add-opens=java.management/sun.management=ALL-UNNAMED --add-opens=jdk.attach/sun.tools.attach=ALL-UNNAMED --add-opens=jdk.compiler/com.sun.tools.javac.api=ALL-UNNAMED --add-opens=jdk.internal.jvmstat/sun.jvmstat.monitor=ALL-UNNAMED --add-opens=jdk.jdi/com.sun.tools.jdi=ALL-UNNAMED -Dide.native.launcher=true -Djcef.sandbox.ptr=00000205F5BC0DC0 -Djcef.sandbox.cefVersion=122.1.9+gd14e051+chromium-122.0.6261.94 
java_command: com.intellij.idea.Main E:\Project\SD Playable Ads\SD Playable Ads.sln --line -1 --column -1 E:\Project\SD Playable Ads\Assets\Script\Weapon\WeaponController.cs
java_class_path (initial): C:\Program Files\JetBrains\JetBrains Rider 2024.2.7\lib\platform-loader.jar;C:\Program Files\JetBrains\JetBrains Rider 2024.2.7\lib\util-8.jar;C:\Program Files\JetBrains\JetBrains Rider 2024.2.7\lib\util.jar;C:\Program Files\JetBrains\JetBrains Rider 2024.2.7\lib\app-client.jar;C:\Program Files\JetBrains\JetBrains Rider 2024.2.7\lib\util_rt.jar;C:\Program Files\JetBrains\JetBrains Rider 2024.2.7\lib\product.jar;C:\Program Files\JetBrains\JetBrains Rider 2024.2.7\lib\opentelemetry.jar;C:\Program Files\JetBrains\JetBrains Rider 2024.2.7\lib\app.jar;C:\Program Files\JetBrains\JetBrains Rider 2024.2.7\lib\product-client.jar;C:\Program Files\JetBrains\JetBrains Rider 2024.2.7\lib\lib-client.jar;C:\Program Files\JetBrains\JetBrains Rider 2024.2.7\lib\stats.jar;C:\Program Files\JetBrains\JetBrains Rider 2024.2.7\lib\jps-model.jar;C:\Program Files\JetBrains\JetBrains Rider 2024.2.7\lib\external-system-rt.jar;C:\Program Files\JetBrains\JetBrains Rider 2024.2.7\lib\rd.jar;C:\Program Files\JetBrains\JetBrains Rider 2024.2.7\lib\bouncy-castle.jar;C:\Program Files\JetBrains\JetBrains Rider 2024.2.7\lib\protobuf.jar;C:\Program Files\JetBrains\JetBrains Rider 2024.2.7\lib\forms_rt.jar;C:\Program Files\JetBrains\JetBrains Rider 2024.2.7\lib\lib.jar;C:\Program Files\JetBrains\JetBrains Rider 2024.2.7\lib\externalProcess-rt.jar;C:\Program Files\JetBrains\JetBrains Rider 2024.2.7\lib\groovy.jar;C:\Program Files\JetBrains\JetBrains Rider 2024.2.7\lib\annotations.jar;C:\Program Files\JetBrains\JetBrains Rider 2024.2.7\lib\jsch-agent.jar;C:\Program Files\JetBrains\JetBrains Rider 2024.2.7\lib\nio-fs.jar;C:\Program Files\JetBrains\JetBrains Rider 2024.2.7\lib\trove.jar
Launcher Type: generic

[Global flags]
     intx CICompilerCount                          = 2                                         {product} {command line}
     uint ConcGCThreads                            = 3                                         {product} {ergonomic}
    ccstr ErrorFile                                = $USER_HOME/java_error_in_idea_%p.log            {product} {command line}
     uint G1ConcRefinementThreads                  = 13                                        {product} {ergonomic}
   size_t G1HeapRegionSize                         = 2097152                                   {product} {ergonomic}
    uintx GCDrainStackTargetSize                   = 64                                        {product} {ergonomic}
     bool HeapDumpOnOutOfMemoryError               = true                                   {manageable} {command line}
    ccstr HeapDumpPath                             = $USER_HOME/java_error_in_idea.hprof         {manageable} {command line}
     bool IgnoreUnrecognizedVMOptions              = true                                      {product} {command line}
   size_t InitialHeapSize                          = 134217728                                 {product} {command line}
   size_t MarkStackSize                            = 4194304                                   {product} {ergonomic}
   size_t MaxHeapSize                              = 4273995776                                {product} {command line, ergonomic}
   size_t MaxNewSize                               = 2562719744                                {product} {ergonomic}
   size_t MinHeapDeltaBytes                        = 2097152                                   {product} {ergonomic}
   size_t MinHeapSize                              = 134217728                                 {product} {command line}
    uintx NonNMethodCodeHeapSize                   = 5826188                                {pd product} {ergonomic}
    uintx NonProfiledCodeHeapSize                  = 265522362                              {pd product} {ergonomic}
     bool OmitStackTraceInFastThrow                = false                                     {product} {command line}
    uintx ProfiledCodeHeapSize                     = 265522362                              {pd product} {ergonomic}
    uintx ReservedCodeCacheSize                    = 536870912                              {pd product} {command line}
     bool SegmentedCodeCache                       = true                                      {product} {ergonomic}
   size_t SoftMaxHeapSize                          = 4273995776                             {manageable} {ergonomic}
     intx SoftRefLRUPolicyMSPerMB                  = 50                                        {product} {command line}
     intx TieredOldPercentage                      = 100000                                 {diagnostic} {command line}
     bool UnlockDiagnosticVMOptions                = true                                   {diagnostic} {command line}
     bool UseCompressedOops                        = true                           {product lp64_product} {ergonomic}
     bool UseG1GC                                  = true                                      {product} {command line}
     bool UseLargePagesIndividualAllocation        = false                                  {pd product} {ergonomic}

Logging:
Log output configuration:
 #0: stdout all=warning uptime,level,tags foldmultilines=false
 #1: stderr all=off uptime,level,tags foldmultilines=false

Environment Variables:
PATH=C:\WINDOWS\system32;C:\WINDOWS;C:\WINDOWS\System32\Wbem;C:\WINDOWS\System32\WindowsPowerShell\v1.0\;C:\WINDOWS\System32\OpenSSH\;C:\Program Files\Git\cmd;C:\Program Files\Microsoft SQL Server\150\Tools\Binn\;C:\Program Files\Microsoft SQL Server\Client SDK\ODBC\170\Tools\Binn\;C:\Program Files\dotnet\;C:\Program Files (x86)\NVIDIA Corporation\PhysX\Common;C:\Program Files\NVIDIA Corporation\NVIDIA NvDLISR;C:\Program Files\Calibre2\;C:\Program Files\GameBench\GameBench\lib;C:\Users\HLC_2021\AppData\Local\Microsoft\WindowsApps;C:\Users\HLC_2021\AppData\Local\GitHubDesktop\bin;C:\Program Files\JetBrains\JetBrains Rider 2024.1.3\bin;;C:\Users\HLC_2021\.dotnet\tools
USERNAME=Namhp
OS=Windows_NT
PROCESSOR_IDENTIFIER=Intel64 Family 6 Model 167 Stepping 1, GenuineIntel
TMP=C:\Users\HLC_2021\AppData\Local\Temp
TEMP=C:\Users\HLC_2021\AppData\Local\Temp




Periodic native trim disabled

JNI global refs:
JNI global refs: 135, weak refs: 294

JNI global refs memory usage: 2099, weak refs: 6337

Process memory usage:
Resident Set Size: 2538152K (7% of 33387840K total physical memory with 7238000K free physical memory)

OOME stack traces (most recent first):
Classloader memory used:
Loader com.intellij.util.lang.PathClassLoader                                          : 216M
Loader com.intellij.ide.plugins.cl.PluginClassLoader                                   : 86268K
Loader bootstrap                                                                       : 54993K
Loader jdk.internal.loader.ClassLoaders$PlatformClassLoader                            : 2994K
Loader jdk.internal.loader.ClassLoaders$AppClassLoader                                 : 606K
Loader sun.reflect.misc.MethodUtil                                                     : 4216B

Classes loaded by more than one classloader:
Class com.intellij.ultimate.PluginVerifier                                            : loaded 3 times (x 67B)
Class kotlin.collections.CollectionsKt__ReversedViewsKt                               : loaded 2 times (x 67B)
Class ai.grazie.nlp.patterns.standard.LikelyPatterns$ActionNameEllipsis$1             : loaded 2 times (x 91B)
Class ai.grazie.text.TextRange$Companion                                              : loaded 2 times (x 67B)
Class com.jetbrains.rd.rdtext.intrinsics.RdTextChange$Companion                       : loaded 2 times (x 67B)
Class ai.grazie.nlp.patterns.standard.StrictPatterns$IsApostrophe$1                   : loaded 2 times (x 74B)
Class ai.grazie.nlp.langs.LanguageISO$Companion                                       : loaded 2 times (x 67B)
Class ai.grazie.nlp.patterns.standard.StrictPatterns$HasNoLetters$1                   : loaded 2 times (x 74B)
Class ai.grazie.nlp.langs.alphabet.NoneAlphabet                                       : loaded 2 times (x 72B)
Class [Lai.grazie.nlp.patterns.MatchPattern;                                          : loaded 2 times (x 65B)
Class ai.grazie.nlp.langs.Language$Companion$1                                        : loaded 2 times (x 74B)
Class [Lai.grazie.nlp.langs.alphabet.Alphabet;                                        : loaded 2 times (x 65B)
Class ai.grazie.nlp.tokenizer.word.HeuristicWordTokenizer                             : loaded 2 times (x 82B)
Class [Lai.grazie.nlp.langs.LanguageISO;                                              : loaded 2 times (x 65B)
Class ai.grazie.nlp.tokenizer.sequence.NonDestructiveCharSequenceTokenizer            : loaded 2 times (x 66B)
Class ai.grazie.nlp.patterns.Pattern                                                  : loaded 2 times (x 66B)
Class ai.grazie.utils.mpp.RootDataLoader                                              : loaded 2 times (x 66B)
Class ai.grazie.utils.TextKt                                                          : loaded 2 times (x 67B)
Class ai.grazie.nlp.patterns.standard.StrictPatterns$LatinPhrase$1$1                  : loaded 2 times (x 74B)
Class kotlin.coroutines.jvm.internal.SuspendLambda                                    : loaded 2 times (x 87B)
Class ai.grazie.nlp.patterns.MatchPattern                                             : loaded 2 times (x 66B)
Class kotlin.collections.CollectionsKt__CollectionsKt                                 : loaded 2 times (x 67B)
Class [Lai.grazie.nlp.langs.alphabet.Alphabet$Group;                                  : loaded 2 times (x 65B)
Class ai.grazie.nlp.langs.alphabet.Alphabet$Group                                     : loaded 2 times (x 75B)
Class kotlin.jvm.internal.FunctionBase                                                : loaded 2 times (x 66B)
Class kotlin.enums.EnumEntriesList                                                    : loaded 2 times (x 219B)
Class ai.grazie.nlp.patterns.standard.LikelyPatterns$IsCompositeInflection$1$1        : loaded 2 times (x 91B)
Class ai.grazie.nlp.langs.Language$Companion                                          : loaded 2 times (x 67B)
Class kotlin.collections.CollectionsKt__IteratorsJVMKt                                : loaded 2 times (x 67B)
Class ai.grazie.nlp.patterns.Pattern$Exclusion                                        : loaded 2 times (x 89B)
Class ai.grazie.nlp.patterns.standard.LikelyPatterns$ChatTextEmoji$1                  : loaded 2 times (x 91B)
Class ai.grazie.nlp.patterns.standard.LikelyPatterns$IsMention$1$1                    : loaded 2 times (x 91B)
Class ai.grazie.nlp.tokenizer.Tokenizer$Keys                                          : loaded 2 times (x 67B)
Class kotlin.collections.CollectionsKt__MutableCollectionsKt                          : loaded 2 times (x 67B)
Class ai.grazie.DataHolder$Key                                                        : loaded 2 times (x 67B)
Class ai.grazie.text.Text                                                             : loaded 2 times (x 81B)
Class ai.grazie.DataHolder                                                            : loaded 2 times (x 68B)
Class ai.grazie.nlp.patterns.standard.LikelyPatterns$Chemical$1$1                     : loaded 2 times (x 91B)
Class ai.grazie.nlp.tokenizer.Tokenizer                                               : loaded 2 times (x 66B)
Class ai.grazie.nlp.patterns.ext.AbbreviationPatterns                                 : loaded 2 times (x 67B)
Class ai.grazie.utils.CollectionsKt                                                   : loaded 2 times (x 67B)
Class kotlin.collections.EmptyList                                                    : loaded 2 times (x 170B)
Class ai.grazie.nlp.utils.Symbols                                                     : loaded 2 times (x 67B)
Class ai.grazie.nlp.patterns.standard.LikelyPatterns$ChainedName$1$1                  : loaded 2 times (x 91B)
Class ai.grazie.nlp.patterns.standard.LikelyPatterns$CommandLineOption$1              : loaded 2 times (x 91B)
Class ai.grazie.nlp.patterns.standard.LikelyPatterns$IsURL$1                          : loaded 2 times (x 89B)
Class kotlin.ResultKt                                                                 : loaded 2 times (x 67B)
Class ai.grazie.utils.mpp.TextRegex                                                   : loaded 2 times (x 67B)
Class ai.grazie.nlp.patterns.Pattern$After                                            : loaded 2 times (x 89B)
Class ai.grazie.nlp.langs.alphabet.Alphabet$Companion                                 : loaded 2 times (x 67B)
Class ai.grazie.nlp.patterns.ext.AbbreviationPatterns$All$1                           : loaded 2 times (x 91B)
Class ai.grazie.nlp.patterns.standard.LikelyPatterns                                  : loaded 2 times (x 67B)
Class ai.grazie.nlp.patterns.standard.StrictPatterns                                  : loaded 2 times (x 67B)
Class ai.grazie.nlp.patterns.AhoCorasickPattern$TrieNode                              : loaded 2 times (x 68B)
Class ai.grazie.nlp.tokenizer.NonDestructiveTokenizer                                 : loaded 2 times (x 66B)
Class ai.grazie.nlp.patterns.ext.AbbreviationPatterns$Ukrainian$1$1                   : loaded 2 times (x 91B)
Class ai.grazie.nlp.patterns.AhoCorasickPattern$AhoCorasickBuilder                    : loaded 2 times (x 68B)
Class ai.grazie.nlp.langs.alphabet.Alphabet$Group$1                                   : loaded 2 times (x 74B)
Class ai.grazie.nlp.patterns.Pattern$Before                                           : loaded 2 times (x 92B)
Class ai.grazie.nlp.langs.alphabet.Alphabet$Group$2                                   : loaded 2 times (x 74B)
Class ai.grazie.nlp.langs.alphabet.Alphabet$Group$3                                   : loaded 2 times (x 74B)
Class ai.grazie.nlp.langs.alphabet.Alphabet$Group$4                                   : loaded 2 times (x 74B)
Class kotlin.NotImplementedError                                                      : loaded 2 times (x 78B)
Class kotlin.Metadata                                                                 : loaded 2 times (x 66B)
Class kotlin.UninitializedPropertyAccessException                                     : loaded 2 times (x 78B)
Class ai.grazie.nlp.patterns.standard.LikelyPatterns$IsIBAN$1$1                       : loaded 2 times (x 91B)
Class ai.grazie.nlp.patterns.LambdaMatchPattern                                       : loaded 2 times (x 71B)
Class [Lai.grazie.nlp.patterns.Pattern;                                               : loaded 2 times (x 65B)
Class ai.grazie.nlp.langs.alphabet.Alphabet$Group$5                                   : loaded 2 times (x 74B)
Class ai.grazie.nlp.langs.LanguageISO$Companion$1                                     : loaded 2 times (x 74B)
Class ai.grazie.nlp.langs.alphabet.Alphabet$Group$6                                   : loaded 2 times (x 74B)
Class ai.grazie.nlp.patterns.Pattern$beforeWordBoundary$1                             : loaded 2 times (x 92B)
Class ai.grazie.nlp.langs.alphabet.Alphabet$Group$7                                   : loaded 2 times (x 74B)
Class ai.grazie.nlp.patterns.standard.LikelyPatterns$IsEmail$1                        : loaded 2 times (x 91B)
Class ai.grazie.nlp.langs.Language$Companion$all$2                                    : loaded 2 times (x 74B)
Class ai.grazie.nlp.langs.alphabet.Alphabet$Group$8                                   : loaded 2 times (x 74B)
Class kotlin.coroutines.intrinsics.IntrinsicsKt__IntrinsicsKt                         : loaded 2 times (x 67B)
Class kotlin.collections.CollectionsKt__CollectionsJVMKt                              : loaded 2 times (x 67B)
Class kotlin.collections.CollectionsKt__IteratorsKt                                   : loaded 2 times (x 67B)
Class ai.grazie.nlp.langs.LanguageISO                                                 : loaded 2 times (x 75B)
Class ai.grazie.nlp.patterns.ext.AbbreviationPatterns$UpperCaseSequence$1             : loaded 2 times (x 91B)
Class [Lai.grazie.nlp.patterns.AhoCorasickPattern$AhoCorasickBuilder$AutomataBuilderNode;: loaded 2 times (x 65B)
Class ai.grazie.nlp.patterns.standard.LikelyPatterns$IsFilePath$1$1                   : loaded 2 times (x 91B)
Class kotlin.enums.EnumEntries                                                        : loaded 2 times (x 66B)
Class ai.grazie.nlp.patterns.standard.LikelyPatterns$IsEncodedBinary$1                : loaded 2 times (x 74B)
Class ai.grazie.nlp.langs.alphabet.RegexAlphabet                                      : loaded 2 times (x 72B)
Class ai.grazie.nlp.patterns.AggregatedPattern                                        : loaded 2 times (x 91B)
Class ai.grazie.nlp.patterns.ext.AbbreviationPatterns$CaseDotVaryingAhoCorasickPattern: loaded 2 times (x 92B)
Class kotlin.collections.EmptyIterator                                                : loaded 2 times (x 85B)
Class ai.grazie.nlp.patterns.Pattern$before$1                                         : loaded 2 times (x 92B)
Class ai.grazie.utils.CollectionFactory                                               : loaded 2 times (x 67B)
Class ai.grazie.utils.mpp.Resources                                                   : loaded 2 times (x 67B)
Class ai.grazie.utils.mpp.StreamDataLoader                                            : loaded 2 times (x 66B)
Class com.jetbrains.rd.rdtext.intrinsics.RdTextChange                                 : loaded 2 times (x 71B)
Class ai.grazie.nlp.patterns.standard.LikelyPatterns$GeneratedId$1                    : loaded 2 times (x 91B)
Class ai.grazie.nlp.langs.alphabet.Alphabet$Group$Companion                           : loaded 2 times (x 67B)
Class ai.grazie.nlp.patterns.standard.StrictPatterns$IsNumber$1                       : loaded 2 times (x 74B)
Class ai.grazie.nlp.patterns.standard.LikelyPatterns$IsGermanNumeral$1                : loaded 2 times (x 91B)
Class kotlin.collections.CollectionsKt___CollectionsJvmKt                             : loaded 2 times (x 67B)
Class [Lai.grazie.nlp.langs.Language;                                                 : loaded 2 times (x 65B)
Class ai.grazie.nlp.langs.alphabet.Alphabet                                           : loaded 2 times (x 72B)
Class ai.grazie.nlp.patterns.Pattern$afterWordBoundary$1                              : loaded 2 times (x 89B)
Class ai.grazie.text.TextRange                                                        : loaded 2 times (x 67B)
Class ai.grazie.utils.mpp.DataLoader                                                  : loaded 2 times (x 66B)
Class kotlin.collections.CollectionsKt___CollectionsKt                                : loaded 2 times (x 67B)
Class kotlin.annotation.Target                                                        : loaded 2 times (x 66B)
Class kotlin.annotation.Retention                                                     : loaded 2 times (x 66B)
Class ai.grazie.utils.mpp.RootStreamDataLoader                                        : loaded 2 times (x 66B)
Class ai.grazie.nlp.patterns.standard.StrictPatterns$HasNumber$1                      : loaded 2 times (x 74B)
Class kotlin.collections.CollectionsKt__MutableCollectionsJVMKt                       : loaded 2 times (x 67B)
Class kotlin.enums.EnumEntriesKt                                                      : loaded 2 times (x 67B)
Class ai.grazie.nlp.patterns.ext.AbbreviationPatterns$Russian$1                       : loaded 2 times (x 91B)
Class kotlin.coroutines.intrinsics.IntrinsicsKt                                       : loaded 2 times (x 67B)
Class kotlin.jvm.internal.Intrinsics                                                  : loaded 2 times (x 67B)
Class ai.grazie.nlp.patterns.standard.LikelyPatterns$NameInitials$1                   : loaded 2 times (x 91B)
Class ai.grazie.utils.mpp.DataLoader$Path                                             : loaded 2 times (x 68B)
Class kotlin.collections.CollectionsKt__IterablesKt                                   : loaded 2 times (x 67B)
Class ai.grazie.nlp.patterns.standard.LikelyPatterns$TicketName$1                     : loaded 2 times (x 91B)
Class ai.grazie.nlp.patterns.standard.LikelyPatterns$IsOrdinalNumeral$1               : loaded 2 times (x 91B)
Class kotlin.KotlinNullPointerException                                               : loaded 2 times (x 79B)
Class ai.grazie.nlp.patterns.standard.LikelyPatterns$PunctuationOperator$1$1          : loaded 2 times (x 91B)
Class ai.grazie.nlp.tokenizer.sequence.CharSequenceTokenizer                          : loaded 2 times (x 66B)
Class ai.grazie.utils.mpp.FromResourcesDataLoader                                     : loaded 2 times (x 91B)
Class ai.grazie.nlp.patterns.RegexPattern                                             : loaded 2 times (x 91B)
Class kotlin.jvm.internal.markers.KMappedMarker                                       : loaded 2 times (x 66B)
Class ai.grazie.nlp.tokenizer.Tokenizer$Token                                         : loaded 2 times (x 68B)
Class ai.grazie.nlp.patterns.AhoCorasickPattern$AhoCorasickBuilder$AutomataBuilderNode: loaded 2 times (x 68B)
Class ai.grazie.nlp.langs.alphabet.SetBasedAlphabet                                   : loaded 2 times (x 72B)
Class kotlin.coroutines.jvm.internal.SuspendFunction                                  : loaded 2 times (x 66B)
Class ai.grazie.nlp.patterns.standard.LikelyPatterns$IsIPv4$1                         : loaded 2 times (x 91B)
Class kotlin.coroutines.intrinsics.IntrinsicsKt__IntrinsicsJvmKt                      : loaded 2 times (x 67B)
Class kotlin.collections.CollectionsKt                                                : loaded 2 times (x 67B)
Class ai.grazie.nlp.langs.Language                                                    : loaded 2 times (x 75B)
Class ai.grazie.DataHolder$data$2                                                     : loaded 2 times (x 74B)
Class ai.grazie.nlp.patterns.AhoCorasickPattern                                       : loaded 2 times (x 92B)

---------------  S Y S T E M  ---------------

OS:
 Windows 11 , 64 bit Build 22621 (10.0.22621.3672)
OS uptime: 0 days 3:37 hours

CPU: total 16 (initial active 16) (8 cores per cpu, 2 threads per core) family 6 model 167 stepping 1 microcode 0x40, cx8, cmov, fxsr, ht, mmx, 3dnowpref, sse, sse2, sse3, ssse3, sse4.1, sse4.2, popcnt, lzcnt, tsc, tscinvbit, avx, avx2, aes, erms, clmul, bmi1, bmi2, adx, avx512f, avx512dq, avx512cd, avx512bw, avx512vl, sha, fma, vzeroupper, avx512_vpopcntdq, avx512_vpclmulqdq, avx512_vaes, avx512_vnni, clflush, clflushopt, avx512_vbmi2, avx512_vbmi, rdtscp, rdpid, fsrm, gfni, avx512_bitalg, f16c, pku, avx512_ifma
Processor Information for all 16 processors :
  Max Mhz: 2496, Current Mhz: 2496, Mhz Limit: 2496

Memory: 4k page, system-wide physical 32605M (7078M free)
TotalPageFile size 57197M (AvailPageFile size 6032M)
current process WorkingSet (physical memory assigned to process): 2478M, peak: 2483M
current process commit charge ("private bytes"): 2190M, peak: 2196M

vm_info: OpenJDK 64-Bit Server VM (21.0.4+13-b509.26) for windows-amd64 JRE (21.0.4+13-b509.26), built on 2024-09-27 by "builduser" with MS VC++ 16.10 / 16.11 (VS2019)

END.
